frp,brightness,brightness_ti5,temp_delta_ti4_ti5,confidence,is_night,facility_distance_m,facility_type_encoded,persistence_score,anomaly_score,cluster_density_3km,historical_recurrence,target
12.33,362.41,334.56,27.84,0.87,1,53.2,3,0.978,0.311,3,8,1
45.14,370.39,340.91,29.49,0.894,1,287.4,1,0.976,0.252,2,8,1
11.87,367.61,337.53,30.09,0.895,1,151.5,1,0.734,0.465,2,10,1
8.8,327.42,312.52,14.9,0.74,0,11993.9,0,0.183,0.3,4,4,2
13.9,329.78,315.86,13.92,0.784,0,4003.7,0,0.127,0.169,13,3,2
42.92,380.87,342.8,38.06,0.946,1,1.7,2,0.945,0.479,4,8,1
20.09,349.02,317.97,31.05,0.883,1,26.1,3,0.908,0.509,5,11,1
22.47,335.64,318.09,17.55,0.968,0,236.4,3,0.435,0.84,4,2,0
10.01,309.18,293.23,15.94,0.716,1,4813.7,0,0.238,0.339,9,1,2
7.97,299.27,290.74,8.53,0.678,0,11725.8,0,0.058,0.12,6,0,2
14.21,365.82,343.82,22.0,1.0,1,330.4,2,0.902,0.353,2,15,1
26.94,318.16,303.64,14.52,0.629,0,6770.4,0,0.149,0.231,7,3,2
22.92,326.85,304.24,22.61,0.885,0,11491.9,0,0.208,0.271,4,2,2
9.1,330.36,324.18,6.18,0.866,0,6816.6,0,0.059,0.381,7,2,2
3.95,307.1,295.76,11.34,0.52,0,7407.2,0,0.079,0.307,7,1,2
13.94,301.14,284.1,17.04,0.547,1,8686.8,0,0.131,0.227,7,1,2
4.44,306.31,297.22,9.1,0.554,0,1877.7,0,0.293,0.37,1,0,5
5.72,322.3,306.96,15.34,0.734,0,7187.7,0,0.065,0.383,8,0,2
18.07,322.04,319.24,2.8,0.781,0,1771.6,0,0.085,0.416,9,0,2
14.44,354.85,320.59,34.27,0.872,1,61.1,1,0.704,0.398,2,12,1
12.29,329.18,315.11,14.07,0.572,0,7987.2,0,0.24,0.149,8,2,2
17.79,331.73,312.7,19.03,0.872,1,1515.9,7,0.726,0.61,4,4,3
44.74,386.94,364.21,22.73,0.799,1,9418.8,0,0.443,0.913,17,1,4
5.68,317.59,313.47,4.12,0.236,0,906.3,0,0.057,0.325,0,1,5
51.19,331.05,309.25,21.8,0.845,1,46.4,1,0.187,0.971,3,1,0
10.09,319.61,307.87,11.74,0.653,0,6826.5,0,0.09,0.244,5,2,2
11.04,297.32,290.32,6.99,0.348,1,3815.6,0,0.052,0.262,1,1,5
6.49,319.15,312.58,6.57,0.896,0,9833.4,0,0.079,0.409,7,3,2
38.36,377.43,362.67,14.76,0.843,1,88.5,5,0.23,0.869,5,0,0
4.85,305.99,289.72,16.27,0.781,0,6527.2,0,0.092,0.401,6,0,2
32.1,329.37,312.16,17.21,0.795,1,32.3,5,0.375,0.833,3,1,0
7.76,313.9,310.5,3.4,0.428,1,3151.3,0,0.177,0.102,0,1,5
81.83,355.53,332.21,23.32,0.951,1,10745.5,0,0.218,0.651,11,2,4
22.12,316.24,276.27,39.96,0.966,1,58.2,1,0.912,0.402,1,16,1
57.7,334.49,322.04,12.44,0.765,0,18944.6,0,0.458,0.918,13,2,4
83.98,335.32,313.46,21.87,0.915,0,110.0,1,0.212,0.729,2,3,0
20.73,334.68,319.83,14.86,0.802,1,566.3,4,0.4,0.509,5,6,3
6.8,325.59,324.14,1.45,0.635,0,2688.7,0,0.217,0.366,9,1,2
88.1,382.63,352.7,29.93,0.777,1,33.5,7,0.056,0.835,4,2,0
55.54,366.98,330.1,36.88,0.89,0,413.3,2,0.252,0.717,4,0,0
14.41,341.73,333.63,8.1,0.658,0,10449.2,0,0.1,0.375,5,3,2
28.73,359.41,332.14,27.28,0.951,0,51.3,1,0.737,0.315,2,16,1
23.89,349.09,331.05,18.03,0.619,0,1131.2,6,0.699,0.491,2,2,3
14.24,317.32,303.74,13.58,0.824,0,10669.1,0,0.239,0.142,9,0,2
25.36,315.23,304.99,10.24,0.608,0,2771.1,0,0.145,0.352,9,2,2
12.74,333.9,308.97,24.93,0.639,0,135.6,7,0.508,0.533,7,3,3
65.67,353.11,331.68,21.44,0.811,1,62.6,2,0.216,0.733,4,0,0
88.01,336.5,312.93,23.57,0.996,1,11396.0,0,0.238,0.824,15,3,4
14.12,291.8,272.38,19.42,0.721,0,10595.8,0,0.023,0.285,10,2,2
70.92,363.61,338.77,24.84,0.832,1,10458.3,0,0.121,0.661,13,1,4
10.12,317.65,307.1,10.56,0.811,0,10631.0,0,0.218,0.109,7,3,2
5.27,308.14,288.84,19.3,0.7,0,11193.7,0,0.123,0.147,7,2,2
7.29,330.54,325.19,5.35,0.742,0,3131.8,0,0.056,0.188,7,3,2
68.15,374.88,340.94,33.94,0.941,0,17987.0,0,0.192,0.749,13,2,4
91.76,330.67,307.12,23.55,0.985,0,741.7,5,0.314,0.906,1,0,0
2.07,301.34,298.88,2.46,0.47,1,4679.6,7,0.254,0.244,0,1,5
6.47,363.76,331.91,31.84,0.954,0,248.7,1,0.849,0.253,1,11,1
59.35,370.59,345.73,24.86,0.998,1,15407.6,0,0.242,0.786,14,0,4
5.34,311.79,308.57,3.22,0.48,0,2576.8,8,0.186,0.12,1,0,5
45.98,345.03,331.65,13.37,0.827,0,79.8,1,0.132,0.752,7,2,0
35.59,327.91,310.82,17.09,0.632,1,1378.4,6,0.756,0.456,4,6,3
16.42,338.5,304.04,34.46,0.905,0,162.9,1,0.855,0.509,1,16,1
61.26,348.33,320.61,27.72,0.824,1,75.9,1,0.449,0.91,3,0,0
12.13,321.35,308.81,12.54,0.622,0,7445.5,0,0.1,0.329,6,2,2
3.33,322.69,311.01,11.68,0.694,0,7001.1,0,0.06,0.175,8,2,2
2.08,315.66,307.6,8.06,0.434,0,5443.1,8,0.01,0.126,0,1,5
49.75,350.35,322.26,28.09,0.807,1,11290.3,0,0.28,0.88,12,2,4
22.16,328.44,310.51,17.93,0.843,0,1547.5,7,0.667,0.622,2,5,3
19.69,341.18,312.94,28.24,0.848,1,93.4,1,0.686,0.472,3,12,1
6.38,325.74,316.6,9.14,0.713,0,3718.8,0,0.083,0.312,7,2,2
19.59,303.15,283.65,19.5,0.803,0,4739.3,0,0.11,0.373,8,1,2
49.67,364.6,341.86,22.74,0.744,1,11.5,1,0.28,0.858,4,0,0
10.76,319.32,307.84,11.48,0.773,0,13023.5,0,0.139,0.355,8,0,2
5.65,321.41,306.2,15.21,0.541,0,10806.0,0,0.16,0.159,7,0,2
8.26,316.46,309.73,6.73,0.393,0,1034.5,0,0.196,0.248,1,0,5
18.53,332.56,296.81,35.75,0.973,0,26.2,1,0.853,0.26,1,10,1
34.81,342.5,330.86,11.64,0.977,1,2.5,2,0.378,0.918,3,3,0
20.56,324.07,301.26,22.81,0.614,0,136.4,6,0.528,0.673,3,4,3
20.23,333.28,290.97,42.31,0.875,1,182.2,1,0.716,0.413,4,15,1
24.03,319.58,306.85,12.74,0.887,0,1598.9,0,0.072,0.256,8,4,2
128.13,380.82,356.8,24.02,0.973,1,6437.8,0,0.447,0.781,13,1,4
25.8,315.16,303.52,11.64,0.839,0,5623.2,0,0.022,0.158,4,1,2
52.35,329.75,285.85,43.9,0.963,1,59.0,1,0.4,0.748,2,2,0
17.26,318.45,304.0,14.44,0.566,1,11067.1,0,0.106,0.211,8,1,2
35.33,381.8,362.65,19.15,0.847,1,142.5,2,0.42,0.902,2,3,0
62.13,346.2,315.35,30.86,0.986,1,10957.1,0,0.243,0.654,12,1,4
23.24,316.27,303.86,12.41,0.618,0,405.8,6,0.63,0.526,4,3,3
15.71,339.74,323.04,16.71,0.56,0,6704.1,0,0.038,0.278,7,3,2
35.99,341.7,298.13,43.57,0.893,0,177.8,1,0.868,0.333,1,17,1
48.32,353.13,322.2,30.93,0.769,0,68.1,1,0.159,0.759,3,2,0
7.98,328.95,314.95,14.0,0.78,0,11451.6,0,0.248,0.314,5,2,2
14.95,313.42,305.81,7.61,0.611,1,4340.9,0,0.229,0.332,7,3,2
26.26,318.14,289.18,28.96,0.721,1,34.2,1,0.075,0.776,4,3,0
92.55,342.35,311.11,31.24,0.854,1,13210.0,0,0.468,0.864,16,2,4
43.15,313.83,285.13,28.7,0.999,1,94.5,2,0.216,0.949,7,0,0
41.39,354.22,338.11,16.11,0.902,0,25.8,3,0.135,0.94,1,0,0
46.68,361.64,326.17,35.47,0.87,0,28.3,3,0.246,0.727,4,1,0
45.51,369.94,335.41,34.53,0.936,1,6501.6,0,0.152,0.934,12,1,4
60.63,371.78,336.87,34.91,0.98,1,3316.5,0,0.201,0.677,13,0,4
23.66,313.72,301.76,11.96,0.614,0,12074.4,0,0.12,0.376,6,1,2
28.75,337.57,298.29,39.29,0.88,0,117.6,3,0.223,0.89,3,1,0
42.85,356.12,323.78,32.33,0.802,0,361.2,1,0.422,0.834,4,1,0
5.01,319.58,307.64,11.94,0.583,0,7797.4,0,0.191,0.223,9,2,2
1.67,316.59,305.1,11.49,0.282,0,5363.8,0,0.197,0.306,0,0,5
65.5,352.0,323.01,28.99,0.848,0,13289.5,0,0.496,0.654,17,1,4
17.89,325.84,312.66,13.18,0.574,0,4795.4,0,0.223,0.106,4,0,2
10.77,301.74,294.32,7.42,0.841,0,4020.7,0,0.027,0.136,10,1,2
49.7,373.0,333.47,39.54,0.909,1,52.6,2,0.621,0.407,2,13,1
4.57,314.41,305.8,8.61,0.591,0,10067.5,0,0.03,0.355,6,2,2
65.9,381.57,340.69,40.88,0.807,1,90.7,2,0.614,0.405,1,14,1
68.36,350.24,309.54,40.7,0.857,0,228.3,1,0.279,0.86,3,1,0
39.47,347.85,323.24,24.61,0.739,0,291.0,4,0.566,0.544,6,2,3
14.87,352.63,316.76,35.87,0.986,1,170.4,1,0.952,0.212,1,11,1
63.8,340.6,313.0,27.61,0.946,1,42.8,1,0.315,0.97,4,2,0
6.93,318.28,303.66,14.62,0.658,1,11342.3,0,0.139,0.351,8,5,2
12.45,304.94,286.91,18.03,0.794,0,9070.8,0,0.036,0.425,5,1,2
6.01,305.35,300.59,4.76,0.233,0,3699.8,7,0.089,0.371,1,0,5
49.29,313.76,291.63,22.13,0.98,0,57.6,7,0.081,0.871,4,1,0
42.74,345.63,321.59,24.05,0.712,1,42.4,1,0.398,0.909,2,1,0
32.68,348.07,326.0,22.06,0.63,0,169.1,7,0.668,0.688,8,7,3
20.19,343.53,312.28,31.25,0.972,0,222.5,1,0.955,0.277,1,10,1
55.23,338.03,320.5,17.53,0.842,1,10659.5,0,0.185,0.73,10,1,4
99.8,354.81,323.9,30.91,0.846,1,16556.4,0,0.411,0.815,11,1,4
15.1,374.77,335.38,39.39,0.89,0,19.7,1,0.936,0.266,4,17,1
10.39,329.44,311.22,18.21,0.898,1,621.6,6,0.484,0.694,5,4,3
13.26,345.37,302.2,43.18,0.975,1,24.1,1,0.611,0.309,3,15,1
24.35,352.92,323.54,29.38,0.897,1,102.0,1,0.665,0.502,3,13,1
4.11,294.29,285.12,9.17,0.6,1,4238.1,7,0.191,0.052,2,1,5
11.89,314.92,301.85,13.08,0.568,0,10328.2,0,0.061,0.11,10,0,2
12.17,326.97,312.54,14.43,0.654,0,4714.1,0,0.105,0.113,4,2,2
41.37,340.55,328.91,11.64,0.73,0,182.0,7,0.503,0.56,4,6,3
38.94,345.05,309.19,35.85,0.968,1,10.2,5,0.065,0.803,2,1,0
17.74,308.86,293.25,15.61,0.583,0,11269.9,0,0.068,0.25,8,0,2
98.1,362.06,334.12,27.95,0.979,1,23065.8,0,0.323,0.946,13,4,4
14.54,335.79,318.84,16.96,0.61,1,4381.5,0,0.106,0.199,6,1,2
43.88,364.08,351.3,12.78,0.803,1,239.1,7,0.495,0.639,6,2,3
37.9,353.96,311.85,42.11,0.828,0,56.9,1,0.632,0.436,2,14,1
91.67,352.37,322.09,30.28,0.995,0,9477.0,0,0.277,0.702,12,0,4
21.79,323.93,317.8,6.14,0.719,0,3368.9,0,0.234,0.25,4,1,2
88.54,369.82,323.07,46.75,0.998,1,6580.3,0,0.415,0.929,10,1,4
72.84,354.64,339.19,15.45,0.869,1,21152.1,0,0.488,0.782,15,0,4
90.95,350.67,324.48,26.18,0.95,0,15652.3,0,0.146,0.831,13,0,4
6.72,323.2,310.08,13.12,0.684,0,4492.8,0,0.082,0.278,8,1,2
90.25,374.01,351.44,22.57,0.849,0,18238.0,0,0.439,0.68,14,0,4
36.44,369.49,323.28,46.2,0.816,1,76.1,1,0.927,0.208,2,9,1
13.81,363.67,337.8,25.87,0.823,0,4.4,3,0.83,0.327,4,6,1
39.43,333.0,291.67,41.33,0.983,0,184.7,5,0.274,0.771,2,1,0
27.13,335.62,303.57,32.04,0.922,1,280.4,1,0.877,0.428,3,13,1
168.67,379.4,354.92,24.48,0.983,0,15114.3,0,0.189,0.855,12,2,4
9.88,331.24,322.96,8.27,0.636,1,9950.3,0,0.098,0.318,5,1,2
16.01,363.24,345.63,17.61,0.938,0,17.1,1,0.798,0.488,3,12,1
12.79,313.38,307.27,6.11,0.561,0,2777.6,0,0.214,0.207,8,0,2
6.64,319.85,310.55,9.31,0.736,0,10039.4,0,0.133,0.178,3,3,2
19.12,322.89,310.03,12.86,0.759,0,7923.8,0,0.214,0.132,6,2,2
21.16,325.43,312.56,12.87,0.738,0,11196.3,0,0.026,0.375,10,0,2
18.76,333.21,296.5,36.71,0.903,1,242.0,3,0.784,0.344,3,7,1
84.33,395.15,361.98,33.17,0.912,0,21577.0,0,0.357,0.785,12,1,4
63.25,362.23,324.3,37.93,0.949,1,9796.4,0,0.288,0.692,13,1,4
41.67,343.01,313.76,29.25,0.862,0,149.8,2,0.069,0.947,3,0,0
37.84,340.87,320.79,20.08,0.95,1,37.0,2,0.421,0.717,2,1,0
64.44,371.39,331.92,39.48,0.983,0,6215.5,0,0.19,0.707,12,2,4
1.38,315.25,312.09,3.16,0.509,0,7742.1,0,0.249,0.285,1,1,5
29.96,350.83,326.62,24.22,0.985,1,179.9,2,0.167,0.792,5,1,0
13.12,358.42,315.4,43.02,0.914,0,26.8,1,0.786,0.456,2,11,1
15.11,309.42,299.51,9.91,0.706,0,5359.9,0,0.211,0.341,9,2,2
42.04,348.69,308.12,40.57,0.908,1,27.6,1,0.763,0.262,2,16,1
11.09,300.88,277.47,23.41,0.645,1,1195.2,7,0.458,0.693,3,4,3
45.66,312.48,293.9,18.57,0.712,1,574.9,6,0.692,0.426,4,4,3
4.23,333.2,325.93,7.28,0.556,1,4482.4,0,0.204,0.241,2,0,5
28.49,323.84,309.16,14.67,0.627,0,2178.9,7,0.793,0.395,2,7,3
13.49,311.29,299.5,11.8,0.542,0,3975.9,0,0.098,0.323,7,2,2
46.52,340.2,318.15,22.05,0.796,1,198.8,2,0.445,0.743,3,1,0
82.94,359.33,328.04,31.29,0.746,1,45.8,1,0.265,0.866,2,1,0
83.29,366.28,334.74,31.54,0.823,0,8340.1,0,0.397,0.763,11,0,4
75.85,359.47,334.05,25.43,0.879,1,26.4,2,0.369,0.847,2,3,0
48.74,336.65,306.71,29.94,0.807,0,21988.2,0,0.243,0.714,11,0,4
2.25,295.84,285.3,10.54,0.483,1,6327.4,0,0.162,0.312,0,1,5
7.78,315.94,305.98,9.96,0.646,0,12592.2,0,0.079,0.118,10,3,2
14.84,332.1,279.43,52.66,0.95,1,115.9,1,0.634,0.472,2,16,1
6.95,346.07,319.88,26.19,0.829,0,1385.1,4,0.752,0.411,3,1,3
36.75,351.62,335.61,16.0,0.75,1,251.3,7,0.544,0.583,3,5,3
10.56,329.86,318.86,11.0,0.675,0,12541.6,0,0.147,0.297,6,0,2
31.19,313.69,276.53,37.16,0.849,0,123.4,1,0.1,0.961,6,2,0
2.72,306.97,300.99,5.97,0.591,0,5401.0,0,0.184,0.218,1,0,5
9.42,311.19,297.35,13.84,0.754,0,13199.1,0,0.103,0.256,7,2,2
22.49,344.1,337.26,6.84,0.797,0,352.3,6,0.631,0.643,4,4,3
24.95,316.79,306.28,10.51,0.775,0,10227.2,0,0.212,0.312,8,2,2
28.36,369.5,326.46,43.04,0.887,1,171.5,1,0.867,0.373,2,12,1
34.76,362.51,339.44,23.07,0.826,0,24820.9,0,0.1,0.794,12,1,4
32.6,344.52,323.92,20.61,0.749,0,14.3,7,0.262,0.811,4,0,0
50.45,360.76,331.86,28.9,0.826,1,53.3,2,0.388,0.958,3,0,0
11.17,327.86,313.67,14.19,0.634,0,7193.7,0,0.157,0.153,15,1,2
28.81,336.92,310.52,26.41,0.944,1,235.4,1,0.337,0.89,2,0,0
38.03,332.91,318.96,13.95,0.751,1,195.9,2,0.316,0.719,5,1,0
22.8,318.68,309.28,9.4,0.896,1,11452.0,0,0.156,0.185,7,1,2
23.85,349.9,309.08,40.82,0.877,1,159.0,1,0.656,0.461,2,16,1
11.31,326.17,318.67,7.5,0.786,0,13517.1,0,0.157,0.159,10,0,2
28.47,341.0,312.52,28.48,0.92,0,119.1,2,0.785,0.261,1,7,1
8.57,305.59,293.37,12.22,0.744,0,8020.5,0,0.161,0.26,9,1,2
1.82,284.92,279.23,5.69,0.449,1,2076.2,0,0.02,0.214,2,3,5
13.35,302.4,289.29,13.11,0.876,0,3138.9,0,0.082,0.444,6,0,2
25.67,365.25,329.99,35.26,0.947,1,21.3,1,0.791,0.455,2,10,1
17.41,309.29,296.45,12.84,0.649,0,12283.1,0,0.073,0.214,9,0,2
56.95,335.66,314.54,21.12,0.71,1,39.4,3,0.306,0.959,4,3,0
21.04,349.81,333.15,16.65,0.759,1,2109.7,6,0.788,0.375,3,6,3
11.36,329.7,325.75,3.95,0.771,0,11113.5,0,0.065,0.344,9,1,2
8.82,311.53,303.09,8.44,0.507,0,14680.0,0,0.123,0.385,7,3,2
2.03,300.51,286.49,14.02,0.405,1,7058.3,0,0.256,0.397,1,0,5
1.47,328.35,321.68,6.67,0.59,0,7879.5,0,0.13,0.051,1,0,5
36.33,310.22,289.27,20.95,0.818,1,31.7,2,0.372,0.913,2,0,0
11.31,317.28,305.48,11.8,0.701,1,5134.2,0,0.064,0.147,10,2,2
4.53,316.47,302.01,14.46,0.727,1,9285.6,0,0.053,0.235,6,3,2
58.13,371.57,343.98,27.59,0.851,0,15665.1,0,0.341,0.835,11,0,4
8.09,334.07,323.47,10.6,0.871,0,2616.5,0,0.058,0.352,9,3,2
74.93,334.03,310.15,23.88,0.708,0,594.0,2,0.436,0.821,3,0,0
40.95,332.02,316.28,15.74,0.75,0,506.2,1,0.445,0.836,3,2,0
17.78,344.28,329.62,14.66,0.832,0,3407.6,0,0.024,0.148,5,0,2
4.94,322.92,310.77,12.15,0.657,0,9495.5,0,0.183,0.171,11,3,2
46.79,330.92,300.8,30.12,0.844,1,208.9,5,0.216,0.915,1,0,0
54.83,355.46,338.66,16.8,0.964,0,795.9,3,0.322,0.711,3,0,0
35.1,354.07,325.37,28.7,0.883,1,201.1,2,0.337,0.931,2,0,0
24.1,335.13,308.53,26.6,0.967,1,20.0,7,0.169,0.724,1,1,0
8.26,330.81,324.62,6.19,0.522,0,9139.0,0,0.238,0.424,11,3,2
5.31,307.82,298.98,8.83,0.482,1,4346.8,0,0.166,0.316,3,0,5
75.53,339.16,311.4,27.77,0.843,0,14593.0,0,0.146,0.835,16,2,4
87.57,316.44,288.73,27.71,0.975,0,102.5,3,0.315,0.807,3,2,0
8.89,309.68,300.25,9.42,0.544,0,3489.3,0,0.259,0.2,1,0,5
91.68,353.38,327.29,26.09,0.875,1,13102.4,0,0.263,0.862,9,3,4
37.4,357.85,319.73,38.11,0.916,1,5.0,1,0.7,0.253,2,10,1
9.22,321.46,313.85,7.6,0.618,0,12973.2,0,0.118,0.287,4,1,2
57.28,333.06,320.49,12.57,0.852,1,67.7,1,0.343,0.944,2,2,0
3.15,306.0,297.47,8.54,0.476,0,5107.0,7,0.207,0.077,1,0,5
18.17,316.68,300.7,15.98,0.825,0,9217.6,0,0.247,0.438,7,3,2
35.5,329.33,308.63,20.7,0.732,1,347.0,1,0.058,0.762,1,0,0
13.38,314.95,308.06,6.89,0.734,0,7257.7,0,0.21,0.325,11,3,2
8.84,336.02,319.98,16.03,0.522,0,10527.2,0,0.236,0.397,8,2,2
14.01,313.24,289.43,23.8,0.827,0,10696.3,0,0.191,0.415,7,0,2
72.29,328.14,296.08,32.06,0.895,1,145.1,1,0.329,0.805,5,1,0
21.99,313.05,305.39,7.66,0.631,0,14337.8,0,0.146,0.155,9,0,2
61.49,368.41,335.0,33.4,0.936,0,426.4,7,0.275,0.835,1,1,0
6.93,318.18,311.98,6.2,0.567,1,1290.9,0,0.236,0.355,2,0,5
18.12,341.26,324.29,16.97,0.641,1,283.6,6,0.594,0.519,2,2,3
36.88,349.02,321.64,27.38,0.74,1,285.3,1,0.092,0.741,4,3,0
4.04,306.93,300.18,6.75,0.231,0,7479.0,0,0.103,0.293,1,0,5
57.7,345.3,318.18,27.13,0.755,0,78.8,7,0.449,0.965,6,1,0
15.63,341.15,304.96,36.19,0.805,1,137.4,1,0.927,0.228,1,16,1
16.1,366.32,339.98,26.34,0.844,1,136.5,1,0.958,0.438,2,13,1
9.86,313.2,298.09,15.11,0.548,0,9051.4,0,0.091,0.143,5,1,2
1.16,301.36,293.79,7.58,0.325,1,3267.7,0,0.222,0.146,0,1,5
16.61,329.93,321.04,8.89,0.64,0,11782.2,0,0.148,0.272,8,1,2
49.82,364.81,343.02,21.79,0.922,1,59.1,5,0.167,0.955,3,2,0
8.56,320.53,303.06,17.48,0.505,0,10525.9,0,0.235,0.413,6,1,2
102.13,378.2,343.45,34.75,0.802,1,5009.0,0,0.131,0.773,11,1,4
47.38,361.71,332.63,29.08,0.824,1,49.7,1,0.96,0.348,1,10,1
55.42,350.86,326.07,24.79,0.854,1,105.6,2,0.261,0.711,3,2,0
79.9,426.46,390.35,36.11,0.975,1,20877.4,0,0.441,0.891,13,0,4
12.11,367.13,321.81,45.33,0.909,1,115.5,1,0.876,0.305,2,11,1
29.88,316.08,289.86,26.22,0.781,0,3.6,1,0.135,0.792,3,2,0
8.5,305.67,294.17,11.5,0.272,0,3217.8,0,0.13,0.239,0,0,5
5.39,317.63,316.97,0.65,0.401,0,1950.5,0,0.105,0.083,2,0,5
26.89,334.57,296.03,38.54,0.987,1,38.3,1,0.904,0.348,2,11,1
28.67,359.95,323.97,35.97,0.91,0,95.4,3,0.84,0.357,2,11,1
24.15,329.02,297.56,31.46,0.861,1,47.1,1,0.878,0.273,2,10,1
71.1,337.17,308.42,28.75,0.798,1,42.8,5,0.359,0.741,4,0,0
8.22,313.31,304.52,8.78,0.279,1,2539.8,0,0.268,0.384,0,0,5
10.0,340.64,301.23,39.41,0.985,1,51.5,1,0.724,0.232,1,14,1
1.83,303.88,297.6,6.28,0.322,1,5221.3,7,0.112,0.124,1,0,5
24.53,349.81,329.45,20.36,0.896,1,54.0,3,0.788,0.348,1,14,1
28.31,315.79,287.41,28.38,0.724,0,404.3,1,0.179,0.763,2,1,0
140.21,319.38,300.14,19.24,0.821,0,3859.1,0,0.376,0.767,12,0,4
9.68,316.17,299.47,16.7,0.535,0,3608.4,0,0.266,0.348,1,0,5
23.01,321.03,309.63,11.39,0.602,1,169.0,7,0.653,0.64,6,8,3
10.17,377.08,342.26,34.82,0.94,1,184.0,2,0.827,0.525,5,14,1
38.24,337.13,299.19,37.94,0.851,1,100.6,1,0.891,0.461,2,14,1
9.33,323.44,309.32,14.11,0.672,0,683.3,4,0.686,0.681,4,6,3
5.6,316.37,302.82,13.54,0.582,0,9257.9,0,0.14,0.161,9,1,2
4.93,306.58,293.1,13.48,0.898,0,10069.6,0,0.229,0.415,9,2,2
33.82,356.63,338.22,18.41,0.863,1,24.1,1,0.273,0.965,4,2,0
57.5,338.76,309.89,28.87,0.83,1,12819.6,0,0.114,0.875,12,1,4
7.41,331.54,323.49,8.05,0.605,0,14118.1,0,0.219,0.245,8,1,2
18.11,326.34,316.4,9.94,0.786,0,5968.8,0,0.178,0.326,7,1,2
42.57,330.74,308.13,22.61,0.89,0,155.5,3,0.33,0.911,5,0,0
67.14,360.62,337.98,22.64,0.908,1,18170.7,0,0.157,0.723,16,1,4
36.15,384.55,352.34,32.21,0.709,1,328.2,3,0.102,0.866,2,5,0
9.62,335.52,326.55,8.97,0.575,1,3923.3,0,0.295,0.105,2,0,5
46.28,359.19,337.06,22.12,0.848,1,675.8,7,0.193,0.739,2,0,0
18.7,319.05,307.1,11.95,0.674,0,2679.9,0,0.021,0.258,2,3,2
25.21,340.95,319.3,21.65,0.727,1,248.5,6,0.637,0.544,8,8,3
24.66,369.27,342.45,26.82,0.918,1,101.7,1,0.717,0.234,4,10,1
46.47,329.0,304.96,24.04,0.886,0,133.0,1,0.177,0.89,5,3,0
11.3,326.98,315.77,11.21,0.488,1,1897.4,0,0.219,0.348,1,0,5
7.59,318.8,280.97,37.83,0.915,1,298.8,1,0.715,0.257,3,12,1
26.04,339.09,305.66,33.44,0.98,1,8.9,1,0.911,0.481,5,19,1
2.97,316.34,309.42,6.92,0.586,1,4931.6,0,0.146,0.243,2,1,5
7.22,313.9,298.59,15.31,0.559,0,3290.9,0,0.08,0.325,14,2,2
7.3,306.6,290.97,15.63,0.599,0,7772.1,0,0.124,0.159,5,1,2
10.61,305.28,295.94,9.34,0.664,1,1649.3,0,0.136,0.334,6,1,2
81.82,351.92,324.48,27.44,0.819,0,12395.4,0,0.488,0.747,12,0,4
11.55,337.95,313.36,24.59,0.921,1,29.4,1,0.665,0.22,3,12,1
27.64,338.02,288.16,49.86,0.975,1,4.4,1,0.771,0.444,1,12,1
19.38,338.1,298.46,39.64,0.986,1,251.9,1,0.915,0.332,3,13,1
41.95,347.79,327.94,19.85,0.731,0,56.7,5,0.175,0.921,6,2,0
18.11,358.36,313.76,44.6,0.817,0,136.5,2,0.677,0.346,4,15,1
32.84,345.1,315.36,29.74,0.912,0,19.3,1,0.695,0.376,2,14,1
16.28,346.16,339.04,7.13,0.515,0,10995.0,0,0.174,0.131,10,2,2
141.55,369.07,329.33,39.74,0.893,1,9404.6,0,0.252,0.904,12,1,4
58.32,343.05,311.38,31.67,0.923,1,292.5,2,0.364,0.829,6,0,0
87.49,376.62,336.43,40.18,0.832,0,6860.8,0,0.356,0.794,14,0,4
97.16,329.15,293.35,35.79,0.91,0,126.4,1,0.327,0.885,1,2,0
32.19,354.66,339.68,14.97,0.932,1,54.5,1,0.236,0.96,2,0,0
10.42,302.85,286.55,16.3,0.799,0,4841.6,0,0.171,0.366,5,2,2
16.82,312.39,302.05,10.34,0.85,1,12871.5,0,0.042,0.147,6,0,2
16.61,319.93,311.52,8.41,0.694,0,12278.0,0,0.242,0.174,8,4,2
7.35,320.35,311.66,8.69,0.566,0,1555.8,0,0.283,0.25,2,0,5
23.4,353.78,318.55,35.22,0.992,1,405.7,3,0.344,0.781,3,1,0
10.29,305.75,291.96,13.79,0.679,0,10232.3,0,0.24,0.262,14,0,2
13.63,334.64,322.96,11.68,0.798,1,4384.3,0,0.215,0.15,5,3,2
10.3,369.78,339.9,29.88,0.899,1,83.7,3,0.956,0.298,2,10,1
44.63,327.5,296.61,30.89,0.755,0,4.0,3,0.104,0.831,3,1,0
56.69,319.02,289.89,29.12,0.72,0,50.5,5,0.216,0.902,3,3,0
42.54,359.17,338.88,20.28,0.869,1,404.9,3,0.34,0.854,5,1,0
64.0,343.61,331.21,12.39,0.943,1,256.3,2,0.079,0.798,6,0,0
8.09,316.58,312.17,4.41,0.415,0,5682.7,0,0.158,0.119,0,0,5
4.85,335.18,324.88,10.3,0.796,0,9376.4,0,0.204,0.298,8,2,2
56.39,315.57,295.81,19.76,0.946,0,16214.1,0,0.448,0.708,9,0,4
30.35,347.63,313.4,34.23,0.808,1,157.6,1,0.645,0.377,4,16,1
1.46,312.48,306.44,6.05,0.545,0,586.6,0,0.016,0.368,1,0,5
57.98,384.29,334.32,49.97,0.812,1,3705.9,0,0.144,0.767,12,0,4
2.85,301.35,288.17,13.18,0.436,0,3507.9,8,0.027,0.296,1,0,5
2.73,319.76,312.43,7.33,0.285,1,4570.5,0,0.259,0.334,1,0,5
8.95,293.21,289.71,3.5,0.415,0,2052.9,0,0.079,0.183,4,2,5
19.96,313.37,286.5,26.87,0.848,0,56.4,3,0.101,0.715,5,1,0
101.47,352.75,318.73,34.02,0.916,1,21430.0,0,0.406,0.693,11,2,4
7.04,328.41,315.84,12.57,0.602,1,6619.4,0,0.108,0.184,6,2,2
39.82,328.99,311.18,17.82,0.864,0,717.3,6,0.47,0.608,5,6,3
22.74,377.76,344.64,33.12,0.88,0,74.2,3,0.905,0.272,3,10,1
14.52,331.67,291.37,40.3,0.998,1,38.4,1,0.765,0.501,2,10,1
16.85,363.37,334.15,29.22,0.896,1,600.5,1,0.815,0.277,2,10,1
24.56,326.0,309.37,16.63,0.831,1,2223.4,7,0.721,0.66,4,6,3
6.97,313.42,307.49,5.93,0.343,1,4655.5,0,0.233,0.301,2,1,5
90.62,359.1,349.57,9.53,0.773,1,24786.1,0,0.497,0.699,8,0,4
19.26,328.77,320.52,8.24,0.618,0,7160.9,0,0.203,0.293,8,1,2
36.69,362.29,326.47,35.82,0.865,1,17.1,1,0.685,0.372,4,9,1
12.94,307.51,298.56,8.95,0.533,0,6797.8,0,0.04,0.351,7,5,2
6.63,306.96,280.96,26.0,0.628,0,1989.1,6,0.449,0.634,6,4,3
12.18,335.79,323.33,12.46,0.777,1,9581.6,0,0.116,0.321,14,1,2
83.87,341.62,314.04,27.58,0.808,1,148.5,5,0.126,0.944,3,0,0
4.02,288.67,284.22,4.45,0.462,1,646.8,0,0.172,0.192,1,1,5
2.18,312.73,310.93,1.8,0.236,0,7418.9,0,0.067,0.329,2,0,5
16.7,319.32,297.43,21.89,0.67,0,947.2,6,0.413,0.53,4,4,3
15.61,319.87,314.36,5.51,0.563,0,14546.9,0,0.167,0.298,4,2,2
29.59,334.36,326.99,7.37,0.705,0,6467.9,0,0.115,0.157,6,0,2
9.94,289.27,283.71,5.57,0.592,1,5707.7,0,0.081,0.222,0,0,5
45.4,338.11,319.13,18.98,0.817,1,165.6,3,0.206,0.837,4,2,0
30.06,334.04,314.69,19.35,0.705,0,328.8,6,0.549,0.668,5,4,3
22.78,368.1,334.9,33.19,0.831,1,96.0,2,0.934,0.364,2,8,1
20.51,306.87,293.82,13.06,0.516,0,3637.4,0,0.022,0.372,6,1,2
67.43,352.88,322.49,30.39,0.814,0,10825.9,0,0.331,0.673,11,3,4
87.72,383.33,357.33,26.0,0.77,0,9555.3,0,0.319,0.822,10,0,4
15.58,299.67,287.98,11.7,0.308,0,1847.9,0,0.048,0.192,0,0,5
22.57,334.99,318.52,16.47,0.847,1,212.6,4,0.73,0.658,1,1,3
8.72,307.27,296.64,10.63,0.726,0,4321.1,0,0.25,0.219,13,1,2
10.57,317.82,304.67,13.15,0.879,0,13166.9,0,0.154,0.394,11,1,2
2.73,308.54,299.96,8.58,0.481,0,6216.5,0,0.12,0.071,1,1,5
9.95,334.96,300.58,34.38,0.94,1,125.5,1,0.815,0.364,2,11,1
51.62,349.82,320.22,29.59,0.899,1,58.8,1,0.641,0.249,3,13,1
18.15,339.68,310.69,28.99,0.896,1,271.5,2,0.211,0.971,5,0,0
10.51,285.32,277.65,7.66,0.501,0,10566.7,0,0.202,0.214,7,2,2
12.1,318.4,304.49,13.92,0.758,1,8965.3,0,0.184,0.375,7,1,2
12.8,307.18,302.73,4.45,0.388,1,6456.2,0,0.214,0.093,4,0,5
21.86,309.1,298.86,10.24,0.517,0,2563.2,0,0.19,0.194,8,1,2
14.05,312.77,301.69,11.08,0.684,0,10831.1,0,0.156,0.237,3,0,2
3.91,319.16,313.86,5.31,0.617,1,9430.6,0,0.211,0.116,2,3,2
155.61,362.32,333.1,29.22,0.921,1,17672.0,0,0.154,0.806,10,0,4
20.24,310.35,284.07,26.27,0.839,0,542.8,6,0.594,0.689,8,8,3
32.4,310.43,290.94,19.49,0.654,0,307.7,6,0.74,0.632,2,3,3
24.78,347.89,319.51,28.38,0.745,1,19.9,5,0.257,0.808,1,2,0
42.16,362.38,331.31,31.07,0.99,1,14.5,2,0.866,0.274,3,18,1
17.4,377.13,331.88,45.25,0.927,0,40.2,3,0.67,0.261,2,12,1
6.07,292.98,284.04,8.94,0.279,1,5009.8,0,0.162,0.083,2,1,5
34.91,355.77,326.34,29.43,0.928,0,250.7,2,0.409,0.75,3,1,0
47.22,367.15,337.13,30.02,0.761,1,59.5,3,0.246,0.905,4,2,0
25.54,345.05,328.19,16.86,0.835,1,382.8,7,0.652,0.409,5,2,3
23.05,358.4,334.13,24.28,0.857,0,55.7,2,0.299,0.823,3,0,0
80.34,370.3,340.36,29.94,0.762,1,9145.9,0,0.216,0.779,14,2,4
146.34,356.48,314.38,42.1,0.898,0,6049.6,0,0.367,0.703,16,1,4
54.17,349.68,315.81,33.88,0.895,0,15360.0,0,0.182,0.691,8,1,4
25.51,319.49,305.87,13.62,0.608,0,196.6,6,0.662,0.418,2,7,3
19.03,343.99,327.92,16.07,0.667,0,6939.5,0,0.216,0.45,7,2,2
56.39,331.12,310.69,20.43,0.999,0,183.7,5,0.319,0.802,8,1,0
14.51,317.76,305.29,12.47,0.902,0,199.7,6,0.417,0.566,5,2,3
6.25,320.25,302.13,18.12,0.534,1,10353.4,0,0.028,0.103,7,0,2
22.56,368.0,345.31,22.69,0.692,0,1546.2,6,0.473,0.665,2,9,3
56.0,324.55,298.16,26.39,0.935,0,161.1,3,0.406,0.934,5,0,0
8.86,328.44,320.09,8.35,0.605,0,12346.5,0,0.215,0.29,9,1,2
54.33,385.12,363.77,21.35,0.801,1,8771.5,0,0.495,0.928,13,1,4
31.2,349.37,312.06,37.31,0.816,1,43.4,1,0.901,0.432,3,9,1
139.95,401.84,367.56,34.28,0.964,1,24035.3,0,0.173,0.941,10,0,4
3.87,316.71,310.77,5.94,0.551,0,1105.0,0,0.257,0.084,0,1,5
12.37,312.63,295.51,17.12,0.663,0,3176.7,0,0.216,0.289,11,0,2
47.12,333.29,304.63,28.66,0.724,1,1.8,1,0.373,0.916,4,3,0
69.89,348.16,316.26,31.91,0.915,1,417.6,1,0.431,0.707,4,1,0
18.73,333.15,307.19,25.96,0.869,1,12.8,2,0.097,0.872,3,1,0
6.27,310.55,303.51,7.04,0.242,0,3799.8,0,0.141,0.06,0,0,5
25.18,362.55,341.71,20.85,0.916,0,40.0,2,0.44,0.895,5,1,0
71.12,341.91,322.83,19.08,0.904,1,31.9,1,0.41,0.893,6,2,0
84.33,358.95,322.27,36.69,0.761,0,13833.7,0,0.483,0.904,11,0,4
21.95,344.93,300.65,44.28,0.815,1,18.4,1,0.869,0.486,3,14,1
72.99,360.94,313.67,47.27,0.775,0,24589.5,0,0.158,0.899,14,2,4
45.01,344.89,317.47,27.42,0.799,1,49.4,1,0.102,0.736,2,1,0
11.01,309.59,292.54,17.05,0.612,1,5192.9,0,0.144,0.175,15,3,2
46.46,335.22,315.94,19.27,0.973,1,196.9,1,0.097,0.704,2,1,0
2.39,308.33,303.12,5.21,0.4,0,2373.1,7,0.123,0.327,1,1,5
88.07,362.52,333.41,29.11,0.781,1,3664.1,0,0.404,0.779,8,1,4
26.34,363.88,339.0,24.88,0.857,1,28.3,2,0.642,0.513,3,10,1
7.68,286.52,282.16,4.35,0.515,0,2166.0,0,0.185,0.227,0,0,5
16.64,333.85,319.75,14.1,0.765,0,12341.2,0,0.026,0.325,10,1,2
35.0,359.86,330.86,29.0,0.844,1,611.6,1,0.676,0.531,3,15,1
9.63,335.17,325.05,10.12,0.781,0,14161.2,0,0.114,0.223,5,2,2
6.76,320.48,312.73,7.75,0.506,0,7643.1,0,0.111,0.122,2,1,5
68.65,349.0,326.87,22.13,0.802,1,12.2,1,0.266,0.921,5,0,0
12.73,326.4,319.08,7.32,0.676,0,12446.6,0,0.151,0.369,9,0,2
20.87,340.61,310.15,30.46,0.899,1,127.9,1,0.929,0.491,4,13,1
37.25,340.51,322.29,18.22,0.941,0,176.9,2,0.144,0.844,6,2,0
14.27,312.11,300.06,12.06,0.309,1,3706.4,7,0.035,0.051,2,0,5
15.65,322.17,315.4,6.77,0.876,0,9313.6,0,0.096,0.334,14,2,2
21.82,339.29,313.27,26.02,0.89,1,9.5,1,0.247,0.787,3,0,0
17.17,337.22,317.81,19.41,0.854,0,1149.2,6,0.405,0.584,4,4,3
28.62,351.38,338.54,12.85,0.829,1,153.9,1,0.718,0.474,9,14,1
5.42,314.79,307.29,7.5,0.372,0,6587.6,0,0.242,0.352,0,1,5
59.3,354.61,330.11,24.5,0.753,0,382.6,5,0.399,0.843,3,1,0
21.78,308.3,293.61,14.69,0.897,0,481.8,6,0.75,0.581,5,7,3
44.56,325.47,312.65,12.82,0.601,0,1779.6,7,0.509,0.445,2,8,3
11.99,319.91,297.78,22.12,0.603,0,134.9,6,0.758,0.355,5,3,3
49.15,361.79,326.7,35.09,0.788,0,14.5,2,0.112,0.806,3,1,0
77.25,383.36,357.85,25.51,0.852,1,11259.2,0,0.217,0.721,12,0,4
140.7,378.76,349.38,29.38,0.872,1,4374.0,0,0.343,0.818,15,0,4
8.28,317.33,300.22,17.11,0.834,0,7188.0,0,0.186,0.275,8,1,2
23.06,310.65,299.36,11.28,0.791,1,2186.1,0,0.206,0.123,6,2,2
17.77,323.16,317.6,5.55,0.724,1,220.9,6,0.841,0.637,2,2,3
9.87,308.9,303.87,5.02,0.618,0,11353.1,0,0.031,0.393,7,3,2
119.77,354.99,328.59,26.41,0.816,1,4543.2,0,0.228,0.807,18,1,4
9.17,313.77,306.32,7.45,0.592,1,5616.6,0,0.13,0.213,2,2,5
65.68,418.78,381.17,37.61,0.995,1,19501.3,0,0.491,0.879,9,1,4
20.49,322.07,312.32,9.74,0.509,1,6274.8,0,0.169,0.165,10,0,2
36.0,353.62,324.78,28.85,0.858,1,80.8,3,0.91,0.274,3,13,1
18.22,361.24,320.94,40.29,0.864,0,239.9,1,0.688,0.37,1,12,1
75.93,358.66,333.32,25.33,0.702,0,141.6,2,0.23,0.812,6,2,0
105.89,349.9,316.05,33.85,0.908,1,20608.1,0,0.102,0.662,10,0,4
14.04,320.77,307.27,13.5,0.433,0,6280.5,0,0.286,0.268,2,0,5
3.46,305.22,302.47,2.75,0.276,1,1548.3,7,0.214,0.235,1,1,5
17.09,362.86,335.56,27.3,0.993,1,102.1,2,0.688,0.441,2,9,1
9.41,342.53,329.49,13.05,0.719,0,6405.1,0,0.122,0.22,8,3,2
8.1,368.86,329.05,39.82,0.859,1,10.4,1,0.753,0.465,4,11,1
6.03,319.53,303.24,16.29,0.599,0,8638.3,0,0.052,0.246,5,1,2
3.93,307.09,301.89,5.2,0.58,0,4227.7,0,0.196,0.258,2,4,5
117.55,339.57,311.8,27.77,0.999,1,13517.6,0,0.241,0.67,12,3,4
15.23,309.51,299.18,10.33,0.485,0,4360.8,0,0.299,0.399,1,0,5
86.73,316.58,285.8,30.78,0.932,1,517.0,1,0.141,0.968,3,0,0
11.7,297.78,281.2,16.58,0.851,0,10843.9,0,0.062,0.101,5,1,2
35.17,369.23,339.93,29.3,0.918,1,134.2,1,0.416,0.96,2,4,0
81.3,378.71,342.04,36.66,0.989,1,13061.1,0,0.191,0.74,15,1,4
5.53,305.86,292.16,13.69,0.687,0,3930.0,0,0.143,0.101,8,1,2
34.46,339.51,318.34,21.17,0.906,1,4116.2,6,0.429,0.676,1,8,3
39.58,340.37,325.38,14.99,0.96,1,244.4,2,0.188,0.804,2,2,0
27.34,379.75,347.95,31.8,0.897,0,61.6,1,0.705,0.288,1,12,1
87.07,374.49,366.39,8.1,0.937,0,19498.2,0,0.129,0.804,17,2,4
85.41,360.16,335.72,24.44,0.76,0,15839.3,0,0.101,0.916,13,0,4
3.96,305.41,295.26,10.15,0.737,0,13966.7,0,0.165,0.216,10,1,2
13.86,301.56,295.07,6.5,0.375,0,6682.8,0,0.036,0.168,0,0,5
31.29,339.93,325.25,14.68,0.891,1,1087.2,4,0.433,0.372,5,6,3
8.87,303.96,292.46,11.5,0.605,0,2035.3,0,0.071,0.372,6,1,2
26.94,365.95,319.3,46.64,0.883,1,355.3,1,0.823,0.503,7,10,1
33.2,342.67,313.77,28.9,0.925,1,2.6,1,0.908,0.369,1,11,1
20.23,353.82,324.04,29.78,0.851,0,129.0,1,0.607,0.346,2,14,1
12.19,341.87,310.86,31.02,0.985,1,272.9,1,0.862,0.417,6,8,1
36.47,350.86,331.22,19.64,0.924,1,22.9,1,0.761,0.304,2,11,1
7.28,297.7,283.22,14.48,0.681,1,4242.6,0,0.044,0.375,8,0,2
44.95,329.58,304.41,25.17,0.944,1,160.9,2,0.221,0.972,3,2,0
37.19,375.06,340.69,34.37,0.991,1,105.7,1,0.765,0.231,5,8,1
19.39,312.01,298.99,13.02,0.877,0,8256.1,0,0.065,0.373,6,1,2
24.15,349.06,310.89,38.17,0.804,1,25.6,1,0.837,0.505,4,11,1
17.24,328.8,304.95,23.85,0.649,0,255.1,7,0.569,0.351,3,6,3
86.59,388.97,360.32,28.65,0.831,1,5498.9,0,0.263,0.797,14,0,4
2.43,303.16,290.65,12.51,0.215,0,4006.2,8,0.214,0.27,0,0,5
42.57,369.9,339.33,30.56,0.826,1,292.0,1,0.089,0.846,4,4,0
96.9,340.21,292.33,47.88,0.839,1,5018.9,0,0.269,0.919,14,0,4
2.97,310.49,304.08,6.41,0.322,1,2256.8,0,0.068,0.331,3,1,5
7.63,337.91,319.09,18.82,0.913,1,1130.2,7,0.435,0.453,2,3,3
37.37,366.07,324.29,41.77,0.883,0,39.5,1,0.93,0.539,3,10,1
41.42,350.04,321.31,28.73,0.983,0,111.8,7,0.243,0.942,3,0,0
22.87,339.61,318.8,20.81,0.816,1,759.2,6,0.708,0.515,6,4,3
18.82,356.09,335.48,20.61,0.802,1,550.8,6,0.827,0.545,6,7,3
3.54,294.21,286.26,7.95,0.337,1,6616.3,0,0.059,0.106,1,0,5
28.81,355.21,311.5,43.71,0.848,1,13.4,3,0.755,0.543,3,8,1
30.87,302.16,278.66,23.51,0.916,1,0.9,7,0.255,0.896,4,0,0
30.59,324.97,282.65,42.31,0.85,1,67.1,1,0.776,0.241,2,10,1
27.29,345.36,329.56,15.81,0.949,0,142.8,3,0.394,0.962,4,3,0
29.63,355.88,328.06,27.82,0.729,0,5.3,2,0.315,0.733,5,1,0
28.23,324.26,310.53,13.73,0.541,0,10154.2,0,0.109,0.129,9,2,2
17.82,332.71,286.17,46.54,0.82,1,137.9,2,0.842,0.375,4,12,1
10.1,314.51,304.6,9.91,0.726,1,11737.1,0,0.242,0.343,8,3,2
28.02,345.06,321.61,23.45,0.803,1,198.5,1,0.604,0.364,2,12,1
28.81,342.07,306.47,35.61,0.927,0,51.5,1,0.653,0.498,1,11,1
34.12,349.84,310.85,38.99,0.938,1,164.5,1,0.691,0.285,2,11,1
19.84,344.5,326.9,17.6,0.642,0,340.4,7,0.645,0.496,3,1,3
8.27,306.6,294.05,12.55,0.674,0,7824.1,0,0.12,0.321,9,4,2
35.36,347.32,316.18,31.14,0.844,0,1.5,1,0.729,0.444,2,12,1
7.08,327.14,319.47,7.67,0.83,0,6744.2,0,0.096,0.216,12,4,2
11.77,332.67,321.35,11.32,0.826,0,12991.9,0,0.197,0.122,10,0,2
42.51,374.27,352.29,21.98,0.947,0,322.1,2,0.388,0.821,4,1,0
42.15,331.8,310.82,20.98,0.921,0,127.0,1,0.434,0.938,4,0,0
17.48,354.09,308.73,45.36,0.831,0,119.6,1,0.905,0.223,3,14,1
6.77,311.65,297.72,13.93,0.712,0,6583.5,0,0.192,0.298,10,1,2
10.33,328.77,319.21,9.56,0.501,0,9673.8,0,0.113,0.438,8,2,2
4.41,301.3,288.82,12.48,0.773,0,8573.3,0,0.189,0.272,7,2,2
17.05,309.07,284.96,24.11,0.751,1,861.3,6,0.507,0.55,3,4,3
12.81,349.51,336.9,12.61,0.744,0,7511.1,0,0.219,0.271,8,1,2
7.01,310.1,303.24,6.86,0.68,0,12111.7,0,0.048,0.35,4,1,2
23.04,324.15,309.05,15.1,0.798,0,7602.4,0,0.213,0.393,4,4,2
6.86,321.04,317.4,3.64,0.672,0,12573.1,0,0.232,0.393,7,0,2
38.39,374.07,341.69,32.38,0.9,0,295.1,2,0.092,0.923,2,1,0
13.17,308.58,298.31,10.27,0.51,1,11482.9,0,0.025,0.341,8,2,2
46.66,332.29,309.4,22.89,0.996,0,25.1,1,0.285,0.718,5,1,0
50.56,377.84,348.91,28.92,0.833,1,61.9,3,0.372,0.773,5,1,0
31.91,329.66,309.62,20.04,0.919,0,164.1,6,0.54,0.555,3,5,3
14.57,323.72,314.97,8.75,0.575,0,4166.6,0,0.056,0.423,12,1,2
1.43,312.47,305.02,7.45,0.289,1,1242.6,0,0.222,0.207,1,0,5
86.46,356.8,327.03,29.77,0.839,1,15343.0,0,0.342,0.797,14,0,4
18.24,303.25,280.75,22.5,0.84,0,2382.2,0,0.171,0.311,8,2,2
71.39,367.9,346.24,21.67,0.846,1,17246.9,0,0.32,0.741,14,2,4
8.03,294.08,283.07,11.01,0.354,0,1142.4,0,0.061,0.073,0,0,5
13.54,340.29,317.44,22.85,0.91,1,125.5,6,0.706,0.379,4,2,3
42.75,332.91,305.44,27.46,0.833,0,69.3,5,0.326,0.903,3,0,0
10.74,309.19,302.03,7.15,0.325,1,2972.2,0,0.187,0.337,1,0,5
4.72,330.23,311.63,18.6,0.699,1,2939.7,0,0.193,0.29,12,1,2
75.62,319.42,302.51,16.92,0.712,1,238.3,6,0.543,0.385,5,1,3
10.81,326.58,313.47,13.11,0.812,0,4784.6,0,0.102,0.139,15,2,2
3.38,329.12,321.37,7.75,0.302,0,7286.9,7,0.113,0.302,0,0,5
20.42,339.07,289.78,49.29,0.965,0,29.5,2,0.886,0.221,2,14,1
46.81,379.19,333.5,45.69,0.856,1,272.0,2,0.894,0.415,3,12,1
52.7,366.58,333.59,32.99,0.911,1,18825.5,0,0.405,0.761,9,3,4
17.92,318.75,302.01,16.74,0.782,0,6405.7,0,0.035,0.423,7,2,2
63.01,370.14,344.63,25.51,0.98,0,6027.6,0,0.269,0.692,10,2,4
2.75,282.92,270.97,11.95,0.396,1,7597.4,0,0.065,0.112,2,0,5
10.0,369.57,319.91,49.66,0.887,1,599.9,3,0.869,0.257,3,14,1
14.45,317.27,306.27,11.01,0.88,0,14361.5,0,0.098,0.222,6,1,2
8.25,319.63,309.65,9.98,0.856,0,7208.3,0,0.141,0.21,12,2,2
8.77,309.15,301.41,7.74,0.776,0,5268.5,0,0.206,0.195,9,1,2
8.34,318.33,302.35,15.98,0.515,0,9698.5,0,0.237,0.249,6,0,2
75.97,379.67,354.8,24.87,0.963,1,5704.3,0,0.244,0.894,9,0,4
15.16,350.19,310.92,39.27,0.871,0,179.2,1,0.626,0.352,2,8,1
3.7,315.77,309.47,6.3,0.387,0,1537.1,0,0.175,0.328,1,1,5
19.52,328.46,304.32,24.15,0.735,0,437.4,6,0.735,0.597,6,6,3
62.53,360.0,320.61,39.39,0.999,0,70.6,1,0.408,0.908,3,1,0
20.0,292.87,271.32,21.54,0.719,1,923.6,7,0.513,0.383,3,4,3
26.52,360.94,335.25,25.69,0.734,1,169.2,2,0.421,0.846,3,1,0
21.69,305.46,288.32,17.15,0.904,0,505.8,6,0.83,0.573,2,4,3
15.1,322.45,302.49,19.96,0.864,1,246.4,6,0.601,0.511,4,7,3
11.78,317.99,305.02,12.97,0.613,0,3836.9,0,0.121,0.162,6,2,2
8.48,301.51,292.67,8.84,0.23,0,5195.9,0,0.236,0.386,1,1,5
59.83,346.68,315.17,31.51,0.843,1,204.6,1,0.447,0.814,3,0,0
55.54,349.4,319.22,30.18,0.735,1,123.8,1,0.293,0.926,4,1,0
1.95,319.6,314.46,5.14,0.288,0,6104.5,0,0.082,0.368,0,0,5
2.87,310.79,297.43,13.36,0.228,1,6424.8,0,0.192,0.382,0,2,5
6.25,305.81,295.43,10.38,0.425,0,7206.3,0,0.06,0.327,0,0,5
52.27,346.77,326.9,19.87,0.765,1,106.2,3,0.311,0.79,3,1,0
29.72,341.35,316.68,24.67,0.744,0,827.6,1,0.419,0.979,2,0,0
9.97,314.35,296.31,18.04,0.597,0,8470.9,0,0.145,0.255,3,1,2
6.6,306.1,296.11,9.99,0.663,0,5214.0,0,0.06,0.358,7,3,2
16.29,323.61,315.02,8.59,0.779,0,4337.0,0,0.227,0.13,5,2,2
28.06,332.35,303.86,28.5,0.903,1,403.4,2,0.873,0.368,2,10,1
91.38,348.62,325.75,22.87,0.864,1,36.4,3,0.135,0.872,5,1,0
21.92,331.92,322.3,9.62,0.793,0,9068.1,0,0.16,0.195,5,2,2
4.66,308.62,298.11,10.51,0.327,1,4610.2,0,0.042,0.144,1,0,5
41.74,339.54,323.45,16.08,0.606,0,1147.8,6,0.835,0.496,6,4,3
9.09,330.5,322.62,7.88,0.873,0,5388.6,0,0.128,0.124,12,0,2
39.11,383.24,354.9,28.35,0.764,1,239.7,2,0.422,0.806,2,1,0
4.66,349.59,338.27,11.32,0.807,0,8081.2,0,0.243,0.405,8,4,2
40.94,353.12,328.33,24.79,0.937,1,8.9,2,0.915,0.365,4,12,1
42.46,344.84,306.33,38.51,0.803,1,38.6,2,0.675,0.354,3,10,1
17.31,322.79,294.96,27.82,0.875,0,286.3,7,0.445,0.418,6,4,3
14.25,321.32,309.21,12.11,0.836,0,7142.6,0,0.247,0.389,11,1,2
24.97,328.14,310.75,17.39,0.64,0,11881.4,0,0.031,0.366,7,1,2
68.77,361.88,336.91,24.97,0.814,0,277.7,3,0.204,0.707,2,2,0
2.83,305.32,294.56,10.76,0.501,1,879.6,0,0.236,0.373,1,0,5
16.06,351.47,329.13,22.34,0.878,1,3.6,1,0.908,0.522,3,9,1
128.21,344.0,312.31,31.69,0.765,1,13477.2,0,0.285,0.847,17,1,4
27.15,370.01,318.78,51.23,0.893,0,191.3,1,0.644,0.418,2,19,1
35.43,308.18,296.95,11.23,0.641,1,234.7,6,0.836,0.675,6,1,3
25.37,340.22,322.41,17.81,0.707,0,982.8,6,0.475,0.532,2,1,3
3.79,316.23,307.11,9.11,0.642,0,4381.6,0,0.109,0.339,7,2,2
39.97,348.34,328.29,20.05,0.952,0,334.2,2,0.137,0.737,2,0,0
22.25,359.42,329.34,30.09,0.807,0,379.8,2,0.723,0.434,3,16,1
31.7,362.52,329.31,33.21,0.888,1,118.0,1,0.888,0.469,4,13,1
13.19,336.94,322.23,14.71,0.749,1,431.3,6,0.525,0.53,3,5,3
80.14,357.21,333.07,24.15,0.902,1,3611.4,0,0.465,0.778,11,1,4
9.48,302.84,290.51,12.34,0.483,1,1729.3,0,0.23,0.256,0,1,5
5.72,316.14,306.32,9.82,0.771,0,8545.0,0,0.137,0.392,7,1,2
15.84,325.33,308.93,16.4,0.786,1,220.7,6,0.509,0.535,2,6,3
11.91,304.63,293.78,10.85,0.585,1,14045.7,0,0.094,0.22,7,2,2
5.22,327.58,313.53,14.05,0.761,0,9292.6,0,0.133,0.191,7,2,2
13.32,315.7,294.13,21.57,0.758,1,1025.0,6,0.531,0.659,5,4,3
7.05,311.85,302.2,9.65,0.708,1,5730.8,0,0.242,0.252,10,1,2
8.82,310.17,305.43,4.74,0.416,1,6172.4,7,0.255,0.352,1,0,5
28.26,354.16,323.6,30.55,0.71,0,181.7,3,0.349,0.902,4,1,0
14.19,311.51,301.56,9.95,0.557,0,13238.6,0,0.163,0.247,7,4,2
13.35,313.74,302.1,11.65,0.583,0,2019.7,0,0.028,0.154,7,0,2
84.41,318.18,296.17,22.01,0.826,1,1508.5,6,0.557,0.371,3,3,3
76.49,382.94,370.67,12.27,0.758,0,8383.1,0,0.375,0.858,12,1,4
1.42,307.71,296.57,11.15,0.295,0,6679.8,0,0.103,0.322,1,0,5
7.69,308.48,302.19,6.28,0.312,1,793.3,7,0.158,0.328,0,1,5
70.17,371.07,336.95,34.12,0.73,0,58.2,2,0.442,0.719,4,1,0
12.95,322.92,309.74,13.19,0.508,1,9787.4,0,0.204,0.276,10,1,2
4.99,333.97,325.11,8.86,0.787,0,13159.6,0,0.025,0.14,7,0,2
2.34,323.82,318.91,4.91,0.53,0,7606.1,0,0.264,0.146,1,0,5
49.38,333.99,305.41,28.57,0.846,1,31.4,3,0.17,0.759,6,1,0
11.35,318.61,304.32,14.29,0.676,0,8581.2,0,0.211,0.187,9,1,2
30.98,338.75,325.25,13.51,0.8,1,941.2,6,0.521,0.369,2,4,3
27.22,365.22,336.16,29.06,0.933,1,287.5,2,0.176,0.857,6,1,0
36.67,321.43,290.97,30.46,0.874,1,134.9,3,0.769,0.295,1,12,1
120.05,381.79,357.45,24.34,0.908,0,4095.9,0,0.166,0.78,13,1,4
55.99,335.02,316.11,18.92,0.968,0,232.0,1,0.286,0.835,5,1,0
5.02,304.48,296.42,8.06,0.418,0,5788.5,8,0.299,0.205,1,0,5
14.5,332.72,322.02,10.7,0.835,0,11696.3,0,0.029,0.152,10,1,2
4.61,322.1,304.62,17.48,0.881,0,6749.3,0,0.197,0.277,11,3,2
82.9,343.81,326.08,17.73,0.86,0,73.9,1,0.075,0.977,3,3,0
79.5,305.16,268.11,37.05,0.918,1,21087.9,0,0.265,0.876,16,3,4
6.24,306.22,295.72,10.5,0.522,0,11923.3,0,0.086,0.412,10,2,2
6.97,319.19,304.45,14.74,0.666,0,11214.1,0,0.103,0.1,9,1,2
85.84,362.83,342.45,20.38,0.847,1,13612.3,0,0.468,0.734,11,1,4
57.44,328.14,307.15,20.99,0.771,1,113.6,2,0.354,0.743,6,1,0
34.3,342.46,318.25,24.21,0.778,0,231.4,1,0.286,0.872,4,0,0
7.93,320.66,306.9,13.76,0.727,0,7769.4,0,0.129,0.157,4,0,2
36.03,322.0,298.21,23.78,0.893,1,112.9,4,0.543,0.479,4,0,3
5.92,315.94,307.29,8.66,0.86,0,9018.6,0,0.032,0.282,12,0,2
122.53,370.46,334.91,35.55,0.873,1,24578.9,0,0.112,0.733,16,0,4
29.57,320.11,309.49,10.62,0.582,0,9722.8,0,0.238,0.197,4,1,2
32.69,329.95,311.53,18.42,0.736,1,122.4,2,0.278,0.815,3,0,0
60.25,340.31,305.0,35.31,0.956,1,121.2,2,0.216,0.72,5,1,0
12.41,330.85,316.44,14.41,0.871,0,14486.8,0,0.066,0.433,6,0,2
93.76,343.85,316.87,26.97,0.961,1,150.7,3,0.401,0.813,6,1,0
19.5,347.57,325.76,21.81,0.83,1,211.9,6,0.839,0.636,4,2,3
44.48,377.65,344.4,33.25,0.873,1,23354.9,0,0.37,0.924,8,3,4
84.94,407.22,366.74,40.48,0.921,1,24389.7,0,0.435,0.721,8,3,4
91.8,356.19,321.05,35.14,0.811,1,7150.0,0,0.401,0.771,9,0,4
49.66,351.52,344.18,7.35,0.799,1,311.3,3,0.115,0.906,4,0,0
27.49,373.78,348.41,25.37,0.955,1,6.9,1,0.95,0.374,5,11,1
18.88,361.08,325.85,35.23,0.907,1,105.1,3,0.911,0.259,5,15,1
35.42,354.11,333.48,20.63,0.763,0,144.7,2,0.399,0.862,4,2,0
7.55,313.01,302.2,10.81,0.387,1,5946.3,7,0.195,0.127,1,1,5
6.86,323.49,314.14,9.34,0.518,1,2083.8,0,0.228,0.118,17,4,2
3.34,304.11,302.32,1.79,0.564,0,7318.9,0,0.246,0.273,0,0,5
4.77,321.13,309.93,11.2,0.832,0,5890.6,0,0.13,0.15,7,3,2
8.42,305.05,292.65,12.4,0.826,1,11149.8,0,0.172,0.106,11,2,2
39.96,314.23,286.88,27.35,0.72,0,22.1,1,0.354,0.836,6,1,0
26.35,347.82,311.24,36.58,0.931,1,171.1,1,0.814,0.295,3,13,1
22.76,384.87,353.78,31.09,0.893,1,44.1,2,0.867,0.315,3,10,1
17.43,313.42,303.31,10.12,0.818,0,9796.1,0,0.235,0.162,10,1,2
27.71,330.54,317.61,12.93,0.671,0,476.9,7,0.508,0.599,4,1,3
9.46,320.89,308.01,12.88,0.586,0,9383.1,0,0.192,0.401,11,2,2
26.72,380.16,351.03,29.12,0.878,1,152.5,1,0.097,0.867,2,1,0
30.0,348.28,311.52,36.76,0.887,1,105.0,1,0.749,0.528,4,11,1
9.97,309.98,300.89,9.09,0.858,0,6583.4,0,0.059,0.199,12,3,2
6.34,325.73,310.43,15.3,0.573,0,9973.7,0,0.18,0.422,10,3,2
12.99,333.88,314.26,19.62,0.639,0,913.9,7,0.569,0.657,4,4,3
78.96,327.19,309.82,17.37,0.777,1,4908.8,0,0.161,0.9,13,3,4
31.04,353.63,309.67,43.96,0.925,1,25.2,1,0.608,0.52,2,10,1
30.83,361.2,338.09,23.1,0.99,0,229.9,3,0.138,0.84,4,1,0
21.19,340.93,311.12,29.81,0.811,1,410.7,6,0.599,0.388,6,7,3
12.0,282.87,263.84,19.03,0.808,1,327.2,6,0.665,0.521,3,1,3
46.14,331.91,323.89,8.02,0.933,0,105.4,2,0.197,0.847,5,0,0
25.66,354.93,323.76,31.17,0.762,0,26.5,7,0.4,0.867,3,2,0
56.56,354.68,329.4,25.29,0.803,1,484.0,1,0.425,0.893,1,0,0
10.96,287.95,273.77,14.18,0.573,0,11033.9,0,0.066,0.361,11,0,2
18.09,309.99,296.94,13.05,0.506,0,2191.4,0,0.23,0.225,6,0,2
42.15,346.43,319.56,26.87,0.957,1,47.4,1,0.311,0.838,6,2,0
18.07,363.28,335.86,27.42,0.881,1,148.1,1,0.814,0.46,4,16,1
31.72,362.39,343.01,19.38,0.893,0,180.3,5,0.118,0.961,4,2,0
9.43,303.9,294.29,9.62,0.565,1,5784.9,0,0.191,0.202,6,2,2
113.54,348.01,310.3,37.72,0.932,0,4585.6,0,0.461,0.776,16,0,4
78.29,363.6,329.55,34.04,0.886,1,16.4,1,0.6,0.504,2,8,1
6.8,299.81,292.81,7.0,0.356,0,4788.1,0,0.225,0.268,3,1,5
2.58,321.27,309.16,12.11,0.693,0,14287.2,0,0.075,0.184,8,0,2
60.69,301.16,272.06,29.1,0.877,0,101.5,1,0.445,0.857,3,1,0
8.44,314.85,305.1,9.75,0.248,1,3886.4,0,0.202,0.368,3,0,5
85.38,374.3,349.28,25.02,0.768,0,18021.6,0,0.177,0.885,8,1,4
15.42,309.83,299.61,10.22,0.677,0,2041.6,0,0.128,0.225,5,0,2
49.09,336.54,302.54,33.99,0.789,1,17.6,1,0.095,0.752,7,1,0
17.68,310.99,298.5,12.49,0.753,0,2276.6,0,0.194,0.124,8,2,2
27.38,315.66,304.26,11.4,0.88,0,1987.5,0,0.212,0.153,10,3,2
96.21,399.63,388.62,11.01,0.809,1,12608.0,0,0.29,0.808,10,0,4
4.58,322.5,312.91,9.59,0.349,0,7404.1,0,0.062,0.072,2,1,5
17.58,373.44,345.43,28.0,0.84,0,1.9,2,0.752,0.208,3,14,1
3.04,321.46,308.23,13.24,0.209,0,507.4,0,0.17,0.324,0,0,5
104.03,377.16,345.33,31.82,0.839,1,23077.1,0,0.409,0.656,14,2,4
37.14,340.73,304.49,36.23,0.729,1,115.5,1,0.224,0.812,3,1,0
12.27,303.81,296.82,6.99,0.58,1,7475.9,0,0.086,0.165,2,0,5
25.38,347.27,330.07,17.2,0.81,1,1455.2,6,0.513,0.514,6,3,3
69.56,362.52,338.38,24.13,0.751,0,13806.5,0,0.425,0.866,16,0,4
18.36,366.04,322.17,43.87,0.881,1,35.0,1,0.918,0.514,1,15,1
21.85,359.7,337.56,22.14,0.881,1,94.3,2,0.066,0.95,3,0,0
8.9,321.36,316.6,4.76,0.299,0,6963.4,0,0.255,0.113,1,2,5
4.55,312.35,299.93,12.42,0.256,0,7340.4,0,0.285,0.372,1,1,5
5.5,316.39,302.36,14.03,0.514,0,11659.0,0,0.056,0.413,8,1,2
127.91,383.05,355.2,27.86,0.768,1,18354.3,0,0.164,0.879,6,0,4
38.58,325.25,299.72,25.53,0.863,1,88.1,3,0.068,0.715,4,1,0
31.73,332.96,313.62,19.34,0.765,0,1215.2,6,0.403,0.37,5,8,3
138.95,338.46,296.89,41.58,0.919,1,16996.2,0,0.391,0.69,14,1,4
25.58,362.11,335.27,26.84,0.979,0,467.5,1,0.604,0.5,2,17,1
30.97,351.3,328.37,22.93,0.88,0,243.6,1,0.315,0.744,3,0,0
1.82,298.59,285.68,12.91,0.247,0,5731.4,0,0.208,0.385,1,1,5
82.33,359.44,338.81,20.63,0.845,1,59.6,1,0.42,0.716,5,1,0
12.48,310.32,304.85,5.46,0.548,1,1898.4,0,0.262,0.346,1,0,5
7.25,314.03,299.94,14.09,0.592,0,5683.5,0,0.199,0.189,10,1,2
14.7,332.31,289.13,43.17,0.884,1,10.9,1,0.941,0.276,4,13,1
5.1,327.48,317.26,10.22,0.808,0,5056.2,0,0.024,0.136,10,0,2
42.39,320.29,304.3,15.99,0.764,0,368.5,6,0.574,0.532,5,6,3
10.66,313.52,304.55,8.98,0.785,0,251.4,6,0.694,0.369,5,4,3
26.6,351.75,322.29,29.46,0.934,1,5.1,1,0.698,0.262,1,15,1
27.48,329.43,312.03,17.41,0.9,0,660.4,6,0.724,0.571,5,6,3
19.84,355.85,339.55,16.31,0.879,0,1109.9,6,0.73,0.672,6,5,3
7.2,300.49,287.03,13.47,0.413,1,1080.2,0,0.102,0.238,0,0,5
13.17,303.26,292.07,11.19,0.742,1,759.2,6,0.416,0.671,6,3,3
14.19,354.13,344.16,9.96,0.549,0,11548.0,0,0.167,0.421,6,3,2
45.54,377.05,353.09,23.96,0.783,1,438.2,1,0.299,0.877,3,1,0
17.97,340.43,294.61,45.82,0.929,0,37.0,1,0.903,0.274,2,10,1
46.46,372.33,344.29,28.04,0.853,0,351.7,1,0.439,0.733,3,0,0
5.39,311.32,300.43,10.9,0.892,0,6213.3,0,0.068,0.332,10,0,2
16.99,353.36,319.41,33.96,0.84,1,71.1,1,0.845,0.455,1,8,1
13.32,307.1,293.12,13.99,0.724,0,3487.0,0,0.062,0.296,10,1,2
21.17,321.22,307.38,13.84,0.9,1,4349.5,0,0.241,0.219,12,1,2
14.62,381.23,353.38,27.85,0.807,1,204.0,1,0.829,0.273,3,10,1
6.88,292.72,282.68,10.04,0.292,0,1390.2,7,0.033,0.109,1,0,5
39.77,324.75,309.01,15.75,0.992,0,764.1,7,0.448,0.833,3,0,0
7.93,291.08,286.49,4.59,0.716,0,12093.4,0,0.167,0.434,6,4,2
34.12,369.82,343.06,26.76,0.74,0,37.4,3,0.287,0.851,3,0,0
26.77,320.74,309.51,11.23,0.542,0,7369.0,0,0.03,0.285,7,1,2
32.13,340.57,310.07,30.51,0.978,0,133.1,2,0.805,0.318,4,6,1
8.42,332.6,323.72,8.88,0.693,0,14208.2,0,0.243,0.191,9,2,2
39.27,333.51,314.83,18.68,0.744,1,934.2,6,0.817,0.479,5,4,3
24.24,314.88,294.93,19.95,0.849,0,10352.5,0,0.203,0.434,11,1,2
96.35,382.4,361.71,20.69,0.934,0,20574.9,0,0.207,0.69,14,2,4
28.01,330.89,321.29,9.6,0.69,0,240.8,6,0.741,0.46,5,3,3
38.93,358.89,331.95,26.94,0.778,0,371.1,5,0.124,0.925,3,0,0
7.17,310.5,297.1,13.4,0.524,0,6690.0,0,0.111,0.193,11,1,2
12.07,304.88,291.91,12.97,0.549,0,6087.6,0,0.25,0.413,9,2,2
19.33,297.81,283.12,14.69,0.843,0,9450.3,0,0.186,0.176,6,0,2
14.54,315.59,297.58,18.01,0.658,0,2474.8,6,0.422,0.639,6,6,3
21.4,314.9,309.76,5.14,0.55,0,4560.2,0,0.024,0.148,10,2,2
6.63,320.29,301.14,19.15,0.659,0,5942.3,0,0.03,0.103,7,1,2
49.02,306.92,298.91,8.01,0.79,0,10287.6,0,0.034,0.422,10,0,2
8.5,319.94,304.22,15.72,0.517,0,2158.1,0,0.223,0.184,8,1,2
8.38,337.06,329.56,7.5,0.592,0,7738.1,0,0.156,0.416,12,0,2
12.39,326.6,310.72,15.88,0.83,0,9613.9,0,0.056,0.386,10,2,2
17.37,305.99,295.38,10.61,0.524,0,1215.3,0,0.246,0.133,1,1,5
3.51,312.01,301.54,10.47,0.382,0,6798.5,8,0.152,0.193,1,1,5
33.46,359.37,316.81,42.56,0.835,1,209.1,1,0.754,0.399,2,9,1
23.09,353.35,325.86,27.49,0.91,0,25.2,1,0.966,0.21,5,13,1
21.7,354.81,319.19,35.62,0.986,0,27.4,1,0.733,0.425,3,14,1
9.03,340.55,332.51,8.04,0.555,0,4840.2,0,0.115,0.189,8,2,2
5.74,309.06,298.69,10.36,0.592,0,8161.0,0,0.041,0.135,7,1,2
80.97,365.37,342.43,22.94,0.811,0,17608.0,0,0.349,0.828,11,1,4
8.17,306.12,296.39,9.72,0.466,1,4299.5,8,0.109,0.273,2,1,5
14.57,364.77,318.95,45.82,0.803,1,19.0,1,0.657,0.369,1,6,1
8.99,307.23,300.37,6.86,0.222,0,1392.0,0,0.118,0.218,2,0,5
18.49,336.08,306.77,29.31,0.86,1,408.2,1,0.142,0.73,2,1,0
13.21,315.35,303.62,11.73,0.706,1,5993.1,0,0.052,0.325,11,2,2
11.33,326.0,308.97,17.04,0.63,1,1482.2,6,0.778,0.556,8,3,3
19.83,329.83,310.23,19.6,0.798,1,587.1,6,0.508,0.668,10,3,3
54.13,359.44,331.81,27.63,0.865,0,23263.4,0,0.265,0.809,14,1,4
3.18,316.21,305.89,10.32,0.363,1,1171.0,0,0.221,0.164,0,0,5
34.32,338.67,327.95,10.72,0.66,1,829.6,6,0.817,0.39,5,9,3
18.34,333.79,324.55,9.25,0.875,0,11373.3,0,0.073,0.133,8,2,2
26.47,357.88,317.36,40.52,0.829,1,201.4,1,0.661,0.303,1,14,1
15.44,341.34,334.51,6.84,0.784,0,2145.6,0,0.097,0.329,6,1,2
14.11,311.0,296.95,14.05,0.832,0,10334.1,0,0.049,0.157,9,3,2
4.67,333.34,323.41,9.93,0.644,0,13701.5,0,0.046,0.1,6,2,2
5.79,306.9,294.73,12.16,0.313,0,3358.3,7,0.024,0.086,0,0,5
56.95,379.33,362.9,16.44,0.829,0,7721.6,0,0.498,0.652,7,1,4
5.61,309.74,299.83,9.91,0.454,1,3285.5,7,0.278,0.317,0,0,5
51.19,338.65,315.4,23.26,0.741,0,10.1,3,0.385,0.805,3,0,0
3.98,343.55,334.45,9.1,0.227,1,5330.7,0,0.025,0.082,1,0,5
150.02,380.71,341.16,39.55,0.793,1,3345.6,0,0.316,0.706,18,0,4
1.52,301.76,292.88,8.87,0.309,1,5724.0,7,0.036,0.086,2,0,5
20.51,303.93,294.13,9.8,0.712,0,9675.1,0,0.209,0.45,5,1,2
35.16,342.04,301.6,40.44,0.72,1,42.4,5,0.132,0.753,1,1,0
14.7,320.71,301.81,18.9,0.681,1,401.7,6,0.429,0.597,4,6,3
37.28,362.36,342.15,20.21,0.828,0,21.2,3,0.157,0.93,2,2,0
62.01,341.24,313.04,28.2,0.84,0,15.3,1,0.061,0.877,3,0,0
17.83,328.25,304.19,24.06,0.624,1,133.9,7,0.663,0.655,5,5,3
31.16,326.78,295.42,31.36,0.775,1,152.6,5,0.412,0.703,2,1,0
104.01,384.26,344.7,39.56,0.776,1,16747.0,0,0.289,0.653,13,0,4
38.83,388.0,351.94,36.06,0.891,1,670.2,2,0.179,0.923,3,0,0
34.08,376.87,336.58,40.29,0.89,1,356.7,3,0.851,0.531,2,11,1
11.9,322.09,310.27,11.82,0.791,1,113.2,4,0.418,0.693,7,3,3
21.83,330.37,314.19,16.18,0.502,0,2304.1,0,0.114,0.139,5,1,2
5.84,295.69,285.54,10.16,0.266,1,3270.5,7,0.024,0.293,2,0,5
99.65,374.26,337.11,37.15,0.77,0,9751.4,0,0.203,0.793,8,0,4
8.07,290.67,271.06,19.61,0.527,0,3573.1,0,0.157,0.25,7,2,2
3.18,327.6,322.22,5.37,0.484,0,6054.5,7,0.21,0.186,2,0,5
8.33,312.43,304.12,8.31,0.672,0,1866.9,0,0.064,0.349,6,2,2
15.46,300.59,292.62,7.97,0.76,0,1634.7,0,0.18,0.35,12,0,2
6.41,315.49,304.9,10.59,0.682,0,11034.5,0,0.095,0.318,2,3,2
7.5,310.09,296.83,13.26,0.808,0,4019.3,0,0.245,0.181,6,1,2
43.27,351.88,321.94,29.93,0.73,1,170.3,2,0.218,0.948,3,6,0
29.13,371.26,357.6,13.66,0.792,0,153.6,2,0.155,0.913,2,2,0
113.99,327.26,308.08,19.18,0.821,1,10.2,2,0.083,0.743,3,1,0
16.41,363.88,327.85,36.04,0.813,1,187.1,1,0.663,0.356,5,10,1
12.25,310.17,295.97,14.2,0.783,0,14337.8,0,0.183,0.156,6,0,2
22.58,364.1,322.24,41.87,0.816,0,267.7,2,0.979,0.289,2,9,1
3.58,328.32,316.14,12.18,0.762,0,3271.9,0,0.182,0.145,9,4,2
8.27,313.04,298.79,14.25,0.761,0,8167.4,0,0.054,0.134,7,2,2
24.09,311.28,297.81,13.47,0.68,0,8463.2,0,0.162,0.242,6,0,2
118.14,379.71,352.26,27.45,0.94,1,20533.1,0,0.355,0.729,11,2,4
22.43,345.55,325.18,20.37,0.906,0,129.1,7,0.065,0.84,4,2,0
3.92,328.7,320.74,7.96,0.272,1,1617.6,7,0.228,0.061,2,1,5
2.41,292.5,284.1,8.4,0.379,0,2799.3,7,0.246,0.306,1,1,5
27.68,358.2,342.79,15.41,0.694,0,262.2,6,0.802,0.477,3,2,3
13.91,327.56,314.91,12.64,0.702,0,875.3,7,0.794,0.443,5,6,3
8.06,355.37,312.64,42.74,0.919,1,53.0,2,0.846,0.435,2,11,1
15.5,307.3,297.66,9.64,0.603,1,1669.0,0,0.159,0.163,6,0,2
28.8,351.6,319.28,32.32,0.94,1,132.8,2,0.646,0.383,3,6,1
10.07,312.22,299.59,12.63,0.562,1,1807.3,0,0.168,0.149,8,0,2
10.03,338.95,326.97,11.98,0.787,0,413.7,7,0.701,0.577,3,4,3
3.28,319.76,315.0,4.77,0.896,0,1758.3,0,0.05,0.412,11,1,2
12.1,339.71,335.18,4.53,0.538,1,6673.3,0,0.111,0.185,4,2,2
5.16,315.57,305.53,10.04,0.21,0,1517.4,7,0.145,0.288,3,0,5
102.07,360.1,333.75,26.35,0.937,1,6086.7,0,0.339,0.782,12,1,4
33.85,324.67,306.29,18.38,0.845,0,1198.0,6,0.531,0.566,3,4,3
31.74,364.55,332.27,32.28,0.907,1,349.4,2,0.767,0.367,2,9,1
30.07,329.14,307.94,21.21,0.715,1,344.9,6,0.726,0.466,4,5,3
4.39,295.17,285.63,9.54,0.217,0,6831.1,7,0.136,0.133,0,1,5
16.99,321.78,307.38,14.4,0.758,0,12005.8,0,0.068,0.421,10,0,2
13.97,331.88,311.25,20.63,0.889,1,4317.4,0,0.091,0.319,8,0,2
16.06,347.93,331.07,16.87,0.626,1,579.4,6,0.601,0.427,5,6,3
35.51,315.0,292.01,22.99,0.885,0,223.5,6,0.544,0.598,1,6,3
15.52,336.51,307.62,28.9,0.845,0,160.3,3,0.746,0.217,4,14,1
20.2,337.82,317.07,20.75,0.866,0,505.8,6,0.664,0.646,1,5,3
18.26,296.33,273.11,23.22,0.915,0,179.3,6,0.74,0.685,4,3,3
6.11,328.45,309.38,19.07,0.567,0,12709.1,0,0.073,0.323,8,0,2
68.47,364.48,338.67,25.8,0.965,0,127.5,2,0.23,0.951,3,4,0
126.65,400.79,375.5,25.3,0.8,0,13498.4,0,0.187,0.812,9,1,4
4.36,337.02,327.13,9.9,0.78,0,9319.9,0,0.142,0.229,11,3,2
95.91,359.82,333.14,26.68,0.867,1,14104.8,0,0.172,0.904,12,3,4
10.93,336.06,319.34,16.72,0.676,0,13863.2,0,0.092,0.449,6,1,2
47.68,334.62,314.05,20.57,0.822,0,285.0,2,0.118,0.775,2,2,0
6.44,339.92,323.65,16.27,0.541,1,1960.1,0,0.244,0.211,9,1,2
22.16,356.69,331.55,25.13,0.994,1,381.9,1,0.952,0.263,2,13,1
8.24,334.58,326.24,8.34,0.854,1,7606.9,0,0.079,0.312,8,2,2
24.47,332.03,316.87,15.16,0.882,0,13574.4,0,0.153,0.364,7,0,2
10.7,339.52,318.53,21.0,0.758,1,235.2,6,0.49,0.433,3,5,3
38.91,353.68,313.59,40.09,0.839,1,13.2,2,0.838,0.231,2,9,1
67.28,343.84,326.12,17.72,0.859,1,13.7,2,0.261,0.845,3,1,0
53.57,317.59,304.3,13.29,0.84,1,66.5,1,0.074,0.892,4,1,0
7.15,321.32,308.73,12.59,0.686,0,4309.3,0,0.023,0.3,9,4,2
42.09,358.07,322.9,35.17,0.844,1,17.0,1,0.877,0.369,2,14,1
7.6,338.76,329.46,9.3,0.512,0,4159.1,0,0.104,0.369,7,1,2
16.52,317.94,310.75,7.19,0.506,1,6066.5,0,0.084,0.3,8,0,2
18.82,318.28,311.01,7.26,0.558,0,2948.8,0,0.147,0.137,8,2,2
6.39,304.7,298.15,6.55,0.775,0,11051.5,0,0.128,0.347,11,1,2
66.52,342.75,312.38,30.37,0.951,0,18240.5,0,0.146,0.735,15,0,4
36.66,294.8,266.12,28.68,0.857,0,754.7,6,0.449,0.365,3,4,3
3.76,315.82,305.87,9.96,0.274,1,2846.8,8,0.274,0.357,1,1,5
4.56,299.83,286.62,13.21,0.874,0,13579.7,0,0.144,0.132,9,0,2
60.59,336.99,314.59,22.41,0.73,1,5.7,5,0.105,0.736,5,1,0
10.35,315.97,305.34,10.63,0.899,0,4792.4,0,0.173,0.156,11,2,2
50.0,342.88,316.69,26.18,0.879,1,395.9,2,0.303,0.744,4,1,0
136.92,351.31,318.42,32.89,0.88,1,4914.4,0,0.424,0.903,10,1,4
12.55,337.18,303.33,33.85,0.921,1,41.9,1,0.895,0.322,2,13,1
24.71,345.01,327.12,17.89,0.739,0,503.4,6,0.793,0.632,10,6,3
4.0,314.12,308.72,5.4,0.207,1,2699.0,0,0.182,0.181,0,2,5
12.4,347.28,317.45,29.83,0.875,1,76.0,3,0.765,0.27,3,16,1
66.06,383.49,368.4,15.09,0.747,1,432.6,2,0.162,0.739,6,0,0
3.88,288.08,277.89,10.19,0.253,0,6477.2,0,0.03,0.126,1,1,5
6.74,331.85,323.27,8.58,0.683,0,9784.0,0,0.035,0.357,7,3,2
5.66,317.35,308.91,8.43,0.415,1,6664.8,8,0.27,0.108,1,0,5
17.22,344.06,301.14,42.92,0.989,1,151.2,1,0.706,0.366,3,13,1
37.29,337.12,315.85,21.28,0.73,1,1011.5,6,0.671,0.472,2,2,3
18.01,369.9,354.56,15.34,0.781,0,1929.8,6,0.41,0.616,3,4,3
9.63,310.13,304.26,5.87,0.531,0,14471.0,0,0.085,0.425,7,0,2
18.57,295.86,295.1,0.76,0.624,0,6675.2,0,0.239,0.124,9,3,2
67.11,353.53,327.51,26.02,0.884,0,15297.8,0,0.419,0.8,14,1,4
61.8,358.54,346.12,12.42,0.96,1,19478.2,0,0.468,0.915,16,2,4
34.75,374.72,348.7,26.02,0.926,1,234.3,1,0.79,0.436,1,14,1
7.26,307.39,288.37,19.02,0.899,0,4025.6,0,0.133,0.234,8,2,2
12.65,325.66,315.94,9.72,0.748,0,12776.4,0,0.048,0.358,6,0,2
22.06,346.14,309.56,36.58,0.822,1,169.2,1,0.786,0.531,4,16,1
32.84,344.8,317.5,27.3,0.985,1,84.7,2,0.393,0.733,3,1,0
48.31,339.43,315.86,23.56,0.827,1,105.2,3,0.143,0.928,3,2,0
8.89,342.72,334.07,8.66,0.556,1,8838.8,0,0.111,0.335,7,2,2
20.01,310.6,299.06,11.54,0.823,1,9904.6,0,0.167,0.264,7,1,2
110.64,354.43,330.38,24.05,0.941,0,73.0,2,0.265,0.958,4,0,0
19.56,321.73,314.05,7.68,0.727,1,12832.1,0,0.196,0.367,8,0,2
62.67,353.3,327.4,25.9,0.889,1,63.4,2,0.412,0.952,5,2,0
14.2,309.98,298.25,11.73,0.86,0,12331.3,0,0.149,0.442,7,2,2
153.86,347.36,323.51,23.85,0.771,0,7069.7,0,0.285,0.944,12,1,4
54.35,364.47,333.5,30.97,0.839,1,213.5,3,0.395,0.777,3,2,0
44.41,350.31,309.59,40.72,0.965,0,26.3,1,0.633,0.499,2,15,1
45.35,363.12,323.08,40.04,0.832,0,111.7,1,0.945,0.322,2,15,1
34.89,375.34,354.22,21.12,0.992,1,75.5,7,0.051,0.708,3,0,0
14.8,325.95,312.99,12.96,0.888,0,12073.2,0,0.137,0.12,8,1,2
7.36,330.0,321.16,8.84,0.745,1,3951.4,0,0.025,0.409,8,3,2
7.1,303.64,294.36,9.29,0.277,0,7191.1,0,0.118,0.058,1,0,5
9.5,347.17,321.32,25.85,0.896,0,194.5,1,0.912,0.489,2,9,1
17.91,303.54,289.27,14.27,0.537,0,7819.6,0,0.234,0.181,10,1,2
6.51,292.1,278.85,13.24,0.589,0,6410.5,0,0.159,0.279,7,2,2
63.14,330.47,305.82,24.65,0.912,0,57.3,1,0.338,0.933,3,1,0
57.73,342.58,318.54,24.04,0.904,0,134.1,3,0.093,0.859,5,0,0
49.66,364.66,331.68,32.98,0.918,1,354.0,1,0.414,0.937,6,1,0
23.17,364.23,314.28,49.95,0.989,1,29.9,3,0.88,0.207,2,17,1
84.53,339.59,320.0,19.59,0.82,0,78.3,3,0.294,0.723,5,1,0
35.41,341.25,325.22,16.03,0.757,1,430.6,7,0.785,0.513,4,3,3
2.04,316.06,305.93,10.13,0.598,0,5077.8,0,0.092,0.375,1,0,5
15.42,355.94,341.44,14.49,0.748,0,732.0,6,0.57,0.683,5,4,3
36.39,335.3,312.77,22.53,0.798,0,121.9,1,0.319,0.846,5,1,0
3.96,312.98,300.87,12.12,0.537,0,10524.8,0,0.089,0.297,10,0,2
89.78,375.63,333.04,42.6,0.919,0,14027.9,0,0.384,0.785,8,2,4
13.44,327.59,317.35,10.24,0.552,0,6302.0,0,0.229,0.115,5,1,2
34.57,367.84,324.88,42.95,0.944,1,239.2,2,0.85,0.277,2,12,1
19.36,318.21,315.25,2.96,0.525,0,9205.3,0,0.234,0.251,8,0,2
22.32,324.42,316.41,8.01,0.63,0,271.2,7,0.518,0.595,5,4,3
5.37,333.71,320.18,13.53,0.577,0,14081.1,0,0.113,0.246,8,0,2
52.48,348.73,327.74,20.99,0.906,0,52.9,5,0.065,0.952,6,0,0
27.21,367.39,346.68,20.71,0.68,0,152.5,7,0.614,0.402,5,5,3
6.24,296.62,280.9,15.71,0.89,0,6076.0,0,0.134,0.154,7,0,2
9.69,321.95,316.92,5.03,0.749,0,4877.8,0,0.185,0.141,7,0,2
27.76,296.97,282.0,14.97,0.613,0,324.9,7,0.714,0.66,6,9,3
13.76,310.8,297.9,12.89,0.595,0,6445.5,0,0.094,0.256,11,2,2
50.92,354.25,328.17,26.08,0.961,1,279.6,3,0.154,0.954,3,1,0
128.89,372.48,353.67,18.81,0.87,1,13766.4,0,0.235,0.938,8,1,4
7.7,362.87,322.52,40.35,0.862,1,24.2,1,0.617,0.529,3,16,1
1.66,306.12,292.66,13.45,0.389,1,6992.0,0,0.119,0.348,0,1,5
18.66,323.11,310.16,12.95,0.736,0,5035.1,0,0.043,0.286,4,0,2
121.73,337.68,308.88,28.8,0.756,0,6050.7,0,0.402,0.858,6,1,4
16.96,326.45,317.03,9.42,0.578,0,9111.3,0,0.115,0.283,11,1,2
13.54,318.55,315.97,2.58,0.663,0,1720.4,0,0.208,0.216,7,0,2
67.52,368.55,324.94,43.61,0.794,0,12387.1,0,0.272,0.942,11,4,4
7.47,319.69,302.3,17.39,0.871,1,1018.5,6,0.699,0.39,3,1,3
13.38,311.95,305.51,6.44,0.36,0,2550.5,0,0.115,0.335,2,0,5
36.05,366.61,340.09,26.52,0.995,1,115.8,1,0.786,0.272,2,16,1
25.07,350.79,316.46,34.33,0.966,1,123.2,1,0.731,0.278,3,6,1
55.9,371.12,345.17,25.95,0.976,1,455.8,1,0.098,0.977,4,3,0
18.91,321.98,305.95,16.03,0.711,1,113.3,7,0.725,0.479,3,5,3
3.89,299.14,291.91,7.23,0.37,1,2474.2,0,0.181,0.284,1,2,5
6.9,294.3,286.79,7.51,0.229,0,1910.8,0,0.106,0.193,0,0,5
15.52,319.76,300.12,19.64,0.887,1,144.2,6,0.761,0.63,7,8,3
7.18,321.89,313.72,8.17,0.635,0,14212.4,0,0.228,0.405,8,0,2
52.67,332.77,316.09,16.68,0.888,1,112.4,5,0.253,0.839,6,1,0
17.14,336.1,309.07,27.03,0.778,0,869.6,4,0.656,0.41,4,2,3
42.14,351.47,322.55,28.92,0.987,0,59.5,1,0.802,0.298,6,12,1
17.71,310.79,293.52,17.26,0.862,1,138.1,6,0.514,0.6,3,5,3
54.56,376.18,356.27,19.91,0.716,1,210.0,1,0.295,0.715,2,1,0
43.97,322.82,300.4,22.42,0.988,0,544.5,7,0.335,0.975,3,1,0
48.04,377.75,357.72,20.03,0.729,1,108.2,2,0.117,0.906,3,0,0
32.85,310.95,288.26,22.69,0.711,0,141.4,2,0.193,0.825,4,2,0
13.75,337.55,322.51,15.04,0.505,0,12738.3,0,0.165,0.315,7,2,2
88.53,387.73,360.77,26.96,0.757,1,7586.1,0,0.452,0.735,13,2,4
72.72,401.54,388.27,13.27,0.753,1,9538.1,0,0.439,0.692,12,2,4
6.16,287.53,275.75,11.78,0.241,0,2862.4,0,0.121,0.302,1,0,5
73.87,368.31,336.34,31.97,0.764,0,58.4,1,0.144,0.754,4,1,0
21.43,343.95,330.91,13.04,0.847,1,1920.2,4,0.685,0.604,7,7,3
83.1,347.13,307.12,40.02,0.94,0,6850.3,0,0.441,0.666,10,1,4
76.75,373.99,340.44,33.55,0.765,1,15854.9,0,0.48,0.68,8,1,4
14.4,305.62,294.59,11.03,0.578,0,3634.7,0,0.149,0.432,14,1,2
9.98,348.37,326.53,21.84,0.641,0,154.0,6,0.674,0.689,3,2,3
86.22,403.1,367.65,35.44,0.847,1,17969.2,0,0.352,0.712,9,0,4
7.84,327.22,309.83,17.39,0.589,0,5669.6,0,0.141,0.211,5,0,2
137.53,351.47,321.59,29.88,0.863,1,5882.3,0,0.236,0.71,10,1,4
3.39,303.03,295.1,7.93,0.556,0,5535.8,0,0.04,0.345,1,1,5
11.56,331.6,313.27,18.32,0.663,1,352.7,7,0.412,0.382,5,2,3
1.98,309.71,304.35,5.36,0.425,1,6048.5,0,0.032,0.358,3,0,5
43.81,360.81,306.79,54.02,0.859,1,88.2,1,0.641,0.39,2,13,1
36.32,316.8,294.18,22.63,0.7,0,295.9,6,0.598,0.519,5,3,3
8.98,348.34,318.37,29.97,0.973,1,96.5,1,0.893,0.312,2,10,1
41.71,324.68,308.21,16.47,0.603,1,257.9,6,0.682,0.436,5,2,3
6.61,320.24,306.81,13.43,0.628,0,6545.3,0,0.13,0.245,9,1,2
28.45,362.19,329.38,32.81,0.854,1,348.3,1,0.661,0.224,5,11,1
23.44,313.57,292.32,21.25,0.759,0,796.1,6,0.409,0.501,1,1,3
28.53,357.92,342.76,15.16,0.877,1,53.4,1,0.829,0.337,1,8,1
19.35,311.95,296.96,14.99,0.607,0,11659.0,0,0.241,0.205,7,0,2
30.77,350.1,304.7,45.39,0.852,0,228.6,2,0.701,0.418,2,7,1
98.46,342.63,315.57,27.06,0.932,0,7877.3,0,0.135,0.861,12,0,4
25.19,315.76,303.57,12.19,0.823,0,4588.5,0,0.028,0.196,4,1,2
11.89,329.88,314.01,15.86,0.718,0,325.1,6,0.676,0.434,3,6,3
20.63,330.72,305.8,24.92,0.86,0,274.1,6,0.787,0.685,3,4,3
26.96,354.63,325.82,28.81,0.865,1,147.6,2,0.618,0.452,4,7,1
42.0,353.4,329.12,24.28,0.799,1,417.2,1,0.371,0.979,3,0,0
43.01,329.33,299.75,29.58,0.81,0,659.2,1,0.429,0.803,1,3,0
81.46,368.68,336.79,31.89,0.892,0,8260.0,0,0.433,0.76,14,1,4
3.9,300.91,292.83,8.08,0.419,0,5682.9,0,0.029,0.213,2,0,5
9.94,320.68,311.06,9.62,0.507,0,2765.9,0,0.139,0.09,0,0,5
19.53,345.69,308.76,36.93,0.858,1,29.5,1,0.628,0.303,4,11,1
37.97,339.4,313.62,25.78,0.967,1,63.3,1,0.864,0.474,1,16,1
1.37,308.12,295.53,12.59,0.492,0,5499.2,0,0.073,0.282,0,2,5
19.28,308.52,297.41,11.11,0.796,0,9452.1,0,0.191,0.313,12,1,2
9.65,330.98,319.87,11.11,0.869,0,7920.8,0,0.142,0.122,9,0,2
70.84,379.81,345.41,34.4,0.987,1,7648.3,0,0.309,0.826,9,0,4
7.44,314.6,307.27,7.32,0.747,0,7904.7,0,0.244,0.278,6,2,2
75.78,391.82,362.6,29.22,0.784,1,23644.6,0,0.482,0.74,10,1,4
16.64,373.29,327.37,45.92,0.946,1,276.4,1,0.797,0.473,3,10,1
14.94,323.97,303.0,20.97,0.88,1,1141.3,7,0.401,0.587,6,4,3
10.89,357.34,328.2,29.14,0.974,1,57.7,1,0.91,0.53,3,11,1
19.16,335.36,326.03,9.33,0.705,0,404.5,7,0.698,0.535,2,3,3
7.44,315.34,301.52,13.81,0.791,0,2690.0,0,0.227,0.416,11,0,2
4.48,304.07,296.3,7.77,0.798,0,8634.3,0,0.15,0.21,4,3,2
4.5,325.26,319.59,5.68,0.577,0,790.7,0,0.097,0.105,2,0,5
15.97,359.71,335.32,24.39,0.725,0,889.5,6,0.724,0.642,5,5,3
15.1,349.5,330.12,19.38,0.771,0,813.5,6,0.582,0.566,6,3,3
3.42,322.79,316.11,6.68,0.794,0,9572.0,0,0.078,0.274,12,0,2
33.45,333.73,320.87,12.86,0.774,1,1128.6,4,0.496,0.47,4,4,3
30.94,360.04,331.42,28.62,0.959,1,94.9,1,0.951,0.306,1,10,1
52.6,395.52,364.76,30.75,0.993,1,11715.7,0,0.176,0.875,9,0,4
16.27,338.31,321.31,17.0,0.876,1,202.5,6,0.56,0.55,2,4,3
6.9,290.3,275.51,14.79,0.6,0,6370.0,0,0.05,0.114,4,3,2
146.62,400.51,373.19,27.32,0.915,1,3451.9,0,0.404,0.833,15,1,4
5.05,308.45,299.79,8.66,0.316,0,737.6,0,0.078,0.373,0,0,5
64.26,383.43,355.51,27.93,0.926,0,6126.4,0,0.437,0.917,17,0,4
25.21,347.2,327.31,19.89,0.665,0,205.4,7,0.756,0.436,3,6,3
27.86,369.76,325.87,43.89,0.942,1,130.2,1,0.959,0.32,4,12,1
45.65,362.11,339.17,22.94,0.842,1,36.9,5,0.361,0.916,4,0,0
10.68,307.19,294.67,12.51,0.529,0,10629.7,0,0.169,0.425,9,1,2
60.98,345.63,313.91,31.71,0.886,0,612.4,1,0.286,0.978,5,1,0
64.87,352.04,330.97,21.07,0.725,0,11.7,2,0.311,0.748,8,3,0
69.64,374.48,340.61,33.88,0.924,1,5869.4,0,0.196,0.754,14,0,4
14.81,325.44,310.05,15.39,0.622,0,13478.1,0,0.091,0.339,5,2,2
18.62,374.63,348.01,26.62,0.859,1,153.3,3,0.932,0.464,4,13,1
5.37,312.73,304.47,8.26,0.297,1,1935.1,7,0.265,0.283,3,0,5
7.65,320.74,301.02,19.71,0.58,0,8663.6,0,0.163,0.397,10,1,2
14.85,317.74,302.49,15.25,0.862,1,2139.5,6,0.529,0.69,3,7,3
20.46,322.87,281.06,41.81,0.822,1,23.0,1,0.631,0.441,1,11,1
24.53,337.69,298.18,39.51,0.957,1,42.3,1,0.709,0.232,4,11,1
19.23,371.42,348.05,23.37,0.885,1,330.8,1,0.673,0.413,4,13,1
9.93,301.81,285.72,16.09,0.619,0,6541.2,0,0.088,0.345,13,0,2
31.92,360.99,337.65,23.34,0.776,1,183.4,5,0.26,0.805,3,2,0
48.15,372.92,347.23,25.69,0.856,1,144.5,2,0.401,0.813,2,3,0
5.53,317.46,308.41,9.05,0.545,0,10283.1,0,0.243,0.265,7,0,2
3.89,302.89,286.59,16.3,0.849,0,8152.6,0,0.028,0.339,10,1,2
86.52,344.56,322.81,21.74,0.902,1,7092.5,0,0.185,0.941,12,0,4
58.46,352.67,327.55,25.11,0.927,0,116.6,3,0.149,0.879,3,2,0
90.86,377.62,344.23,33.39,0.921,1,16642.1,0,0.262,0.837,19,1,4
59.13,360.3,336.19,24.11,0.91,0,6305.8,0,0.276,0.933,15,1,4
29.87,312.24,293.1,19.13,0.815,1,921.7,6,0.826,0.433,3,8,3
1.57,304.11,293.22,10.89,0.545,1,5696.9,7,0.024,0.308,0,1,5
19.53,369.53,324.02,45.51,0.991,1,77.3,2,0.94,0.373,1,12,1
17.02,332.42,287.83,44.58,0.919,1,147.2,2,0.661,0.53,3,9,1
88.96,294.43,273.7,20.73,0.755,0,21444.4,0,0.491,0.877,9,1,4
23.23,365.29,334.2,31.09,0.826,1,92.2,1,0.955,0.366,2,15,1
29.78,322.32,298.86,23.46,0.735,1,945.1,6,0.654,0.631,2,4,3
3.41,316.24,310.54,5.71,0.518,0,12095.5,0,0.214,0.35,8,3,2
36.61,340.14,318.44,21.7,0.742,0,160.0,1,0.249,0.804,5,2,0
8.53,297.67,284.23,13.45,0.663,0,9673.1,0,0.175,0.374,5,2,2
6.41,317.94,304.98,12.96,0.846,0,14881.6,0,0.246,0.39,14,0,2
16.22,328.06,288.19,39.86,0.844,1,131.8,1,0.905,0.458,3,15,1
36.74,344.13,317.2,26.94,0.924,1,589.4,2,0.164,0.943,3,1,0
6.05,331.17,316.99,14.18,0.894,0,8304.9,0,0.113,0.127,8,0,2
4.15,305.97,300.97,5.0,0.226,0,2500.5,8,0.078,0.243,0,1,5
37.91,333.41,294.93,38.48,0.968,0,68.5,1,0.862,0.392,3,11,1
15.07,352.28,311.44,40.84,0.992,1,152.1,1,0.865,0.205,1,9,1
11.21,320.6,302.64,17.96,0.626,0,7107.2,0,0.235,0.389,6,3,2
8.75,348.72,324.32,24.41,0.839,0,54.3,1,0.656,0.216,1,11,1
41.32,359.53,335.71,23.82,0.705,0,128.5,7,0.327,0.72,4,1,0
70.82,364.63,333.89,30.74,0.973,0,18833.3,0,0.283,0.814,14,2,4
46.9,360.42,333.03,27.39,0.749,1,345.6,7,0.156,0.953,3,0,0
7.71,302.97,289.71,13.25,0.539,0,13987.8,0,0.123,0.147,5,1,2
38.54,336.18,320.02,16.16,0.876,1,115.4,5,0.421,0.726,2,1,0
8.33,313.93,301.42,12.51,0.567,0,10276.4,0,0.143,0.347,7,2,2
8.23,299.09,294.57,4.53,0.509,1,4776.0,0,0.088,0.285,1,0,5
35.17,344.83,301.3,43.53,0.981,1,39.8,1,0.654,0.241,3,9,1
16.25,346.89,335.62,11.27,0.648,1,117.2,6,0.678,0.604,2,4,3
23.67,353.16,321.09,32.07,0.977,1,126.5,1,0.891,0.345,1,12,1
74.23,337.02,304.21,32.82,0.981,1,15370.3,0,0.303,0.812,9,2,4
16.46,342.18,319.63,22.55,0.646,1,111.6,6,0.613,0.411,4,7,3
44.63,369.77,334.02,35.75,0.815,1,15435.0,0,0.215,0.813,17,2,4
17.38,329.98,316.12,13.87,0.576,0,7368.2,0,0.073,0.38,7,0,2
63.07,365.83,333.94,31.9,0.954,0,44.8,3,0.408,0.892,4,1,0
14.46,313.23,297.83,15.4,0.734,1,13859.3,0,0.061,0.336,6,1,2
5.39,308.29,308.71,-0.42,0.649,0,4615.3,0,0.067,0.43,4,1,2
1.09,297.83,285.54,12.29,0.391,0,7382.9,7,0.255,0.149,1,0,5
9.34,305.96,286.52,19.43,0.868,0,1197.5,7,0.533,0.663,4,7,3
6.14,297.4,285.49,11.91,0.412,1,3753.8,0,0.144,0.076,1,1,5
20.08,330.75,309.48,21.27,0.607,0,278.1,6,0.522,0.524,1,5,3
16.01,347.98,310.72,37.26,0.951,0,295.0,1,0.819,0.241,2,5,1
40.39,321.58,288.83,32.75,0.913,1,79.6,2,0.187,0.723,3,1,0
21.49,296.66,281.98,14.68,0.78,0,14410.9,0,0.07,0.255,5,0,2
25.05,344.74,322.25,22.49,0.85,0,25.5,2,0.319,0.919,3,0,0
104.49,375.59,359.01,16.58,0.925,1,22064.0,0,0.334,0.845,7,2,4
4.38,302.43,287.22,15.21,0.777,0,4381.3,0,0.191,0.204,6,2,2
40.16,333.84,307.07,26.76,0.735,1,56.8,3,0.417,0.789,2,0,0
7.73,379.27,334.06,45.22,0.887,1,28.7,1,0.963,0.326,2,12,1
105.34,377.78,341.78,36.0,0.955,1,3482.7,0,0.378,0.909,11,0,4
10.29,332.45,315.94,16.5,0.764,0,1555.1,0,0.121,0.256,6,1,2
47.27,338.42,310.39,28.03,0.934,1,636.7,2,0.323,0.718,4,0,0
11.92,330.66,322.84,7.81,0.623,1,376.2,4,0.449,0.436,5,2,3
23.46,317.59,308.93,8.65,0.821,0,1957.5,0,0.041,0.402,5,1,2
7.11,339.35,327.5,11.85,0.629,0,8321.2,0,0.147,0.386,14,1,2
26.69,342.19,330.49,11.7,0.816,0,352.1,6,0.827,0.528,3,6,3
2.22,303.42,293.22,10.2,0.433,0,3818.4,7,0.082,0.076,2,1,5
82.68,340.84,319.65,21.19,0.802,0,10808.8,0,0.138,0.946,11,2,4
63.27,345.59,320.43,25.16,0.773,1,263.3,1,0.214,0.847,2,0,0
4.45,303.22,295.32,7.9,0.416,0,6029.8,0,0.112,0.221,2,0,5
23.17,337.76,322.93,14.83,0.856,1,446.9,7,0.409,0.577,3,4,3
47.69,376.87,346.24,30.63,0.854,1,317.0,1,0.902,0.255,1,10,1
21.03,373.6,327.96,45.64,0.851,1,25.8,2,0.712,0.298,5,11,1
27.49,321.74,301.49,20.25,0.905,0,1113.3,6,0.733,0.398,2,4,3
59.74,337.54,318.51,19.03,0.909,1,87.9,2,0.275,0.702,1,1,0
15.34,317.84,296.9,20.94,0.913,0,496.3,6,0.525,0.656,3,7,3
24.22,368.27,334.03,34.24,0.884,1,200.5,2,0.855,0.425,5,11,1
40.93,337.28,309.79,27.5,0.942,1,146.1,3,0.215,0.739,4,2,0
3.95,310.3,302.0,8.3,0.244,1,5420.2,7,0.204,0.222,0,0,5
11.87,327.82,322.84,4.98,0.495,0,5465.9,0,0.015,0.105,2,0,5
2.78,306.81,304.32,2.48,0.407,0,5616.3,0,0.013,0.085,0,0,5
17.0,333.9,323.08,10.83,0.796,0,8596.8,0,0.244,0.314,11,1,2
34.67,340.51,329.23,11.29,0.619,0,1127.0,7,0.506,0.372,3,3,3
9.58,305.55,282.36,23.19,0.916,1,203.1,4,0.473,0.479,2,5,3
18.18,367.9,349.87,18.03,0.75,1,257.6,4,0.653,0.536,3,4,3
16.08,344.86,335.07,9.79,0.69,0,2208.3,0,0.028,0.388,7,1,2
31.97,327.6,295.51,32.09,0.796,0,177.1,1,0.126,0.941,4,1,0
25.24,336.36,299.77,36.59,0.965,1,430.6,1,0.825,0.372,5,8,1
12.06,328.65,325.59,3.06,0.806,0,2859.1,0,0.206,0.445,8,1,2
32.76,371.64,348.92,22.72,0.89,0,106.8,1,0.799,0.232,3,11,1
2.25,306.37,297.86,8.5,0.224,0,3647.0,7,0.026,0.391,0,2,5
29.24,326.66,311.29,15.37,0.779,0,95.2,3,0.255,0.964,1,1,0
20.65,330.91,312.06,18.86,0.815,0,11417.8,0,0.146,0.135,7,1,2
29.96,363.3,340.46,22.84,0.903,1,41.6,1,0.864,0.275,2,11,1
5.01,321.64,315.13,6.51,0.202,1,7786.3,0,0.16,0.092,1,1,5
7.4,315.22,306.7,8.52,0.766,0,9809.6,0,0.168,0.257,5,2,2
10.9,321.34,308.56,12.78,0.73,0,5342.0,0,0.142,0.228,6,1,2
16.03,341.01,328.59,12.41,0.751,1,131.0,4,0.612,0.62,5,4,3
41.69,346.66,331.05,15.61,0.776,1,425.5,2,0.192,0.807,6,1,0
34.0,309.3,298.95,10.35,0.764,0,732.1,6,0.509,0.422,4,7,3
6.85,325.63,308.28,17.34,0.907,1,250.0,6,0.441,0.418,2,6,3
38.72,320.19,315.12,5.07,0.987,0,277.2,7,0.401,0.758,3,1,0
12.39,331.6,320.97,10.63,0.757,0,13328.4,0,0.189,0.143,8,2,2
6.61,298.34,286.96,11.37,0.588,0,5426.9,0,0.038,0.339,9,0,2
17.16,340.65,332.29,8.36,0.83,0,2197.8,0,0.142,0.382,6,3,2
13.22,340.71,322.76,17.95,0.882,1,1520.5,0,0.07,0.173,10,1,2
23.43,354.94,332.0,22.94,0.968,0,171.3,1,0.207,0.9,4,0,0
12.4,373.81,353.14,20.67,0.9,1,82.0,2,0.86,0.344,3,13,1
5.24,312.27,306.72,5.55,0.254,0,7294.4,0,0.185,0.383,2,0,5
66.0,355.86,329.07,26.79,0.938,1,204.9,7,0.168,0.7,2,2,0
12.06,343.53,312.11,31.43,0.879,1,143.8,2,0.772,0.484,3,13,1
16.13,338.38,322.26,16.12,0.81,0,529.4,7,0.449,0.55,6,8,3
40.06,372.6,339.81,32.78,0.945,1,63.6,7,0.111,0.723,6,1,0
59.82,350.22,320.87,29.34,0.718,1,25.1,7,0.375,0.731,2,1,0
46.46,385.11,338.93,46.18,0.861,1,8388.7,0,0.38,0.706,11,1,4
11.78,329.7,310.91,18.79,0.631,0,12351.1,0,0.137,0.314,9,2,2
35.87,378.6,365.32,13.28,0.998,1,44.3,1,0.6,0.343,1,17,1
48.06,343.56,317.4,26.16,0.799,0,296.0,1,0.182,0.816,4,2,0
14.61,309.35,295.67,13.68,0.665,0,2937.1,0,0.153,0.226,5,1,2
37.26,356.65,341.42,15.23,0.876,0,325.6,1,0.229,0.851,5,2,0
26.93,315.98,299.54,16.45,0.83,1,412.1,7,0.53,0.392,2,3,3
17.62,316.34,305.83,10.51,0.889,0,11211.2,0,0.041,0.391,7,1,2
16.52,327.81,310.49,17.31,0.905,1,762.4,6,0.8,0.609,5,4,3
40.63,378.98,362.48,16.5,0.873,0,312.3,5,0.241,0.798,4,0,0
18.07,323.11,308.64,14.48,0.802,0,10608.8,0,0.2,0.391,7,3,2
9.24,313.0,305.01,7.99,0.428,0,1488.1,7,0.014,0.329,2,0,5
35.41,341.15,322.01,19.14,0.722,0,96.8,1,0.42,0.805,4,3,0
38.98,358.7,337.07,21.63,0.794,1,321.6,7,0.307,0.829,2,0,0
14.37,329.01,316.04,12.97,0.618,1,5314.6,0,0.208,0.197,8,1,2
7.81,292.73,276.72,16.01,0.66,1,11069.4,0,0.104,0.188,6,0,2
35.14,369.54,332.22,37.32,0.991,1,388.0,3,0.943,0.518,4,7,1
16.44,362.52,325.84,36.68,0.895,0,229.1,1,0.832,0.434,3,19,1
2.25,334.09,326.64,7.45,0.581,1,7740.0,0,0.03,0.057,1,0,5
3.59,300.88,293.75,7.13,0.223,1,7101.3,0,0.18,0.267,1,0,5
32.63,327.27,310.1,17.17,0.696,0,527.1,6,0.43,0.468,4,6,3
10.4,346.04,330.05,15.99,0.605,0,184.1,6,0.825,0.425,3,2,3
49.27,341.04,311.6,29.44,0.766,1,176.1,2,0.245,0.969,2,0,0
19.45,340.43,314.27,26.15,0.673,1,1156.0,6,0.846,0.699,4,4,3
8.42,308.96,294.54,14.42,0.553,0,14910.0,0,0.194,0.209,6,2,2
11.53,346.63,324.93,21.7,0.764,0,1060.9,7,0.61,0.591,2,4,3
38.24,347.2,332.33,14.86,0.931,0,14.1,3,0.248,0.893,4,1,0
16.77,343.96,323.75,20.2,0.863,1,196.9,6,0.811,0.383,4,6,3
6.04,325.32,310.76,14.56,0.743,1,3193.0,0,0.179,0.141,4,1,2
74.52,299.82,275.05,24.77,0.982,1,113.4,3,0.154,0.791,5,2,0
9.35,315.13,301.12,14.01,0.642,0,8404.1,0,0.173,0.168,14,1,2
10.31,313.66,297.24,16.42,0.662,0,4539.8,0,0.034,0.112,10,0,2
37.59,357.62,330.64,26.99,0.86,0,72.9,3,0.448,0.885,4,2,0
34.02,327.57,314.65,12.91,0.601,1,147.8,6,0.757,0.495,4,5,3
92.54,344.7,326.05,18.65,0.783,1,108.1,2,0.095,0.739,4,0,0
30.3,353.39,318.52,34.87,0.962,0,85.6,1,0.73,0.367,3,8,1
4.73,309.2,302.08,7.12,0.509,1,6882.5,0,0.019,0.378,1,1,5
58.38,346.02,321.64,24.38,0.991,0,83.6,1,0.096,0.907,5,2,0
107.38,342.72,317.23,25.49,0.925,0,8458.9,0,0.302,0.9,10,0,4
50.6,332.5,309.95,22.54,0.889,0,248.6,1,0.05,0.843,1,0,0
20.45,339.12,292.85,46.27,0.932,1,24.6,1,0.771,0.522,1,15,1
46.13,325.54,306.17,19.36,0.903,0,305.0,6,0.7,0.439,6,6,3
39.31,309.5,282.77,26.73,0.777,0,157.5,1,0.109,0.883,8,1,0
20.39,343.29,325.32,17.96,0.663,1,432.9,6,0.678,0.682,6,3,3
27.6,360.79,319.32,41.47,0.964,1,260.6,1,0.924,0.365,2,10,1
55.22,339.98,303.23,36.75,0.985,0,322.7,2,0.108,0.783,3,2,0
20.81,326.2,311.7,14.5,0.745,0,9069.5,0,0.102,0.2,9,0,2
76.17,356.92,338.55,18.37,0.991,0,163.6,2,0.229,0.771,4,0,0
1.77,310.83,301.23,9.61,0.495,0,4811.4,0,0.215,0.113,1,1,5
17.98,354.89,313.0,41.89,0.802,1,175.7,1,0.9,0.445,2,14,1
18.32,310.5,298.95,11.55,0.88,0,5113.9,0,0.107,0.274,11,1,2
55.56,360.31,329.23,31.09,0.792,0,486.0,1,0.093,0.838,3,0,0
4.13,317.47,309.15,8.32,0.331,0,5709.4,0,0.214,0.063,3,0,5
1.23,324.66,317.37,7.29,0.561,1,1359.7,0,0.129,0.175,0,0,5
6.42,310.82,298.96,11.86,0.415,1,3081.0,0,0.041,0.328,1,0,5
141.25,388.47,353.71,34.76,0.836,0,24232.7,0,0.303,0.911,12,2,4
5.34,342.05,337.33,4.72,0.818,0,8520.8,0,0.028,0.204,8,1,2
6.73,322.12,308.4,13.72,0.898,0,1624.9,0,0.036,0.43,5,1,2
46.38,343.59,311.95,31.63,0.97,1,252.0,7,0.365,0.97,2,1,0
141.88,369.18,334.78,34.4,0.775,0,12962.2,0,0.487,0.748,16,2,4
39.63,311.25,284.11,27.14,0.727,1,117.8,3,0.382,0.801,3,2,0
29.39,315.56,305.88,9.68,0.8,0,14779.1,0,0.083,0.212,5,0,2
14.38,327.31,315.14,12.17,0.77,0,2841.7,0,0.187,0.172,8,1,2
14.09,362.29,333.01,29.28,0.808,1,119.4,1,0.768,0.306,3,13,1
49.91,374.87,349.31,25.57,0.87,1,3025.2,0,0.299,0.796,12,1,4
14.98,318.61,307.98,10.64,0.879,0,13987.8,0,0.134,0.312,6,0,2
41.55,349.83,323.33,26.51,0.766,0,241.7,1,0.207,0.718,4,1,0
35.92,333.65,318.83,14.81,0.808,0,969.4,6,0.712,0.437,4,4,3
13.87,354.97,319.69,35.28,0.904,1,127.7,1,0.692,0.245,4,14,1
23.31,313.93,296.97,16.96,0.747,0,11086.1,0,0.051,0.14,8,2,2
16.33,347.32,315.86,31.46,0.967,0,26.7,2,0.724,0.223,4,17,1
8.78,331.05,317.04,14.01,0.824,1,5300.4,0,0.142,0.404,9,0,2
81.26,376.23,335.78,40.46,0.853,0,6186.4,0,0.355,0.881,10,3,4
1.92,322.82,316.75,6.07,0.51,0,6510.0,0,0.241,0.163,0,2,5
26.02,347.68,331.16,16.52,0.703,0,14727.3,0,0.125,0.165,6,1,2
33.18,324.84,306.92,17.92,0.803,0,279.1,6,0.585,0.397,5,8,3
21.34,335.63,328.2,7.44,0.591,0,7954.6,0,0.048,0.425,8,4,2
3.85,304.65,295.46,9.19,0.511,0,2766.7,0,0.225,0.328,6,1,2
55.5,349.57,320.39,29.18,0.725,0,30.5,3,0.344,0.941,3,0,0
20.89,311.27,303.5,7.77,0.575,0,10868.8,0,0.241,0.174,3,1,2
22.45,312.85,298.59,14.26,0.867,0,707.2,6,0.686,0.432,2,4,3
24.29,381.39,347.06,34.34,0.956,1,118.2,2,0.703,0.334,2,13,1
15.18,364.76,321.23,43.52,0.997,0,78.7,2,0.813,0.507,5,13,1
2.42,322.07,310.15,11.92,0.469,0,3006.7,0,0.108,0.344,0,0,5
2.34,306.87,292.14,14.72,0.872,0,2770.8,0,0.222,0.362,9,2,2
7.26,298.8,290.46,8.33,0.309,0,5876.1,0,0.273,0.092,1,1,5
26.92,324.9,305.34,19.56,0.829,0,180.6,5,0.169,0.76,4,2,0
18.74,318.7,311.39,7.31,0.733,0,3527.4,0,0.16,0.102,7,2,2
62.53,370.69,343.46,27.23,0.81,1,102.6,1,0.236,0.89,4,2,0
71.31,358.06,332.24,25.82,0.849,1,106.3,3,0.343,0.749,3,1,0
98.12,353.27,337.77,15.5,0.888,0,4421.6,0,0.387,0.881,17,0,4
40.77,366.61,349.32,17.29,0.769,0,5.0,1,0.208,0.855,4,0,0
78.56,396.39,373.19,23.19,0.994,1,23478.5,0,0.474,0.894,18,0,4
6.63,333.77,317.94,15.83,0.566,1,1558.4,0,0.074,0.337,7,2,2
14.76,310.27,296.18,14.09,0.27,0,4043.9,0,0.296,0.051,0,1,5
29.32,344.93,322.15,22.78,0.737,0,184.2,6,0.407,0.426,4,6,3
6.23,317.64,304.9,12.74,0.607,1,11953.2,0,0.103,0.368,7,1,2
69.11,332.12,300.39,31.73,0.773,0,268.4,1,0.232,0.842,4,0,0
36.48,353.76,310.16,43.6,0.997,1,265.0,1,0.781,0.548,1,18,1
9.66,321.53,302.61,18.92,0.806,0,6884.6,0,0.036,0.315,8,0,2
7.69,313.52,299.5,14.02,0.566,0,10822.5,0,0.132,0.118,5,3,2
104.53,387.7,375.44,12.26,0.893,1,18422.1,0,0.313,0.926,10,1,4
9.35,334.03,318.45,15.58,0.615,1,7038.4,0,0.172,0.448,8,4,2
2.56,330.23,323.68,6.54,0.284,1,2458.1,0,0.064,0.31,0,0,5
48.65,365.84,344.06,21.78,0.855,1,23.2,1,0.202,0.801,4,1,0
17.82,308.97,301.04,7.93,0.533,0,3182.2,0,0.12,0.358,10,2,2
27.95,332.42,312.96,19.46,0.719,0,69.6,7,0.286,0.92,1,0,0
41.53,321.61,300.8,20.8,0.768,1,430.3,3,0.058,0.792,5,2,0
16.63,323.36,319.48,3.88,0.671,0,4435.3,0,0.197,0.267,9,3,2
19.09,378.1,347.78,30.32,0.886,0,61.4,1,0.751,0.312,1,12,1
15.47,355.16,323.68,31.48,0.875,1,120.8,1,0.753,0.208,2,10,1
17.0,322.41,302.98,19.43,0.701,1,126.9,6,0.649,0.371,2,4,3
7.55,318.73,310.27,8.46,0.674,0,14745.8,0,0.076,0.377,9,0,2
4.09,313.23,304.4,8.84,0.234,0,2576.5,0,0.133,0.22,1,1,5
24.24,371.96,337.35,34.62,0.82,1,188.5,1,0.854,0.44,4,11,1
12.0,323.39,310.07,13.32,0.574,1,9978.4,0,0.134,0.17,8,1,2
57.01,402.56,359.33,43.23,0.95,1,9106.9,0,0.18,0.784,13,1,4
130.48,369.57,334.53,35.04,0.892,1,10657.5,0,0.458,0.776,11,2,4
4.75,325.09,311.73,13.36,0.709,0,13779.4,0,0.194,0.268,6,2,2
40.86,363.59,346.85,16.74,0.965,0,12.4,2,0.188,0.888,5,0,0
47.3,378.62,353.65,24.98,0.766,1,229.7,7,0.064,0.825,2,2,0
31.26,354.45,320.74,33.71,0.928,0,73.8,3,0.872,0.391,2,11,1
15.22,362.25,306.96,55.29,0.837,0,119.7,1,0.747,0.368,2,13,1
164.18,381.12,347.41,33.71,0.773,0,15079.6,0,0.435,0.657,9,1,4
44.14,341.02,321.47,19.56,0.941,1,332.1,1,0.433,0.759,1,2,0
15.62,346.17,330.13,16.04,0.648,0,167.2,6,0.683,0.624,2,4,3
14.84,333.37,318.68,14.7,0.543,0,6325.2,0,0.174,0.423,8,2,2
46.25,372.18,339.65,32.53,0.975,1,22848.4,0,0.208,0.833,15,1,4
82.14,346.04,317.37,28.67,0.809,1,22118.2,0,0.407,0.815,11,0,4
29.03,332.85,317.74,15.11,0.905,1,501.8,7,0.597,0.51,4,6,3
10.95,310.74,291.81,18.93,0.709,0,243.1,6,0.775,0.45,4,2,3
29.18,342.42,317.73,24.69,0.865,1,196.0,5,0.136,0.734,5,1,0
9.42,352.36,341.89,10.47,0.727,1,744.4,4,0.434,0.686,6,7,3
97.27,373.27,340.76,32.5,0.973,1,19584.4,0,0.266,0.704,11,0,4
82.02,361.81,339.57,22.24,0.937,0,15962.7,0,0.327,0.682,20,1,4
2.87,320.78,308.91,11.87,0.677,0,11261.3,0,0.171,0.44,10,1,2
17.67,295.97,284.79,11.17,0.515,0,7385.6,0,0.026,0.427,7,2,2
32.48,349.87,317.37,32.49,0.83,1,80.4,1,0.857,0.397,4,12,1
13.91,303.49,290.6,12.89,0.797,0,10773.8,0,0.207,0.219,7,2,2
30.36,361.85,342.0,19.85,0.976,1,87.8,1,0.613,0.229,3,14,1
14.34,306.13,296.94,9.19,0.829,1,5981.3,0,0.063,0.169,8,0,2
7.12,334.03,323.6,10.43,0.66,0,10386.3,0,0.079,0.447,7,2,2
31.15,333.3,319.05,14.25,0.807,0,521.9,7,0.552,0.652,3,4,3
8.89,336.93,325.68,11.25,0.769,0,4050.8,0,0.126,0.443,9,0,2
26.66,328.64,309.68,18.96,0.861,0,193.8,6,0.841,0.55,2,4,3
9.08,334.36,317.69,16.66,0.7,0,1763.0,0,0.17,0.184,6,0,2
11.93,315.11,298.79,16.32,0.689,0,6329.7,0,0.168,0.326,7,2,2
10.19,318.29,300.86,17.43,0.908,1,247.0,7,0.579,0.372,4,6,3
13.28,300.83,285.49,15.35,0.798,0,8301.8,0,0.026,0.396,9,1,2
138.22,380.6,360.58,20.02,0.988,1,6331.5,0,0.198,0.81,9,1,4
9.04,322.45,309.28,13.16,0.531,0,5525.7,0,0.052,0.45,8,1,2
19.34,339.14,302.57,36.57,0.849,0,107.8,2,0.726,0.402,1,11,1
30.28,327.83,316.49,11.33,0.635,0,6817.6,0,0.14,0.169,7,0,2
7.49,313.58,298.18,15.4,0.592,0,2840.5,0,0.115,0.233,7,1,2
8.65,285.06,269.18,15.88,0.63,1,10774.8,0,0.226,0.173,7,3,2
16.6,326.73,318.52,8.22,0.555,1,11740.3,0,0.11,0.308,4,0,2
21.89,328.98,307.7,21.27,0.837,1,105.5,1,0.334,0.948,3,0,0
5.28,317.78,301.09,16.69,0.725,0,2219.7,0,0.186,0.254,5,4,2
67.23,355.82,327.77,28.05,0.93,0,316.2,3,0.318,0.913,3,1,0
20.72,377.51,334.69,42.82,0.999,1,116.2,3,0.623,0.226,2,10,1
14.64,369.89,329.95,39.94,0.979,1,158.6,1,0.799,0.443,7,11,1
6.2,311.47,297.26,14.21,0.686,1,9345.5,0,0.14,0.122,3,2,2
6.22,308.03,298.72,9.31,0.695,1,14926.5,0,0.161,0.434,5,1,2
106.91,350.67,320.64,30.03,0.802,1,17243.8,0,0.139,0.801,11,1,4
45.17,368.65,349.35,19.31,0.809,1,109.0,3,0.093,0.937,3,2,0
10.13,312.91,301.28,11.63,0.636,0,525.3,6,0.417,0.411,4,2,3
10.64,315.94,300.66,15.28,0.719,0,5358.2,0,0.037,0.288,12,0,2
5.02,321.95,314.7,7.25,0.787,0,5432.9,0,0.151,0.125,8,1,2
16.77,365.79,325.41,40.38,0.9,0,57.6,3,0.687,0.312,4,12,1
60.49,352.36,335.32,17.05,0.756,0,347.6,1,0.078,0.719,6,3,0
13.95,320.51,306.5,14.01,0.667,0,9064.7,0,0.226,0.346,10,0,2
13.21,325.47,321.01,4.45,0.661,0,8241.1,0,0.053,0.143,4,0,2
19.31,305.57,293.79,11.78,0.671,0,11840.7,0,0.065,0.221,8,3,2
14.93,296.93,282.24,14.69,0.667,0,10798.2,0,0.062,0.427,11,4,2
17.79,358.31,337.47,20.83,0.881,0,165.5,1,0.738,0.26,3,8,1
21.27,324.12,305.14,18.98,0.683,0,246.4,7,0.484,0.628,2,4,3
9.43,372.07,333.28,38.79,0.868,1,84.9,3,0.621,0.485,1,14,1
10.75,308.71,298.46,10.25,0.354,1,2231.4,0,0.27,0.098,2,3,5
3.24,304.21,297.82,6.39,0.434,0,7238.5,0,0.189,0.348,2,0,5
15.03,325.84,315.62,10.22,0.71,0,6914.3,0,0.172,0.259,8,1,2
66.23,345.24,314.21,31.03,0.978,0,21185.0,0,0.33,0.697,13,0,4
15.68,338.13,316.55,21.57,0.637,0,362.0,6,0.522,0.469,3,7,3
70.14,361.14,330.94,30.2,0.782,0,21081.7,0,0.371,0.795,15,1,4
6.13,328.44,325.03,3.41,0.468,1,3162.8,0,0.216,0.179,1,0,5
62.06,360.91,336.87,24.04,0.895,0,15.7,1,0.267,0.777,3,2,0
57.84,344.9,312.83,32.07,0.881,0,141.3,3,0.256,0.977,4,1,0
7.15,324.7,311.42,13.28,0.683,0,2553.3,0,0.033,0.13,4,3,2
5.03,325.32,312.09,13.23,0.709,0,3330.0,0,0.123,0.15,6,1,2
11.71,313.17,302.59,10.58,0.819,0,9463.6,0,0.16,0.315,9,1,2
38.03,342.83,315.83,27.0,0.74,1,404.9,1,0.187,0.872,2,0,0
17.23,360.44,335.37,25.07,0.83,1,83.0,1,0.74,0.373,3,13,1
5.23,308.18,291.72,16.47,0.823,0,4863.5,0,0.121,0.408,6,2,2
78.03,338.75,311.62,27.13,0.803,1,49.0,1,0.252,0.773,1,2,0
76.39,360.56,329.99,30.57,0.823,1,154.8,2,0.289,0.965,3,1,0
3.11,319.09,310.86,8.22,0.255,0,613.2,7,0.101,0.216,1,1,5
10.84,337.18,331.33,5.86,0.853,0,4984.1,0,0.202,0.253,11,1,2
10.81,320.23,309.52,10.71,0.847,0,4623.3,0,0.245,0.335,12,1,2
2.52,293.07,281.92,11.15,0.465,0,6138.3,0,0.038,0.365,1,2,5
4.92,321.4,308.97,12.43,0.488,0,6630.6,0,0.142,0.139,3,0,5
43.18,354.51,335.52,19.0,0.865,1,118.1,5,0.383,0.938,5,0,0
23.24,325.55,302.78,22.77,0.658,0,1325.2,6,0.756,0.417,5,2,3
17.63,341.95,331.34,10.61,0.838,1,129.5,7,0.457,0.654,4,3,3
7.16,307.71,298.01,9.71,0.454,1,2024.4,7,0.121,0.344,0,1,5
59.67,332.68,307.38,25.3,0.899,0,69.4,1,0.322,0.716,4,1,0
15.08,315.8,306.43,9.37,0.856,0,13404.9,0,0.23,0.425,6,2,2
60.49,371.01,329.01,41.99,0.971,0,12081.3,0,0.365,0.892,13,1,4
35.05,342.32,324.1,18.22,0.959,1,39.4,3,0.165,0.925,2,3,0
6.35,331.79,327.34,4.44,0.313,1,6679.3,0,0.296,0.173,0,0,5
78.7,345.04,327.71,17.34,0.802,1,113.3,5,0.112,0.921,1,0,0
24.52,351.01,317.82,33.19,0.956,0,40.3,1,0.89,0.204,2,14,1
57.43,346.54,321.28,25.26,0.883,1,258.4,1,0.068,0.701,3,0,0
44.42,345.28,327.95,17.33,0.909,0,107.2,1,0.199,0.764,1,2,0
67.85,333.7,321.03,12.68,0.878,1,71.4,7,0.158,0.977,4,0,0
38.06,343.13,325.18,17.95,0.623,1,211.8,6,0.79,0.657,4,4,3
6.37,303.58,289.73,13.85,0.886,0,1779.1,0,0.152,0.125,11,1,2
43.86,351.04,307.08,43.97,0.843,0,93.1,1,0.844,0.325,2,7,1
57.94,315.08,293.66,21.42,0.971,0,205.9,7,0.265,0.945,2,1,0
3.72,346.36,334.07,12.29,0.575,0,9964.5,0,0.061,0.257,5,0,2
21.67,352.02,328.89,23.13,0.895,0,111.8,4,0.605,0.384,6,6,3
50.78,344.88,318.56,26.33,0.953,1,106.9,1,0.125,0.719,2,0,0
36.65,341.37,316.41,24.96,0.941,1,143.1,1,0.357,0.863,5,3,0
6.07,311.94,302.26,9.68,0.548,1,1886.0,0,0.077,0.259,1,0,5
6.02,301.51,294.91,6.6,0.394,1,1414.1,8,0.286,0.282,0,0,5
41.84,332.47,307.34,25.13,0.726,0,132.1,1,0.088,0.819,8,0,0
39.67,344.2,315.72,28.48,0.855,1,142.6,1,0.176,0.861,4,0,0
1.6,312.4,301.03,11.37,0.563,0,3692.2,0,0.149,0.117,1,0,5
101.28,352.97,319.14,33.83,0.976,0,13798.4,0,0.185,0.932,13,1,4
70.71,359.33,335.44,23.88,0.801,0,12182.0,0,0.295,0.675,15,2,4
7.83,324.26,317.48,6.78,0.79,1,4341.0,0,0.084,0.351,7,0,2
87.42,339.38,302.91,36.47,0.729,1,15.3,3,0.366,0.969,2,3,0
9.62,325.66,314.44,11.22,0.893,0,12124.9,0,0.112,0.245,7,2,2
216.64,338.27,325.54,12.73,0.831,0,7641.1,0,0.259,0.815,16,1,4
52.38,370.16,354.08,16.08,0.949,1,128.8,3,0.832,0.205,3,14,1
19.38,315.29,296.26,19.03,0.823,0,611.1,4,0.793,0.646,5,3,3
12.83,308.14,297.5,10.64,0.699,0,11796.5,0,0.103,0.211,11,0,2
15.51,316.52,288.32,28.19,0.786,0,331.2,6,0.788,0.404,5,4,3
74.09,344.67,295.13,49.55,0.755,0,14109.2,0,0.204,0.892,14,1,4
2.46,316.52,306.45,10.08,0.369,0,4107.1,0,0.223,0.251,0,0,5
9.97,314.25,285.91,28.33,0.667,0,1577.5,6,0.585,0.367,7,8,3
1.85,293.13,281.86,11.27,0.593,1,1414.8,0,0.159,0.359,1,1,5
116.68,344.37,315.93,28.44,0.843,1,10385.7,0,0.246,0.674,13,1,4
25.28,358.76,312.33,46.44,0.963,1,127.1,1,0.634,0.454,4,13,1
14.5,384.98,338.78,46.21,0.95,1,83.0,1,0.955,0.219,1,10,1
28.29,324.96,295.76,29.2,0.981,1,170.2,1,0.396,0.78,6,1,0
93.73,375.88,339.61,36.27,0.964,0,12312.0,0,0.401,0.856,8,0,4
16.35,362.0,329.6,32.39,0.866,1,213.8,1,0.647,0.532,2,12,1
7.46,332.52,322.13,10.39,0.863,0,2712.4,0,0.065,0.291,8,2,2
4.96,327.66,315.04,12.62,0.617,0,9440.1,0,0.041,0.433,6,2,2
17.15,342.29,318.33,23.96,0.682,0,13466.8,0,0.218,0.346,5,1,2
28.23,335.5,320.72,14.77,0.571,0,3309.8,0,0.149,0.271,3,0,2
6.41,322.35,311.94,10.42,0.506,1,2561.9,0,0.056,0.219,10,3,2
20.05,314.21,299.09,15.12,0.665,0,9350.7,0,0.036,0.256,9,3,2
12.05,316.96,300.04,16.93,0.606,0,14307.8,0,0.08,0.322,10,1,2
5.5,309.32,298.65,10.67,0.558,1,5349.2,0,0.082,0.322,5,6,2
9.8,332.58,317.67,14.9,0.508,1,13460.1,0,0.214,0.356,5,1,2
4.52,334.18,324.02,10.16,0.831,0,2777.8,0,0.033,0.277,9,1,2
104.71,386.06,353.54,32.52,0.966,1,9597.5,0,0.376,0.705,13,0,4
31.6,323.81,295.13,28.68,0.75,0,178.7,7,0.182,0.733,5,1,0
30.79,365.73,331.87,33.86,0.848,1,116.5,1,0.831,0.331,4,14,1
8.93,314.55,305.43,9.13,0.403,1,2404.5,0,0.239,0.369,3,0,5
23.0,292.4,277.05,15.35,0.801,0,10905.4,0,0.092,0.214,10,4,2
16.66,307.53,297.06,10.47,0.625,0,13189.3,0,0.057,0.384,8,0,2
63.58,333.63,311.37,22.26,0.848,1,95.9,2,0.07,0.701,3,0,0
13.48,371.04,361.8,9.24,0.967,0,673.4,3,0.111,0.713,3,0,0
9.7,338.97,324.9,14.07,0.858,0,13858.6,0,0.069,0.347,9,3,2
34.18,347.53,300.78,46.75,0.966,1,42.7,2,0.882,0.447,1,16,1
21.95,338.0,316.62,21.38,0.724,1,1575.0,6,0.638,0.62,3,6,3
12.92,367.45,323.61,43.85,0.804,1,29.1,1,0.623,0.229,1,10,1
6.42,312.83,302.16,10.67,0.598,0,13264.1,0,0.125,0.168,9,1,2
28.23,374.19,352.82,21.37,0.875,1,20.8,1,0.808,0.266,4,14,1
42.59,311.37,290.32,21.05,0.956,1,194.9,1,0.257,0.825,5,0,0
7.94,340.17,335.29,4.88,0.714,0,6021.9,0,0.036,0.246,8,1,2
51.79,315.74,296.59,19.15,0.702,0,48.2,5,0.185,0.932,1,1,0
63.55,357.63,337.89,19.74,0.801,1,72.3,3,0.182,0.739,4,1,0
3.8,313.64,306.9,6.74,0.595,0,2081.9,0,0.032,0.056,1,3,5
104.41,360.55,333.45,27.1,0.759,1,12439.2,0,0.274,0.857,12,1,4
12.62,331.55,321.81,9.75,0.625,0,11280.8,0,0.042,0.279,11,1,2
49.94,313.11,293.72,19.38,0.841,0,329.7,6,0.592,0.44,1,4,3
18.41,313.01,300.48,12.53,0.755,0,1830.8,0,0.098,0.261,9,0,2
25.15,382.31,359.56,22.75,0.961,1,329.3,1,0.664,0.373,1,7,1
61.34,355.09,342.55,12.55,0.788,0,366.3,1,0.248,0.967,4,2,0
44.22,339.85,310.82,29.03,0.991,1,18722.1,0,0.491,0.678,11,0,4
14.57,364.88,321.44,43.44,0.983,1,52.0,2,0.864,0.401,3,14,1
19.1,331.23,307.47,23.75,0.759,0,172.7,6,0.638,0.366,7,3,3
5.74,314.44,301.63,12.8,0.704,0,10736.4,0,0.117,0.249,6,2,2
92.36,329.45,300.19,29.26,0.898,1,20024.8,0,0.349,0.723,11,3,4
19.99,346.58,337.0,9.58,0.855,0,145.6,6,0.517,0.536,8,5,3
20.15,339.24,308.57,30.67,0.854,1,21.3,2,0.857,0.314,3,14,1
12.83,332.48,319.09,13.39,0.703,1,496.4,6,0.782,0.429,5,5,3
173.56,369.27,340.58,28.69,0.885,0,12618.0,0,0.297,0.662,12,1,4
7.12,312.35,305.85,6.5,0.504,0,976.6,0,0.252,0.13,1,1,5
33.28,356.39,316.58,39.8,0.882,1,370.5,1,0.637,0.253,3,12,1
27.45,348.05,319.86,28.19,0.943,0,2.9,1,0.716,0.339,2,12,1
27.66,284.05,272.37,11.68,0.559,1,4192.1,0,0.035,0.241,6,1,2
22.34,321.12,290.26,30.85,0.827,1,148.7,2,0.75,0.248,3,11,1
24.74,375.73,343.61,32.11,0.956,0,23.1,3,0.617,0.457,1,12,1
12.03,307.58,295.75,11.83,0.858,0,3776.0,0,0.143,0.214,9,1,2
3.47,316.55,303.64,12.91,0.795,1,9339.9,0,0.159,0.434,10,3,2
68.86,339.18,298.71,40.46,0.912,1,23.3,5,0.243,0.826,6,3,0
17.85,324.28,317.23,7.05,0.635,0,5045.7,0,0.118,0.449,8,1,2
25.06,314.23,294.0,20.23,0.607,0,6842.0,0,0.149,0.112,8,0,2
138.61,342.94,315.36,27.58,0.93,1,21903.4,0,0.346,0.663,12,2,4
10.24,299.14,285.64,13.5,0.726,0,6645.0,0,0.104,0.297,4,2,2
76.84,402.79,373.82,28.97,0.983,0,6154.9,0,0.414,0.772,7,2,4
45.63,371.34,340.76,30.58,0.849,1,9.5,1,0.633,0.318,3,15,1
32.93,353.7,338.18,15.52,0.62,0,622.6,6,0.787,0.428,3,5,3
14.0,359.34,323.89,35.45,0.995,0,13.0,1,0.76,0.467,3,15,1
5.58,323.89,305.15,18.73,0.715,1,1782.9,0,0.082,0.211,10,1,2
32.7,343.84,321.19,22.66,0.745,1,23.4,1,0.135,0.856,3,2,0
19.11,327.36,286.98,40.38,0.813,0,16.8,1,0.804,0.53,2,10,1
16.76,317.23,299.31,17.92,0.812,1,702.3,6,0.808,0.658,4,5,3
48.93,352.4,324.23,28.16,0.818,1,112.4,1,0.252,0.709,4,1,0
70.86,378.39,351.12,27.27,0.948,1,385.6,7,0.226,0.966,2,3,0
71.3,322.58,302.85,19.73,0.728,1,451.1,3,0.091,0.813,3,0,0
11.29,370.84,332.9,37.94,0.894,1,124.8,1,0.961,0.501,4,11,1
14.73,329.26,321.89,7.37,0.738,0,10665.3,0,0.229,0.247,17,2,2
43.24,355.72,335.16,20.56,0.986,1,163.8,5,0.07,0.772,3,2,0
29.52,347.78,319.36,28.42,0.95,1,321.2,1,0.793,0.417,1,20,1
19.38,322.18,305.89,16.29,0.698,0,14953.9,0,0.035,0.174,10,0,2
57.78,356.02,320.16,35.86,0.948,0,16364.4,0,0.218,0.677,9,1,4
32.49,350.5,306.76,43.74,0.953,1,157.3,1,0.775,0.22,4,13,1
3.58,318.42,309.33,9.09,0.258,0,7930.1,7,0.193,0.143,1,1,5
44.39,331.4,312.62,18.78,0.993,1,311.2,1,0.395,0.958,4,1,0
3.43,319.24,308.76,10.48,0.815,0,12430.7,0,0.093,0.149,14,2,2
24.23,311.9,293.14,18.76,0.629,0,4586.6,0,0.062,0.224,8,1,2
5.21,333.71,321.18,12.53,0.764,0,8585.4,0,0.221,0.116,9,2,2
12.24,315.7,301.79,13.91,0.899,0,8457.9,0,0.05,0.303,9,1,2
41.24,350.08,307.41,42.67,0.882,1,27.2,1,0.861,0.344,3,12,1
62.87,379.29,343.78,35.51,0.726,1,407.1,1,0.106,0.901,3,1,0
10.53,311.7,305.15,6.55,0.696,0,14199.2,0,0.239,0.12,7,5,2
5.34,320.77,309.43,11.34,0.734,0,11291.0,0,0.238,0.11,10,2,2
7.76,301.96,289.7,12.27,0.848,0,5738.5,0,0.224,0.172,8,0,2
45.67,322.82,295.7,27.11,0.969,0,478.5,2,0.419,0.721,7,0,0
83.32,353.3,313.37,39.93,0.993,0,21669.6,0,0.157,0.875,10,1,4
53.68,328.84,295.76,33.08,0.861,1,206.6,3,0.156,0.711,6,5,0
2.65,307.72,303.39,4.34,0.58,1,7725.0,0,0.093,0.287,3,1,5
8.6,345.66,337.59,8.07,0.712,0,9475.4,0,0.047,0.42,6,2,2
8.09,313.04,294.2,18.83,0.804,0,8194.8,0,0.131,0.254,11,2,2
97.26,358.29,324.74,33.54,0.844,1,3751.4,0,0.407,0.872,12,1,4
26.29,337.42,321.79,15.64,0.9,0,104.8,1,0.211,0.914,6,2,0
111.21,410.46,374.08,36.37,0.764,0,8511.8,0,0.273,0.846,9,0,4
5.78,322.8,316.36,6.44,0.53,0,3091.2,0,0.168,0.12,5,0,2
5.4,301.69,294.78,6.91,0.484,1,5136.5,0,0.079,0.276,0,2,5
101.24,372.94,347.43,25.51,0.782,0,14286.4,0,0.196,0.722,12,0,4
72.2,371.85,340.3,31.56,0.89,0,6223.1,0,0.386,0.85,16,2,4
16.04,348.83,310.18,38.65,0.99,1,0.7,1,0.795,0.375,4,14,1
11.6,317.58,308.86,8.71,0.568,0,6392.5,0,0.231,0.111,6,2,2
66.56,358.75,346.5,12.26,0.767,1,8446.5,0,0.223,0.836,9,2,4
19.22,353.43,329.83,23.6,0.692,0,265.1,7,0.741,0.557,7,7,3
111.85,348.32,324.98,23.34,0.797,1,10061.8,0,0.322,0.892,11,1,4
7.99,303.49,295.52,7.97,0.75,0,14832.4,0,0.032,0.398,9,1,2
95.09,380.54,346.15,34.39,0.826,0,15302.9,0,0.33,0.676,13,2,4
49.0,359.06,337.83,21.23,0.962,0,129.3,2,0.35,0.779,4,0,0
60.04,333.91,311.27,22.64,0.788,0,182.8,7,0.324,0.959,4,3,0
4.33,308.88,298.91,9.96,0.243,0,7900.8,0,0.275,0.092,0,0,5
26.9,327.45,303.3,24.15,0.833,0,25.7,2,0.623,0.549,3,12,1
17.98,376.0,334.0,42.0,0.814,1,139.0,1,0.702,0.531,2,11,1
130.36,336.42,293.4,43.03,0.83,0,14715.7,0,0.328,0.856,10,0,4
33.79,331.43,319.45,11.98,0.609,0,9297.2,0,0.174,0.282,6,1,2
5.32,314.28,304.64,9.64,0.5,0,6741.4,0,0.074,0.181,12,2,2
23.13,340.02,316.46,23.56,0.774,1,276.5,4,0.848,0.407,2,3,3
26.57,330.26,303.33,26.93,0.826,0,383.8,7,0.514,0.666,2,8,3
79.04,398.2,354.59,43.61,0.983,0,16501.1,0,0.205,0.687,13,3,4
61.37,345.94,321.72,24.21,0.98,0,127.4,1,0.109,0.976,2,3,0
16.04,317.74,294.49,23.25,0.883,0,553.7,4,0.586,0.465,5,6,3
17.53,348.67,319.65,29.02,0.974,1,55.2,2,0.885,0.28,4,14,1
12.42,316.11,303.54,12.56,0.636,0,5296.7,0,0.087,0.11,7,1,2
9.84,335.23,321.44,13.8,0.737,0,5752.0,0,0.11,0.42,16,2,2
15.25,363.79,332.76,31.03,0.822,1,23.4,1,0.736,0.233,1,11,1
44.13,373.69,354.77,18.92,0.786,1,17013.1,0,0.142,0.809,12,3,4
34.48,335.26,308.97,26.29,0.824,1,8.9,1,0.276,0.872,1,1,0
18.03,335.6,316.03,19.57,0.811,0,165.9,6,0.814,0.627,2,3,3
15.68,354.93,316.92,38.0,0.802,1,82.6,2,0.808,0.236,3,12,1
6.14,327.96,313.02,14.95,0.639,0,11936.7,0,0.16,0.227,6,3,2
72.52,369.48,335.75,33.74,0.806,0,17338.6,0,0.128,0.852,10,2,4
9.24,297.61,285.86,11.76,0.714,1,3203.3,0,0.121,0.366,9,3,2
3.53,314.6,305.18,9.41,0.485,1,6813.6,0,0.206,0.171,0,0,5
64.3,330.94,312.09,18.85,0.893,1,214.4,2,0.38,0.757,3,0,0
10.06,335.99,318.22,17.77,0.829,0,2490.3,7,0.542,0.452,4,4,3
6.35,311.02,302.3,8.72,0.74,1,1734.9,0,0.175,0.344,5,0,2
89.33,376.21,347.76,28.45,0.939,0,4613.2,0,0.497,0.899,14,3,4
86.11,352.4,325.02,27.38,0.936,0,24093.5,0,0.252,0.809,14,2,4
12.28,313.98,300.93,13.05,0.747,0,195.9,7,0.532,0.481,6,6,3
6.4,298.57,293.28,5.29,0.361,1,6967.1,0,0.175,0.282,1,1,5
36.7,373.27,335.2,38.07,0.891,1,37.9,2,0.737,0.224,1,10,1
79.47,324.07,304.37,19.7,0.817,0,411.4,2,0.39,0.717,2,2,0
12.03,346.66,322.0,24.66,0.935,1,46.8,1,0.806,0.25,3,9,1
103.62,369.19,336.38,32.81,0.887,0,18090.9,0,0.162,0.796,10,1,4
12.74,368.69,348.96,19.73,0.936,1,77.5,1,0.894,0.312,1,12,1
86.0,358.13,329.43,28.7,0.77,0,3999.7,0,0.103,0.826,14,0,4
19.13,345.09,333.88,11.21,0.743,1,380.9,6,0.665,0.569,4,4,3
26.01,355.19,329.78,25.41,0.9,0,21.0,1,0.627,0.297,4,15,1
16.0,310.65,297.5,13.15,0.68,0,13113.4,0,0.24,0.279,6,0,2
43.6,346.5,305.8,40.7,0.905,1,76.5,2,0.612,0.214,5,17,1
15.06,355.89,310.82,45.08,0.905,1,222.0,2,0.749,0.315,2,17,1
13.89,354.19,341.59,12.6,0.781,1,744.9,7,0.534,0.59,2,4,3
10.67,328.6,314.23,14.38,0.554,0,8046.5,0,0.216,0.387,9,2,2
13.82,332.34,283.04,49.31,0.816,1,60.1,1,0.84,0.424,3,16,1
8.72,303.41,298.46,4.95,0.421,0,3707.7,0,0.262,0.328,1,2,5
1.43,306.43,297.47,8.96,0.518,0,2128.2,0,0.05,0.077,1,1,5
27.44,328.15,318.4,9.75,0.662,0,267.6,7,0.455,0.429,4,6,3
48.09,391.69,375.4,16.29,0.755,1,22273.6,0,0.421,0.923,7,2,4
15.81,315.42,307.35,8.06,0.798,0,10093.8,0,0.076,0.159,8,1,2
74.98,365.09,333.69,31.39,0.846,0,24300.9,0,0.192,0.85,12,1,4
10.58,291.11,276.77,14.34,0.531,0,7646.9,0,0.17,0.439,7,1,2
52.17,335.38,309.48,25.91,0.951,1,134.8,2,0.118,0.755,3,0,0
96.89,371.67,345.35,26.32,0.873,0,22263.3,0,0.101,0.794,7,2,4
31.53,295.7,275.84,19.86,0.844,0,1494.5,7,0.569,0.415,3,8,3
17.24,358.46,318.57,39.89,0.984,1,331.0,1,0.678,0.253,3,11,1
106.25,314.03,275.5,38.53,0.903,1,24580.3,0,0.256,0.915,16,2,4
13.71,316.57,305.76,10.82,0.782,0,7212.9,0,0.135,0.178,10,2,2
11.82,325.43,312.82,12.62,0.824,1,1426.8,7,0.498,0.582,5,6,3
20.08,377.89,343.85,34.04,0.934,1,186.0,1,0.689,0.293,4,11,1
52.71,340.25,303.74,36.52,0.945,1,53.9,1,0.955,0.528,2,9,1
21.8,344.47,329.53,14.94,0.507,0,12895.0,0,0.187,0.398,7,2,2
16.56,300.31,289.07,11.23,0.872,0,5236.4,0,0.242,0.232,12,0,2
13.12,320.88,308.06,12.82,0.677,0,4261.7,0,0.08,0.153,10,1,2
16.09,381.21,350.58,30.64,0.879,1,32.7,1,0.792,0.388,3,13,1
7.95,307.34,291.96,15.39,0.892,0,10686.2,0,0.229,0.155,10,3,2
40.35,345.57,305.96,39.61,0.947,1,516.2,1,0.61,0.347,7,12,1
30.81,366.22,352.52,13.69,0.726,0,95.6,5,0.255,0.905,1,2,0
27.34,368.2,339.27,28.94,0.725,0,237.8,2,0.228,0.786,3,0,0
8.21,314.49,293.56,20.93,0.525,0,12907.7,0,0.111,0.41,8,0,2
17.0,348.61,310.95,37.66,0.912,1,4.3,2,0.617,0.517,2,10,1
12.98,354.4,325.58,28.82,0.984,1,7.9,1,0.82,0.231,2,12,1
95.57,377.1,344.34,32.76,0.789,0,18053.9,0,0.355,0.919,10,1,4
21.53,341.8,323.36,18.44,0.838,0,4494.1,0,0.117,0.364,10,3,2
5.3,330.22,315.3,14.92,0.624,0,3242.7,0,0.133,0.234,8,0,2
8.5,329.75,319.14,10.61,0.568,0,6129.4,0,0.052,0.307,8,2,2
113.5,408.46,382.89,25.56,0.937,0,9266.2,0,0.112,0.793,16,0,4
7.88,315.28,303.95,11.33,0.505,1,3666.1,0,0.188,0.136,0,0,5
13.05,349.51,307.96,41.55,0.987,1,113.1,2,0.731,0.323,3,14,1
19.82,334.16,304.02,30.14,0.928,1,400.6,1,0.823,0.445,4,11,1
13.36,294.61,280.55,14.06,0.512,0,2686.9,0,0.15,0.232,7,1,2
21.49,308.58,296.44,12.14,0.643,0,11163.1,0,0.083,0.202,10,1,2
16.05,317.18,307.97,9.21,0.534,0,2717.2,0,0.252,0.357,1,1,5
94.19,345.79,329.69,16.1,0.8,0,135.6,2,0.247,0.784,2,0,0
44.64,352.74,327.47,25.27,0.704,0,107.6,3,0.343,0.979,4,0,0
12.23,296.99,292.08,4.92,0.589,1,4864.2,0,0.25,0.314,2,0,5
145.29,357.12,317.36,39.76,0.787,0,7966.4,0,0.122,0.91,11,1,4
89.88,349.01,325.44,23.57,0.855,0,11837.5,0,0.114,0.745,13,0,4
11.76,308.33,296.46,11.87,0.759,0,6428.3,0,0.041,0.227,9,1,2
15.78,345.85,321.88,23.97,0.899,0,971.8,4,0.605,0.496,7,3,3
4.68,310.35,299.88,10.47,0.348,0,4884.0,0,0.07,0.358,1,1,5
4.05,322.93,319.31,3.62,0.507,1,2090.7,0,0.169,0.263,1,0,5
13.45,333.05,321.49,11.55,0.817,0,4286.9,0,0.095,0.329,6,2,2
48.26,352.26,324.69,27.57,0.884,0,53.1,1,0.192,0.816,3,1,0
13.15,366.42,337.11,29.31,0.836,1,133.3,3,0.98,0.534,6,15,1
83.53,402.75,390.68,12.07,0.989,1,19816.8,0,0.423,0.908,12,1,4
4.85,316.37,309.96,6.41,0.435,1,6644.7,7,0.015,0.161,0,1,5
58.32,338.57,314.24,24.33,0.882,0,114.8,3,0.389,0.764,4,0,0
4.9,304.05,295.83,8.22,0.368,1,4147.7,8,0.071,0.105,4,1,5
68.64,336.49,309.53,26.96,0.996,1,10.3,1,0.403,0.936,7,1,0
46.9,394.4,357.08,37.32,0.836,1,23753.8,0,0.219,0.756,13,2,4
146.1,345.02,313.37,31.65,0.81,1,8838.2,0,0.391,0.864,13,1,4
12.61,351.21,305.33,45.87,0.829,0,42.4,2,0.738,0.256,3,10,1
27.03,341.73,324.8,16.93,0.789,0,341.9,7,0.647,0.463,5,4,3
17.32,337.31,320.66,16.65,0.745,0,915.3,6,0.751,0.538,2,4,3
13.07,345.7,314.88,30.82,0.886,1,105.7,1,0.749,0.502,6,13,1
65.0,390.73,361.83,28.89,0.87,0,10897.4,0,0.326,0.677,12,2,4
61.95,369.95,331.52,38.42,0.976,0,10376.4,0,0.25,0.939,6,1,4
26.67,330.8,294.0,36.8,0.974,0,35.1,1,0.644,0.508,2,14,1
114.07,382.28,353.27,29.02,0.802,1,23870.6,0,0.352,0.914,7,1,4
16.4,355.19,319.7,35.5,0.813,1,7.7,2,0.885,0.428,2,12,1
15.72,318.84,308.11,10.73,0.83,0,13565.0,0,0.167,0.231,4,3,2
8.42,329.56,319.44,10.12,0.56,0,12834.4,0,0.246,0.234,10,1,2
11.98,328.05,318.2,9.85,0.693,0,8742.1,0,0.237,0.246,11,1,2
5.75,323.56,307.27,16.29,0.911,0,931.8,6,0.744,0.582,3,4,3
3.2,301.12,298.85,2.26,0.57,0,5938.5,0,0.098,0.216,1,1,5
104.2,369.5,323.48,46.02,0.914,0,16619.6,0,0.144,0.907,11,2,4
6.12,301.53,293.75,7.77,0.486,1,3927.0,0,0.048,0.078,2,0,5
40.43,354.31,324.12,30.19,0.727,1,517.0,7,0.466,0.36,5,3,3
33.02,358.98,321.28,37.7,0.891,0,589.6,1,0.809,0.308,3,13,1
5.07,307.56,300.82,6.74,0.342,1,6842.2,0,0.204,0.268,1,2,5
26.87,344.33,321.01,23.31,0.631,0,625.3,6,0.491,0.633,7,4,3
10.78,330.3,305.5,24.8,0.713,1,224.6,7,0.671,0.473,7,4,3
13.84,311.18,305.74,5.44,0.551,1,3314.1,7,0.116,0.138,0,1,5
8.77,329.8,313.26,16.53,0.665,1,373.7,6,0.782,0.648,5,3,3
11.76,323.17,307.15,16.02,0.831,1,9140.4,0,0.086,0.275,10,0,2
35.52,332.3,301.67,30.63,0.992,1,59.3,2,0.8,0.285,1,10,1
43.68,365.76,332.45,33.32,0.823,1,96.6,1,0.184,0.75,3,1,0
56.59,342.51,324.18,18.33,0.747,0,362.0,3,0.333,0.706,4,0,0
29.56,367.18,338.92,28.25,0.833,1,17.0,1,0.75,0.543,1,11,1
10.76,329.44,310.55,18.89,0.784,1,13034.1,0,0.102,0.316,14,0,2
16.89,320.34,306.57,13.77,0.657,0,11730.4,0,0.126,0.125,10,2,2
3.18,329.29,315.43,13.86,0.501,0,5671.4,0,0.207,0.366,7,0,2
6.43,318.69,310.87,7.82,0.409,1,5940.2,7,0.053,0.067,0,0,5
33.03,328.19,309.34,18.85,0.737,1,1.7,1,0.12,0.865,2,2,0
31.72,353.68,329.43,24.26,0.99,1,345.1,1,0.204,0.938,2,3,0
2.89,317.87,305.73,12.14,0.682,1,2812.3,0,0.104,0.232,4,4,2
7.65,320.79,301.12,19.67,0.571,0,3696.6,0,0.062,0.184,6,3,2
2.24,311.34,302.64,8.7,0.444,0,6912.6,0,0.032,0.161,0,0,5
98.86,403.73,391.03,12.7,0.96,0,23288.7,0,0.235,0.819,8,1,4
23.02,344.52,318.91,25.61,0.851,0,58.8,7,0.146,0.741,4,1,0
69.36,293.51,259.71,33.8,0.909,0,16262.4,0,0.401,0.688,12,1,4
15.18,304.52,297.82,6.7,0.73,0,14628.4,0,0.21,0.191,6,0,2
23.12,353.84,327.0,26.84,0.952,0,28.7,2,0.659,0.466,3,10,1
40.31,329.25,300.73,28.53,0.767,1,50.2,7,0.431,0.858,9,1,0
7.56,323.72,309.77,13.95,0.676,1,9262.2,0,0.208,0.175,8,0,2
10.67,357.19,343.98,13.21,0.605,0,443.0,6,0.464,0.603,8,4,3
8.26,324.66,315.97,8.69,0.818,0,4973.6,0,0.037,0.158,7,1,2
3.15,328.91,322.44,6.47,0.452,1,2082.2,7,0.063,0.176,1,0,5
5.07,320.38,306.22,14.16,0.613,0,6504.2,0,0.039,0.403,6,2,2
65.61,350.6,335.07,15.53,0.758,0,435.7,5,0.354,0.714,4,0,0
54.05,346.83,328.62,18.21,0.823,0,414.2,1,0.316,0.97,3,1,0
40.92,329.61,308.18,21.43,0.881,1,598.4,7,0.774,0.638,4,6,3
90.92,328.26,298.78,29.48,0.93,1,16512.6,0,0.158,0.66,13,1,4
50.27,345.61,322.78,22.83,0.918,1,257.3,3,0.327,0.93,5,0,0
74.79,368.87,323.32,45.55,0.998,0,3407.3,0,0.389,0.723,14,1,4
73.79,327.18,306.13,21.05,0.789,0,113.4,1,0.235,0.762,2,1,0
13.65,310.24,286.9,23.34,0.729,1,377.4,6,0.78,0.687,6,11,3
48.05,337.75,315.79,21.96,0.703,0,72.8,1,0.293,0.859,2,2,0
27.37,349.23,331.09,18.14,0.99,0,278.6,7,0.058,0.896,2,2,0
32.97,347.57,320.98,26.58,0.933,0,41.3,7,0.327,0.857,2,1,0
10.65,329.75,312.87,16.88,0.91,0,1099.4,6,0.734,0.511,2,10,3
3.59,322.09,309.07,13.02,0.286,1,4379.8,7,0.161,0.178,0,0,5
20.27,350.63,317.83,32.8,0.819,1,8.2,2,0.913,0.235,1,11,1
17.43,301.06,293.38,7.68,0.825,0,3782.9,0,0.137,0.183,5,0,2
17.46,321.59,318.17,3.42,0.582,0,10175.3,0,0.033,0.365,10,2,2
8.37,329.99,319.42,10.56,0.835,0,6226.0,0,0.236,0.166,11,4,2
6.09,323.66,309.39,14.27,0.653,1,3386.4,0,0.109,0.406,15,4,2
29.58,333.02,319.16,13.86,0.868,0,60.8,1,0.407,0.703,1,3,0
18.15,305.39,295.46,9.93,0.653,1,11542.7,0,0.106,0.214,13,4,2
16.1,308.35,291.25,17.1,0.742,0,7311.3,0,0.064,0.401,9,1,2
20.99,357.85,325.33,32.52,0.903,1,44.1,7,0.387,0.921,3,1,0
84.15,437.45,410.73,26.72,0.842,0,22992.4,0,0.254,0.662,10,1,4
7.78,312.37,302.59,9.78,0.361,0,7769.5,0,0.064,0.095,2,2,5
1.63,296.44,283.56,12.88,0.424,1,5554.9,0,0.214,0.24,0,0,5
11.04,304.21,298.01,6.2,0.227,0,3100.8,0,0.025,0.127,2,0,5
5.17,311.47,310.59,0.88,0.364,0,4800.6,0,0.078,0.319,0,2,5
22.08,304.5,288.89,15.61,0.782,0,10450.9,0,0.245,0.347,10,3,2
31.23,343.38,312.24,31.14,0.723,0,292.9,7,0.131,0.719,5,1,0
80.14,360.91,334.48,26.43,0.99,1,23453.2,0,0.385,0.763,8,2,4
5.14,333.01,320.04,12.97,0.766,0,6453.6,0,0.144,0.379,6,0,2
50.2,329.56,314.0,15.56,0.754,1,570.5,2,0.083,0.874,4,0,0
10.9,322.82,317.12,5.7,0.619,1,14483.7,0,0.052,0.31,10,0,2
1.39,315.7,304.86,10.84,0.482,0,2131.8,0,0.201,0.255,0,0,5
9.16,335.8,330.62,5.18,0.514,0,8840.0,0,0.241,0.248,6,1,2
48.64,368.74,339.17,29.56,0.919,0,178.6,3,0.334,0.715,4,2,0
121.41,333.55,304.17,29.38,0.767,1,18884.7,0,0.409,0.732,13,2,4
24.24,321.24,308.35,12.89,0.783,0,4761.7,0,0.142,0.127,13,1,2
16.7,312.26,302.61,9.65,0.821,0,4909.0,0,0.158,0.125,4,2,2
2.46,301.86,291.94,9.92,0.46,0,1564.7,0,0.096,0.372,2,0,5
4.15,325.89,319.15,6.74,0.843,0,12690.8,0,0.218,0.252,12,1,2
22.15,345.5,304.38,41.12,0.941,0,124.1,1,0.849,0.25,2,9,1
18.61,332.1,320.16,11.94,0.849,1,386.7,6,0.848,0.589,6,3,3
30.95,365.8,341.27,24.53,0.866,0,658.8,5,0.103,0.958,3,2,0
43.64,346.27,326.06,20.21,0.757,0,405.2,6,0.805,0.652,1,0,3
8.73,306.99,301.15,5.83,0.443,1,1047.5,7,0.119,0.377,0,3,5
19.04,345.38,302.89,42.49,0.994,1,334.6,1,0.788,0.434,2,19,1
59.79,326.77,298.65,28.13,0.95,1,12453.2,0,0.108,0.888,11,0,4
10.81,302.92,297.0,5.92,0.299,1,1120.6,0,0.125,0.148,1,0,5
14.54,314.81,300.76,14.06,0.843,0,4417.5,0,0.218,0.309,10,3,2
78.82,344.16,317.52,26.64,0.764,1,188.4,1,0.336,0.973,4,1,0
15.24,330.19,321.89,8.3,0.617,0,9221.2,0,0.113,0.289,8,0,2
25.32,345.5,330.37,15.13,0.681,0,1326.2,6,0.696,0.423,5,3,3
46.17,327.32,300.15,27.16,0.982,0,2.2,3,0.166,0.771,3,1,0
21.88,323.21,316.36,6.85,0.513,0,10800.0,0,0.141,0.242,9,0,2
36.27,309.13,288.37,20.75,0.835,1,418.5,1,0.26,0.709,7,0,0
37.95,320.61,291.11,29.5,0.757,1,171.2,1,0.17,0.872,5,2,0
24.65,345.29,314.39,30.9,0.839,1,108.4,2,0.911,0.434,5,13,1
15.37,342.44,311.92,30.52,0.988,1,350.3,1,0.611,0.238,2,7,1
199.89,383.14,351.56,31.57,0.79,1,18071.0,0,0.119,0.727,8,1,4
20.54,323.43,305.65,17.78,0.737,1,244.3,6,0.814,0.369,3,3,3
14.6,331.56,312.67,18.89,0.821,0,413.9,6,0.547,0.486,3,2,3
11.12,312.3,294.53,17.77,0.588,0,5933.0,0,0.212,0.436,7,3,2
58.93,368.55,347.57,20.98,0.752,1,16266.3,0,0.379,0.946,14,0,4
56.95,339.9,322.81,17.09,0.658,1,768.8,6,0.408,0.534,5,9,3
31.46,371.1,339.67,31.43,0.925,1,281.9,1,0.616,0.34,3,9,1
17.1,322.05,317.1,4.96,0.707,0,2334.1,0,0.153,0.305,12,0,2
25.62,371.12,333.9,37.23,0.859,1,116.2,1,0.837,0.341,4,13,1
46.69,334.19,314.51,19.68,0.967,0,461.2,2,0.336,0.731,3,0,0
9.98,300.7,292.55,8.15,0.542,1,1935.9,0,0.18,0.121,5,0,5
21.53,334.28,318.67,15.61,0.752,0,7446.3,0,0.183,0.331,4,1,2
126.48,366.93,318.18,48.75,0.82,1,3682.9,0,0.246,0.769,11,0,4
16.35,319.37,310.53,8.84,0.876,1,10631.4,0,0.061,0.101,7,4,2
19.4,352.12,319.36,32.76,0.994,1,170.3,1,0.802,0.202,3,15,1
5.44,313.15,304.88,8.27,0.505,1,5408.1,7,0.163,0.318,0,0,5
27.49,326.12,299.96,26.16,0.617,1,140.0,6,0.675,0.401,6,6,3
17.43,323.51,310.77,12.74,0.565,1,5939.2,0,0.085,0.278,10,3,2
25.04,358.21,311.04,47.17,0.802,1,416.6,1,0.955,0.436,1,12,1
10.82,334.19,324.92,9.27,0.72,0,1238.7,7,0.409,0.541,3,1,3
17.43,363.8,314.57,49.22,0.87,1,69.2,1,0.634,0.449,3,11,1
17.18,312.9,302.86,10.05,0.507,0,9085.7,0,0.042,0.118,8,1,2
4.43,316.22,305.74,10.48,0.588,1,1545.1,0,0.148,0.115,1,1,5
21.09,321.35,310.04,11.31,0.513,0,7350.2,0,0.062,0.283,9,1,2
76.02,349.22,321.01,28.21,0.84,0,281.6,1,0.077,0.85,2,1,0
17.53,367.99,324.22,43.77,0.815,1,160.5,2,0.674,0.325,2,10,1
12.11,313.25,303.47,9.77,0.364,0,2703.0,7,0.19,0.259,1,1,5
9.04,338.5,325.02,13.49,0.802,1,14268.8,0,0.119,0.124,4,3,2
29.97,379.43,346.64,32.78,0.817,0,104.5,2,0.811,0.411,2,8,1
6.63,309.43,306.41,3.02,0.394,1,4552.7,8,0.296,0.227,1,0,5
9.4,319.81,302.99,16.81,0.687,0,292.0,7,0.436,0.571,3,4,3
19.41,359.29,350.5,8.79,0.788,0,643.0,6,0.681,0.649,5,4,3
29.82,352.55,316.88,35.67,0.952,1,214.9,1,0.917,0.233,2,7,1
12.93,319.16,310.55,8.62,0.544,1,3345.5,0,0.041,0.437,15,0,2
3.73,319.15,310.02,9.13,0.592,0,5216.8,0,0.232,0.16,2,1,5
7.96,310.33,293.67,16.66,0.818,0,10496.6,0,0.107,0.387,8,1,2
23.83,363.67,343.61,20.06,0.869,1,361.4,1,0.619,0.284,1,12,1
61.45,363.46,344.13,19.34,0.925,0,12881.6,0,0.186,0.924,10,0,4
7.06,312.52,309.47,3.05,0.691,0,13824.9,0,0.229,0.107,10,2,2
10.81,314.28,297.78,16.5,0.829,0,13353.1,0,0.217,0.334,10,0,2
19.9,359.19,326.28,32.9,0.958,1,8.8,2,0.657,0.524,2,11,1
28.62,326.73,320.63,6.1,0.851,0,5298.2,0,0.198,0.12,11,0,2
15.64,362.23,325.61,36.62,0.936,1,53.3,1,0.944,0.241,2,13,1
37.34,327.56,308.45,19.11,0.86,1,141.6,4,0.626,0.51,5,7,3
32.61,345.29,313.44,31.85,0.951,1,27.6,2,0.885,0.383,2,10,1
16.04,331.63,321.18,10.45,0.65,0,12066.3,0,0.237,0.371,7,4,2
20.3,343.66,333.15,10.51,0.626,1,263.6,6,0.57,0.422,4,5,3
6.61,304.79,300.6,4.2,0.849,0,5504.0,0,0.234,0.345,7,1,2
73.83,374.25,341.27,32.98,0.919,1,21321.7,0,0.398,0.944,7,1,4
15.76,322.28,310.79,11.49,0.841,0,4347.3,0,0.118,0.427,15,1,2
39.06,383.95,355.94,28.02,0.808,1,3.8,1,0.073,0.915,4,2,0
33.26,337.05,328.61,8.44,0.606,1,1065.0,6,0.833,0.495,5,7,3
55.39,363.07,335.04,28.02,0.762,1,320.0,2,0.315,0.882,1,0,0
34.04,366.95,316.15,50.8,0.839,0,50.6,2,0.832,0.224,2,10,1
44.53,323.9,292.02,31.88,0.954,1,389.1,3,0.161,0.779,2,4,0
38.83,350.81,326.18,24.63,0.754,1,73.2,3,0.218,0.862,4,1,0
68.34,353.28,332.35,20.93,0.854,1,7.7,1,0.337,0.72,1,0,0
5.58,334.45,321.31,13.14,0.848,0,1670.8,0,0.218,0.414,4,1,2
34.47,323.0,296.46,26.54,0.768,0,357.3,5,0.152,0.818,6,0,0
9.93,333.31,324.61,8.7,0.76,0,5754.5,0,0.234,0.402,5,3,2
9.99,298.83,282.38,16.44,0.88,0,244.7,7,0.552,0.428,4,3,3
2.54,302.34,293.56,8.79,0.489,0,5735.3,7,0.284,0.081,1,0,5
20.86,330.97,311.74,19.24,0.721,1,215.7,6,0.755,0.351,5,3,3
36.28,356.15,310.53,45.62,0.818,1,44.7,1,0.689,0.231,1,14,1
19.54,321.24,313.58,7.66,0.764,0,7691.9,0,0.074,0.177,11,0,2
8.94,325.53,307.37,18.16,0.897,1,13935.4,0,0.041,0.365,8,7,2
37.73,389.73,357.21,32.52,0.88,0,86.0,3,0.438,0.904,4,2,0
5.45,310.39,298.09,12.3,0.792,0,14805.6,0,0.193,0.191,8,1,2
6.25,346.1,335.23,10.87,0.737,0,7255.1,0,0.228,0.195,10,0,2
15.24,315.55,310.44,5.11,0.896,1,8017.4,0,0.201,0.177,8,1,2
7.6,327.56,316.84,10.72,0.834,0,5131.0,0,0.063,0.369,7,3,2
2.19,313.12,302.46,10.66,0.353,0,6328.3,0,0.209,0.382,0,0,5
40.14,343.53,325.31,18.22,0.97,1,644.8,2,0.147,0.792,3,1,0
27.75,335.84,307.51,28.33,0.718,0,650.9,6,0.629,0.694,5,6,3
13.25,313.62,297.94,15.68,0.806,0,6815.4,0,0.049,0.402,6,2,2
114.46,378.48,336.71,41.77,0.85,0,23944.5,0,0.442,0.673,10,1,4
29.62,347.23,312.69,34.55,0.758,1,71.0,2,0.359,0.875,3,1,0
15.31,292.03,267.83,24.2,0.754,1,2626.1,6,0.728,0.432,5,6,3
2.08,326.91,316.59,10.31,0.581,0,7985.4,0,0.072,0.391,3,0,5
31.59,352.18,341.45,10.73,0.707,0,112.7,6,0.765,0.639,3,7,3
40.35,351.8,332.97,18.84,0.94,1,38.0,2,0.092,0.876,4,2,0
25.04,353.65,314.18,39.47,0.93,1,244.7,1,0.785,0.457,2,11,1
18.49,364.75,336.23,28.52,0.962,0,108.4,1,0.803,0.421,1,15,1
13.33,319.28,312.34,6.94,0.583,1,6544.3,7,0.289,0.333,0,0,5
36.19,362.69,340.43,22.27,0.865,1,220.0,3,0.167,0.792,3,1,0
34.25,342.59,315.11,27.47,0.713,0,89.6,7,0.106,0.914,3,1,0
14.5,306.75,300.02,6.72,0.54,1,12654.4,0,0.152,0.37,13,1,2
3.07,320.9,304.51,16.39,0.773,0,12514.8,0,0.194,0.411,11,2,2
30.55,372.44,333.45,39.0,0.868,1,203.3,1,0.645,0.375,4,11,1
8.29,347.06,340.9,6.16,0.724,0,6291.7,0,0.076,0.339,7,3,2
85.42,315.92,303.14,12.79,0.895,1,11.9,5,0.167,0.824,1,0,0
3.07,306.49,299.24,7.25,0.787,0,6354.0,0,0.146,0.307,9,2,2
54.01,360.48,339.43,21.05,0.702,1,557.2,3,0.343,0.961,5,2,0
7.95,309.68,302.44,7.24,0.263,0,6218.1,8,0.152,0.147,1,0,5
111.39,376.96,355.94,21.02,0.919,1,11159.7,0,0.288,0.901,17,1,4
26.99,353.05,311.6,41.45,0.812,0,81.1,1,0.756,0.474,1,5,1
3.44,283.41,273.16,10.24,0.429,1,3528.5,7,0.078,0.332,3,0,5
9.25,303.88,292.12,11.75,0.856,0,3332.9,0,0.062,0.289,7,0,2
71.36,332.66,302.74,29.92,0.913,0,7.4,1,0.121,0.795,4,0,0
8.48,325.62,308.22,17.4,0.559,0,3901.6,0,0.223,0.344,3,1,2
9.19,333.16,323.02,10.14,0.794,1,3397.0,0,0.143,0.107,6,1,2
15.72,343.82,328.09,15.72,0.969,1,59.8,1,0.645,0.248,2,5,1
19.85,376.75,352.45,24.3,0.907,1,34.3,1,0.609,0.351,2,10,1
14.15,329.71,315.16,14.55,0.644,0,6805.3,0,0.177,0.133,6,2,2
13.38,308.36,297.15,11.2,0.742,0,2760.8,0,0.074,0.373,8,0,2
5.23,314.36,299.4,14.97,0.794,0,14142.6,0,0.057,0.131,5,1,2
124.26,338.45,301.76,36.69,0.951,1,22259.4,0,0.42,0.85,11,2,4
1.39,312.62,305.79,6.83,0.325,0,5881.7,7,0.112,0.372,0,0,5
49.41,307.21,279.73,27.48,0.81,0,64.3,2,0.213,0.777,4,1,0
90.2,350.91,327.85,23.07,0.87,1,10883.1,0,0.368,0.866,11,1,4
110.8,387.04,336.68,50.37,0.951,0,22185.4,0,0.253,0.807,16,0,4
105.08,366.62,333.08,33.54,0.824,0,17626.7,0,0.445,0.806,11,1,4
42.9,354.71,320.23,34.49,0.896,1,84.7,1,0.954,0.428,4,11,1
18.81,312.38,292.61,19.77,0.868,0,11711.4,0,0.068,0.273,10,2,2
81.51,367.08,332.05,35.02,0.84,0,7675.0,0,0.463,0.807,8,0,4
88.28,367.09,336.84,30.26,0.895,1,19850.0,0,0.205,0.825,14,2,4
8.27,306.72,302.5,4.23,0.497,0,7816.7,7,0.038,0.326,1,0,5
32.9,384.17,367.81,16.36,0.828,0,12950.4,0,0.386,0.803,12,0,4
51.62,346.07,325.65,20.43,0.723,1,71.7,1,0.237,0.701,2,0,0
87.02,360.5,321.16,39.34,0.89,0,22406.7,0,0.361,0.885,13,0,4
3.69,323.04,313.4,9.64,0.361,0,1362.2,0,0.127,0.247,2,0,5
53.17,372.01,340.46,31.54,0.971,0,5880.8,0,0.381,0.93,16,1,4
13.43,314.46,312.74,1.73,0.239,1,645.5,0,0.291,0.191,0,0,5
19.41,385.11,346.68,38.43,0.855,1,133.0,2,0.76,0.537,2,9,1
31.34,357.26,334.43,22.84,0.779,0,368.2,3,0.301,0.91,2,1,0
7.28,319.69,309.54,10.15,0.806,0,1865.3,0,0.239,0.163,10,0,2
21.02,314.73,296.61,18.12,0.775,1,129.4,6,0.597,0.574,3,3,3
42.5,370.33,352.58,17.75,0.841,0,165.7,1,0.215,0.853,5,0,0
39.79,338.43,316.45,21.98,0.836,1,259.6,2,0.366,0.873,2,1,0
16.59,338.44,319.09,19.35,0.735,1,234.2,6,0.64,0.671,4,5,3
5.48,311.58,303.67,7.91,0.477,0,1936.9,0,0.126,0.077,0,1,5
14.59,339.41,327.18,12.23,0.749,0,5986.2,0,0.222,0.292,8,0,2
11.49,310.43,297.42,13.01,0.749,0,11114.9,0,0.101,0.15,11,2,2
27.01,364.34,331.27,33.07,0.973,1,12.8,2,0.61,0.519,2,15,1
56.94,372.91,350.94,21.97,0.873,0,130.2,1,0.315,0.939,4,1,0
12.85,359.14,327.21,31.93,0.905,1,106.8,1,0.627,0.252,5,12,1
4.82,311.21,305.08,6.13,0.44,0,2338.9,7,0.053,0.338,3,0,5
129.11,341.25,320.77,20.48,0.909,1,6301.5,0,0.489,0.919,13,2,4
20.36,303.32,290.21,13.11,0.696,0,14662.9,0,0.117,0.3,14,1,2
68.44,372.29,350.84,21.45,0.795,1,16585.7,0,0.471,0.861,14,0,4
4.47,309.27,295.84,13.44,0.265,0,1197.9,0,0.236,0.27,0,1,5
33.21,345.6,314.05,31.55,0.94,1,7.9,1,0.634,0.216,4,17,1
22.58,322.59,309.74,12.85,0.547,0,9036.1,0,0.248,0.354,10,1,2
8.93,312.86,303.26,9.6,0.517,1,11751.9,0,0.032,0.322,5,4,2
8.12,332.52,323.67,8.85,0.525,0,4974.6,0,0.167,0.3,5,0,2
13.16,331.77,321.74,10.03,0.631,0,4616.4,0,0.188,0.158,8,3,2
113.53,347.32,318.51,28.81,0.955,1,4586.0,0,0.469,0.813,10,0,4
37.9,334.68,315.54,19.14,0.613,0,581.8,6,0.522,0.69,3,1,3
36.47,364.63,330.71,33.91,0.978,1,66.7,1,0.712,0.504,2,14,1
29.5,348.9,325.72,23.18,0.973,0,179.3,2,0.225,0.787,6,0,0
3.81,311.42,302.55,8.87,0.238,1,6336.8,0,0.066,0.225,0,0,5
94.53,351.03,321.78,29.24,0.824,0,12455.3,0,0.499,0.949,13,0,4
66.4,352.28,322.98,29.3,0.732,1,297.0,3,0.096,0.88,5,0,0
16.58,298.63,284.95,13.69,0.763,1,11081.1,0,0.243,0.108,5,2,2
68.62,348.76,337.89,10.87,0.762,1,11986.1,0,0.165,0.929,6,1,4
2.45,330.11,323.48,6.63,0.421,0,5183.3,0,0.115,0.391,1,2,5
9.9,313.17,295.86,17.31,0.536,0,11974.5,0,0.141,0.287,11,0,2
64.14,376.58,341.66,34.92,0.952,1,21437.8,0,0.442,0.894,13,0,4
64.07,417.02,401.76,15.26,0.957,1,16170.2,0,0.332,0.791,12,1,4
73.95,359.53,326.38,33.15,0.803,1,8092.9,0,0.332,0.845,9,2,4
1.88,319.57,310.64,8.93,0.368,0,7684.5,8,0.091,0.361,1,0,5
8.23,314.14,301.66,12.49,0.649,0,1523.2,0,0.226,0.362,4,2,2
11.17,294.79,275.0,19.79,0.786,0,217.8,6,0.476,0.43,3,5,3
24.23,343.83,316.14,27.69,0.991,0,159.3,1,0.366,0.919,3,4,0
29.25,370.76,341.77,28.99,0.891,1,20.3,1,0.638,0.503,2,11,1
11.67,314.5,304.95,9.55,0.589,0,4637.6,0,0.274,0.063,1,1,5
6.88,316.65,307.81,8.83,0.835,0,10815.7,0,0.209,0.118,4,0,2
7.21,325.7,314.96,10.74,0.884,0,12418.3,0,0.079,0.333,7,2,2
7.88,319.86,306.67,13.2,0.895,0,5850.5,0,0.111,0.431,6,2,2
124.96,369.97,337.64,32.33,0.935,1,5584.5,0,0.102,0.676,11,1,4
20.25,335.67,295.44,40.22,0.965,0,365.7,1,0.692,0.362,5,13,1
143.46,334.05,305.85,28.2,0.874,1,11108.3,0,0.352,0.798,10,1,4
25.51,348.43,307.34,41.09,0.83,1,238.3,1,0.631,0.21,1,7,1
14.31,327.06,308.89,18.17,0.756,0,13379.7,0,0.247,0.21,12,0,2
21.79,336.77,318.44,18.33,0.71,1,1079.5,7,0.734,0.616,4,1,3
125.46,359.64,326.34,33.3,0.867,1,11265.5,0,0.25,0.693,11,1,4
3.39,296.77,288.6,8.18,0.359,0,2583.3,0,0.25,0.06,1,2,5
5.88,292.47,278.39,14.08,0.632,0,3976.6,0,0.209,0.435,5,2,2
28.14,352.85,343.04,9.81,0.874,1,200.8,2,0.374,0.966,1,1,0
5.83,314.28,305.48,8.81,0.315,1,6527.1,0,0.109,0.192,1,0,5
24.04,322.02,308.67,13.35,0.732,1,872.4,4,0.498,0.374,1,5,3
12.4,333.07,311.76,21.32,0.814,0,159.3,7,0.686,0.561,4,3,3
74.81,340.04,308.8,31.24,0.981,1,3855.4,0,0.245,0.778,9,0,4
53.27,319.99,292.12,27.88,0.836,0,88.8,7,0.178,0.943,3,1,0
24.76,326.13,303.27,22.86,0.657,1,835.9,6,0.443,0.491,3,5,3
23.94,351.18,301.73,49.45,0.999,0,97.7,2,0.606,0.271,3,16,1
25.43,351.6,320.55,31.04,0.992,1,61.1,1,0.689,0.438,7,13,1
53.68,310.63,281.5,29.13,0.746,1,132.7,7,0.372,0.894,1,1,0
25.51,360.29,324.2,36.09,0.917,1,188.6,1,0.745,0.363,2,9,1
62.3,346.29,324.15,22.13,0.929,1,75.4,5,0.094,0.937,2,1,0
20.08,348.02,307.63,40.39,0.882,1,38.6,2,0.97,0.322,1,15,1
19.21,349.22,316.6,32.62,0.841,0,11.4,2,0.788,0.336,3,13,1
27.93,363.25,332.39,30.85,0.903,1,44.7,2,0.776,0.221,2,23,1
6.44,318.35,301.79,16.56,0.859,1,9898.9,0,0.168,0.145,8,0,2
20.27,374.54,321.85,52.69,0.855,1,263.8,1,0.759,0.408,2,9,1
31.31,341.48,320.02,21.46,0.781,1,104.9,6,0.418,0.521,2,5,3
17.16,323.99,313.59,10.4,0.751,1,799.7,6,0.445,0.571,4,5,3
17.51,331.04,310.56,20.48,0.797,1,610.2,6,0.607,0.472,2,1,3
19.82,293.6,275.53,18.07,0.87,0,609.4,6,0.47,0.436,4,5,3
9.54,312.12,302.12,10.0,0.535,0,6571.1,0,0.231,0.436,8,3,2
7.17,317.21,309.63,7.58,0.248,0,7295.3,0,0.206,0.208,0,2,5
27.42,372.8,330.12,42.68,0.933,0,79.7,1,0.77,0.451,2,10,1
23.48,353.0,323.36,29.64,0.95,0,252.5,2,0.628,0.513,5,9,1
9.85,336.75,329.93,6.82,0.791,0,6795.6,0,0.073,0.316,8,2,2
47.66,372.83,343.98,28.85,0.795,0,13059.4,0,0.498,0.942,12,0,4
80.13,352.99,322.84,30.15,0.949,1,6532.2,0,0.288,0.91,11,1,4
4.08,318.42,305.0,13.42,0.737,0,6885.4,0,0.151,0.366,9,1,2
5.27,315.72,303.76,11.96,0.881,0,2030.4,0,0.152,0.358,8,2,2
18.73,355.82,313.65,42.17,0.913,0,82.9,3,0.812,0.289,1,10,1
104.1,382.18,343.05,39.14,0.926,1,9484.1,0,0.309,0.947,15,0,4
26.53,332.42,317.07,15.34,0.856,1,100.5,6,0.541,0.645,3,6,3
9.92,325.34,316.32,9.02,0.501,1,12669.7,0,0.177,0.133,9,2,2
158.97,367.71,341.54,26.17,0.968,0,6391.8,0,0.414,0.653,10,0,4
29.42,315.89,302.5,13.39,0.693,0,7873.2,0,0.086,0.189,10,1,2
10.28,308.16,292.85,15.31,0.839,0,11064.6,0,0.095,0.346,9,0,2
20.63,362.13,342.77,19.37,0.802,1,240.0,4,0.821,0.45,5,2,3
76.54,330.55,303.77,26.78,0.866,1,69.0,1,0.058,0.776,3,4,0
68.69,344.35,319.53,24.82,0.847,0,292.1,1,0.41,0.955,5,1,0
10.65,334.89,315.54,19.35,0.567,0,5711.7,0,0.163,0.227,5,0,2
58.43,331.56,299.22,32.34,0.874,1,3.9,3,0.434,0.941,2,0,0
14.27,344.67,295.6,49.06,0.838,1,68.2,1,0.979,0.299,4,13,1
31.92,352.7,321.7,31.0,0.836,1,10.1,2,0.243,0.841,7,1,0
159.42,364.42,344.77,19.65,0.85,0,22546.3,0,0.348,0.852,14,0,4
44.1,374.11,353.73,20.38,0.867,1,68.1,2,0.244,0.799,3,2,0
32.91,345.04,319.27,25.76,0.848,1,166.1,1,0.865,0.382,1,12,1
40.33,376.0,347.59,28.4,0.7,1,14.9,1,0.204,0.836,4,0,0
22.73,338.05,323.47,14.58,0.791,1,969.6,6,0.646,0.598,2,6,3
13.63,307.56,296.15,11.4,0.393,0,4062.2,8,0.109,0.281,1,1,5
71.66,382.26,365.17,17.09,0.944,1,25.3,3,0.423,0.965,2,1,0
17.68,328.81,307.07,21.74,0.797,1,285.1,6,0.447,0.641,2,5,3
26.47,348.67,338.51,10.17,0.781,1,13.4,1,0.137,0.972,6,0,0
17.16,343.24,307.8,35.44,0.954,1,221.0,1,0.969,0.479,2,12,1
16.22,359.78,316.21,43.57,0.925,0,109.3,2,0.748,0.286,3,15,1
3.3,323.58,311.14,12.44,0.511,0,2404.5,0,0.081,0.294,11,1,2
5.18,315.1,303.68,11.42,0.634,0,10276.9,0,0.243,0.292,16,1,2
13.72,308.61,293.5,15.11,0.71,0,9170.2,0,0.025,0.287,10,1,2
4.49,320.06,314.86,5.2,0.317,1,1949.5,8,0.137,0.083,0,1,5
51.27,395.82,378.02,17.8,0.82,0,15715.3,0,0.343,0.788,8,2,4
19.79,323.29,304.28,19.0,0.784,0,5498.7,0,0.189,0.302,10,0,2
55.89,335.72,306.95,28.78,0.879,1,126.9,2,0.34,0.84,5,1,0
56.02,349.63,326.27,23.36,0.993,0,552.0,1,0.334,0.849,3,0,0
21.82,353.03,316.2,36.83,0.869,1,0.8,3,0.665,0.431,2,9,1
10.29,311.59,299.9,11.68,0.605,0,5504.3,0,0.167,0.344,7,3,2
32.38,369.31,339.72,29.59,0.892,0,125.1,1,0.742,0.229,1,13,1
54.7,349.67,324.56,25.11,0.921,0,316.0,3,0.163,0.704,4,0,0
44.36,317.12,302.34,14.79,0.939,0,64.0,1,0.102,0.772,3,0,0
57.11,409.3,390.97,18.33,0.82,0,16185.5,0,0.433,0.665,17,1,4
10.72,312.7,302.46,10.25,0.883,1,13297.0,0,0.202,0.322,6,2,2
85.17,325.14,300.83,24.31,0.953,0,9414.4,0,0.455,0.736,13,2,4
48.33,349.83,320.36,29.47,0.897,0,74.3,7,0.14,0.804,5,0,0
48.37,340.41,306.39,34.02,0.857,0,92.2,2,0.112,0.751,5,1,0
43.97,362.77,321.48,41.29,0.846,1,3.1,1,0.699,0.217,3,20,1
61.57,368.92,343.07,25.85,0.826,1,126.2,3,0.242,0.78,4,2,0
36.48,358.82,322.42,36.4,0.916,0,1.9,2,0.688,0.5,3,14,1
1.88,301.28,291.64,9.64,0.426,1,2511.1,7,0.159,0.248,2,0,5
19.42,367.63,340.34,27.29,0.895,1,80.0,1,0.642,0.472,3,10,1
59.72,332.72,311.67,21.05,0.75,1,46.8,2,0.231,0.862,4,1,0
8.93,368.47,338.49,29.99,0.84,1,5.4,1,0.601,0.394,4,15,1
9.79,308.82,298.75,10.07,0.732,0,6109.9,0,0.092,0.4,7,1,2
17.99,316.24,294.34,21.9,0.801,1,243.2,6,0.824,0.557,1,3,3
9.94,310.41,298.0,12.41,0.685,0,7720.3,0,0.099,0.4,8,1,2
7.5,325.93,320.63,5.3,0.74,0,4827.7,0,0.183,0.298,5,4,2
6.37,309.95,298.02,11.94,0.531,0,4127.5,7,0.229,0.199,2,0,5
17.15,344.72,321.16,23.56,0.937,0,221.6,1,0.749,0.304,2,10,1
23.8,348.84,319.06,29.78,0.841,1,9.3,2,0.927,0.345,4,13,1
55.29,389.92,358.42,31.51,0.82,0,16594.5,0,0.372,0.796,10,0,4
17.29,383.94,355.24,28.7,0.833,1,371.2,2,0.918,0.543,2,18,1
13.27,333.22,319.8,13.43,0.863,0,12417.3,0,0.113,0.406,6,1,2
15.83,296.19,284.16,12.03,0.6,0,12000.7,0,0.078,0.396,9,5,2
20.36,352.12,331.69,20.43,0.635,0,1390.6,6,0.602,0.389,3,4,3
11.68,335.84,322.42,13.43,0.825,1,5090.1,0,0.047,0.287,6,1,2
29.32,354.31,308.0,46.31,0.972,0,25.3,1,0.961,0.254,1,17,1
7.13,315.35,302.95,12.41,0.877,0,13700.0,0,0.193,0.221,7,0,2
98.38,377.88,342.36,35.52,0.959,0,10892.6,0,0.285,0.711,12,0,4
104.64,341.76,300.32,41.44,0.779,1,13775.6,0,0.19,0.747,10,3,4
68.57,333.08,305.44,27.64,0.979,1,21997.4,0,0.395,0.756,11,1,4
56.86,357.63,327.13,30.5,0.981,1,7765.4,0,0.27,0.776,12,0,4
29.36,323.51,311.67,11.84,0.819,0,3056.2,0,0.238,0.207,7,1,2
14.52,325.41,307.5,17.9,0.648,0,232.3,6,0.465,0.637,3,6,3
20.29,341.65,314.15,27.5,0.765,1,716.1,6,0.516,0.517,4,1,3
14.19,340.32,324.92,15.4,0.552,1,2194.0,0,0.036,0.127,12,4,2
12.13,322.22,310.53,11.69,0.68,1,485.3,6,0.767,0.521,6,4,3
24.9,378.14,332.14,46.0,0.966,1,53.0,1,0.817,0.394,2,16,1
17.19,366.32,341.32,25.0,0.89,1,49.8,3,0.727,0.475,2,7,1
39.63,366.6,347.76,18.84,0.71,0,421.0,1,0.133,0.972,1,1,0
11.42,339.76,319.27,20.49,0.913,0,427.1,3,0.955,0.508,2,10,1
23.15,373.85,338.31,35.54,0.915,1,1.9,3,0.863,0.491,2,15,1
19.88,315.5,297.02,18.49,0.734,0,581.0,6,0.847,0.559,8,5,3
5.27,316.29,305.27,11.03,0.674,0,6361.7,0,0.078,0.253,6,1,2
56.11,338.74,312.54,26.19,0.881,0,88.8,1,0.192,0.901,3,3,0
14.26,373.45,332.25,41.19,0.947,0,7.4,3,0.938,0.377,3,15,1
5.8,313.27,303.96,9.31,0.249,1,1217.1,7,0.058,0.267,1,0,5
10.1,318.14,312.52,5.62,0.707,1,2724.2,0,0.102,0.277,8,0,2
9.4,300.44,289.34,11.1,0.501,1,4580.7,0,0.209,0.293,10,0,2
66.47,369.04,338.63,30.41,0.8,0,5689.4,0,0.446,0.754,16,0,4
29.34,320.6,312.93,7.67,0.622,0,9509.8,0,0.081,0.242,7,1,2
56.18,333.87,303.48,30.39,0.899,0,395.9,5,0.26,0.894,5,2,0
73.29,396.25,371.04,25.22,0.999,0,18426.7,0,0.241,0.905,14,0,4
89.28,385.67,352.79,32.87,0.763,1,14467.4,0,0.206,0.884,14,1,4
4.28,320.77,306.7,14.07,0.875,1,13069.0,0,0.071,0.246,4,3,2
22.3,337.88,321.73,16.15,0.879,0,321.1,6,0.662,0.375,2,1,3
43.48,305.9,288.31,17.59,0.917,0,1316.2,4,0.497,0.621,3,7,3
72.41,335.95,303.88,32.07,0.895,1,42.4,5,0.296,0.82,4,1,0
6.71,320.48,309.08,11.4,0.292,1,4524.6,0,0.126,0.258,1,0,5
6.05,313.3,299.3,14.0,0.547,0,7115.5,0,0.085,0.202,7,3,2
5.02,315.38,304.55,10.83,0.571,1,5587.3,8,0.159,0.357,2,0,5
19.7,360.74,316.53,44.21,0.966,1,322.3,1,0.811,0.235,5,12,1
51.3,365.48,335.67,29.81,0.772,1,3880.3,0,0.273,0.782,11,1,4
21.19,344.97,299.28,45.69,0.921,1,33.8,1,0.64,0.546,1,12,1
37.31,340.23,321.02,19.21,0.884,1,262.4,7,0.214,0.967,3,1,0
12.96,353.64,324.26,29.38,0.815,0,29.3,1,0.812,0.412,4,9,1
15.73,342.56,309.6,32.97,0.823,1,5.1,2,0.91,0.246,1,12,1
8.39,306.38,287.98,18.41,0.682,0,4396.3,0,0.03,0.254,9,1,2
40.31,366.18,349.17,17.01,0.927,1,128.4,5,0.225,0.735,7,2,0
32.71,307.73,290.92,16.81,0.829,0,484.4,6,0.441,0.487,4,5,3
21.69,309.9,294.7,15.2,0.834,0,8303.5,0,0.212,0.287,7,1,2
18.45,345.34,316.99,28.36,0.974,0,27.9,3,0.651,0.511,2,12,1
46.0,312.58,287.32,25.26,0.897,1,865.8,6,0.512,0.387,3,5,3
13.89,330.86,316.91,13.95,0.644,0,12583.7,0,0.112,0.114,9,0,2
18.9,355.42,317.89,37.54,0.931,1,30.5,1,0.757,0.408,2,11,1
49.73,359.13,331.29,27.84,0.884,1,18686.1,0,0.416,0.665,12,0,4
4.37,305.46,298.27,7.19,0.311,1,757.4,0,0.139,0.142,0,0,5
76.27,364.36,338.09,26.26,0.742,1,364.5,2,0.337,0.804,2,2,0
12.35,376.18,329.1,47.08,0.945,0,204.3,2,0.654,0.322,3,11,1
21.4,321.85,305.57,16.28,0.717,0,13633.7,0,0.211,0.373,14,2,2
9.83,313.81,301.86,11.95,0.83,1,855.0,6,0.83,0.532,3,12,3
28.11,316.2,288.27,27.93,0.75,0,126.0,3,0.346,0.881,3,1,0
34.91,361.04,334.1,26.94,0.982,1,30.5,2,0.973,0.431,2,8,1
13.7,334.81,317.76,17.05,0.768,0,14645.2,0,0.022,0.317,14,2,2
137.82,377.13,349.54,27.59,0.963,1,16547.5,0,0.471,0.903,8,0,4
7.09,321.98,302.37,19.61,0.815,0,1539.6,0,0.196,0.202,8,1,2
21.87,364.37,338.55,25.82,0.938,1,96.9,1,0.76,0.521,1,12,1
10.38,335.67,322.66,13.01,0.814,0,8212.8,0,0.238,0.433,11,1,2
7.74,303.59,296.34,7.25,0.237,0,6232.0,0,0.169,0.221,2,2,5
9.57,317.69,305.84,11.85,0.856,0,2195.8,0,0.118,0.385,9,0,2
18.36,328.11,317.09,11.01,0.65,1,1055.0,7,0.591,0.393,3,3,3
8.21,322.8,312.11,10.69,0.839,0,4753.9,0,0.222,0.125,8,2,2
5.97,326.72,311.47,15.25,0.584,0,8283.8,0,0.155,0.36,4,0,2
7.93,290.02,281.57,8.45,0.267,0,1729.3,7,0.263,0.212,0,1,5
80.17,366.5,341.89,24.6,0.909,1,13080.3,0,0.355,0.756,11,1,4
62.65,371.81,339.79,32.02,0.937,1,24913.0,0,0.101,0.682,10,1,4
12.28,313.33,299.25,14.08,0.528,1,3086.9,0,0.049,0.312,3,3,2
25.35,350.45,328.99,21.47,0.761,1,475.1,7,0.426,0.776,3,3,0
7.96,317.33,311.75,5.58,0.401,0,4792.3,7,0.061,0.326,3,0,5
94.06,358.62,335.17,23.45,0.985,1,9224.0,0,0.324,0.793,16,1,4
6.72,318.6,309.08,9.52,0.545,0,13546.3,0,0.06,0.186,10,0,2
6.81,302.2,289.7,12.5,0.288,1,2524.7,0,0.078,0.212,0,2,5
39.87,334.89,307.01,27.88,0.854,1,176.6,7,0.282,0.851,1,0,0
8.47,334.95,330.2,4.75,0.701,0,5268.1,0,0.048,0.129,6,2,2
19.42,359.45,323.39,36.06,0.993,0,287.3,1,0.721,0.324,3,16,1
89.96,363.69,346.81,16.88,0.962,1,6125.1,0,0.481,0.694,14,3,4
74.01,368.99,336.18,32.81,0.752,1,10101.0,0,0.193,0.864,12,1,4
18.01,333.95,327.05,6.9,0.743,1,226.3,6,0.773,0.5,2,5,3
13.44,325.47,313.02,12.45,0.677,0,14362.5,0,0.05,0.204,4,0,2
20.84,309.38,299.67,9.72,0.481,1,5521.5,0,0.294,0.053,1,0,5
73.82,361.86,340.91,20.95,0.876,1,169.9,3,0.345,0.793,3,1,0
49.69,339.11,304.02,35.08,0.869,0,37.0,1,0.153,0.858,3,0,0
43.16,320.25,313.62,6.63,0.637,0,654.8,6,0.666,0.42,7,7,3
24.87,299.89,286.1,13.79,0.536,0,6139.4,0,0.023,0.246,9,1,2
2.8,324.5,315.35,9.15,0.519,1,4114.4,0,0.09,0.239,1,1,5
18.44,313.14,300.06,13.08,0.653,0,8986.3,0,0.138,0.357,5,3,2
30.69,317.54,289.23,28.31,0.869,0,289.6,7,0.4,0.796,2,2,0
48.43,351.22,325.9,25.32,0.836,1,442.4,1,0.211,0.88,2,3,0
62.81,322.42,305.42,17.0,0.992,1,77.4,1,0.11,0.763,4,0,0
74.22,368.99,338.41,30.57,0.754,0,507.6,1,0.391,0.942,5,1,0
40.72,339.4,298.88,40.52,0.937,1,168.9,2,0.24,0.816,3,1,0
98.67,401.36,367.21,34.15,0.917,1,7075.4,0,0.188,0.723,13,0,4
20.94,362.74,328.0,34.74,0.98,1,7.0,1,0.864,0.21,2,14,1
13.69,317.33,302.97,14.36,0.917,0,381.3,6,0.723,0.524,6,3,3
25.91,370.9,328.79,42.11,0.888,1,48.9,1,0.712,0.221,1,12,1
32.17,338.18,308.88,29.3,0.728,1,167.7,2,0.071,0.739,3,1,0
30.81,315.98,283.62,32.36,0.933,1,48.1,1,0.302,0.826,2,1,0
15.96,337.91,309.37,28.54,0.835,1,96.7,1,0.871,0.457,1,11,1
4.85,302.4,288.05,14.35,0.501,0,14817.4,0,0.074,0.39,8,1,2
11.85,330.78,317.58,13.21,0.739,0,8430.4,0,0.078,0.118,4,3,2
18.71,355.74,317.93,37.81,0.99,1,68.7,1,0.865,0.329,2,16,1
97.38,367.55,341.04,26.51,0.952,1,23802.0,0,0.134,0.913,11,2,4
77.43,330.47,295.27,35.2,0.933,0,28.6,1,0.253,0.796,2,1,0
4.77,314.6,304.91,9.69,0.599,0,4761.1,0,0.175,0.388,9,1,2
17.28,337.42,318.66,18.76,0.838,1,412.4,6,0.543,0.509,4,9,3
10.87,356.93,329.89,27.04,0.808,1,373.3,1,0.698,0.357,2,8,1
16.18,311.75,297.04,14.71,0.676,0,10753.5,0,0.132,0.343,13,1,2
5.15,343.2,332.37,10.83,0.567,0,10919.5,0,0.203,0.345,7,0,2
36.11,341.33,305.49,35.84,0.955,0,33.2,5,0.27,0.753,6,1,0
40.53,334.62,298.51,36.11,0.875,1,29.8,2,0.856,0.277,3,13,1
17.39,326.82,318.21,8.61,0.593,0,10021.1,0,0.192,0.356,10,2,2
35.29,319.11,289.35,29.76,0.732,0,42.1,1,0.095,0.718,4,1,0
162.59,388.68,358.5,30.18,0.863,1,22977.0,0,0.365,0.863,15,1,4
14.87,360.64,312.76,47.87,0.914,1,202.4,1,0.727,0.431,2,10,1
31.88,352.05,316.74,35.3,0.887,1,46.2,1,0.966,0.381,4,14,1
14.06,325.44,311.62,13.82,0.556,0,14733.5,0,0.239,0.179,6,1,2
18.13,328.98,294.38,34.6,0.909,0,116.9,1,0.746,0.344,2,15,1
69.7,363.46,342.99,20.47,0.897,1,23756.5,0,0.134,0.852,14,1,4
7.87,329.17,312.43,16.74,0.539,0,3452.2,0,0.129,0.139,10,0,2
45.83,376.41,336.98,39.43,0.723,1,176.0,1,0.238,0.902,3,3,0
67.12,331.91,308.4,23.51,0.975,0,540.1,2,0.124,0.852,7,1,0
82.96,335.64,310.52,25.12,0.978,1,70.3,7,0.333,0.717,1,0,0
13.28,336.19,294.08,42.11,0.834,1,62.0,3,0.839,0.327,4,9,1
32.79,382.38,367.53,14.85,0.778,0,294.0,7,0.558,0.419,4,2,3
8.07,305.78,292.55,13.23,0.68,1,11645.0,0,0.109,0.102,6,0,2
11.73,312.59,299.37,13.22,0.857,0,6449.7,0,0.213,0.443,11,2,2
7.06,290.2,283.27,6.93,0.311,0,3742.8,0,0.091,0.102,0,0,5
10.76,308.52,294.51,14.01,0.717,0,154.0,6,0.447,0.489,4,3,3
5.23,301.92,292.48,9.44,0.587,1,5001.9,0,0.296,0.214,2,0,5
3.94,314.12,308.26,5.86,0.581,0,6281.8,7,0.184,0.056,1,1,5
11.6,318.16,302.94,15.22,0.84,0,5335.1,0,0.215,0.177,8,0,2
3.3,299.74,294.06,5.68,0.497,0,2085.7,8,0.258,0.218,0,0,5
82.05,403.43,379.06,24.37,0.815,0,18490.1,0,0.339,0.802,11,1,4
21.44,331.17,307.58,23.59,0.68,0,566.2,6,0.656,0.388,4,4,3
87.07,378.95,351.95,26.99,0.79,1,20640.1,0,0.133,0.817,11,1,4
75.62,341.13,314.47,26.66,0.876,1,205.2,2,0.056,0.863,4,1,0
67.78,359.41,342.54,16.87,0.895,0,93.4,3,0.61,0.438,5,10,1
19.93,342.02,305.16,36.85,0.801,1,68.1,2,0.923,0.401,1,13,1
80.12,351.87,324.39,27.48,0.706,1,115.6,2,0.053,0.929,6,2,0
49.07,347.55,312.51,35.04,0.781,1,144.6,3,0.179,0.835,3,3,0
60.25,351.08,326.5,24.59,0.882,1,107.6,2,0.222,0.897,4,0,0
16.27,314.93,303.77,11.16,0.596,1,3380.7,8,0.033,0.146,2,0,5
14.87,344.65,314.57,30.08,0.819,0,275.0,1,0.948,0.486,3,10,1
67.58,363.1,346.07,17.03,0.843,0,4369.9,0,0.128,0.791,11,0,4
12.57,360.6,327.57,33.03,0.953,1,403.9,1,0.725,0.233,5,12,1
11.56,342.86,335.36,7.49,0.439,0,1022.5,0,0.139,0.221,2,0,5
71.95,334.63,327.03,7.6,0.805,1,151.5,3,0.375,0.796,6,3,0
29.04,357.22,331.91,25.31,0.819,1,121.0,2,0.157,0.827,5,1,0
10.25,311.55,298.95,12.6,0.822,0,12713.1,0,0.145,0.386,14,2,2
71.49,336.43,313.07,23.36,0.773,1,333.7,2,0.223,0.953,4,1,0
19.54,368.68,332.46,36.22,0.935,0,132.4,1,0.946,0.245,2,12,1
47.36,338.59,310.1,28.49,0.996,0,12.1,2,0.946,0.396,3,13,1
21.35,374.5,342.34,32.15,0.931,0,42.2,1,0.826,0.403,6,13,1
42.97,365.68,344.42,21.26,0.802,1,25.2,1,0.186,0.814,3,1,0
25.98,305.5,301.08,4.42,0.601,0,12013.1,0,0.164,0.233,8,0,2
6.97,297.57,280.55,17.02,0.677,1,178.4,6,0.808,0.516,4,1,3
4.27,330.66,322.87,7.79,0.866,0,13126.7,0,0.072,0.419,9,1,2
11.49,301.72,290.98,10.75,0.874,0,14408.3,0,0.223,0.355,7,0,2
119.06,342.56,327.06,15.5,0.831,1,13093.0,0,0.292,0.736,8,1,4
13.3,326.4,313.6,12.79,0.697,0,10028.7,0,0.147,0.213,9,0,2
125.4,377.05,338.75,38.3,0.802,0,4432.5,0,0.392,0.774,14,0,4
73.07,373.63,352.75,20.88,0.886,0,18265.8,0,0.263,0.829,14,2,4
63.67,348.05,323.93,24.12,0.707,0,138.6,7,0.389,0.736,2,1,0
79.02,370.27,345.13,25.13,0.955,1,3204.5,0,0.274,0.866,15,2,4
57.38,349.71,333.65,16.06,0.972,1,10.1,1,0.148,0.771,2,2,0
123.03,347.15,318.68,28.47,0.81,1,119.6,1,0.1,0.797,3,1,0
6.71,333.61,323.72,9.89,0.529,0,10763.0,0,0.125,0.408,12,1,2
61.55,312.63,287.21,25.42,0.791,0,28.2,1,0.075,0.949,5,1,0
1.09,306.86,297.49,9.37,0.363,0,1829.4,0,0.201,0.078,3,1,5
9.55,313.97,307.75,6.21,0.887,0,7829.9,0,0.248,0.146,7,2,2
10.06,305.62,294.55,11.07,0.713,1,11309.2,0,0.036,0.212,7,5,2
15.86,352.15,332.76,19.39,0.91,1,275.4,6,0.839,0.63,6,5,3
41.61,353.12,335.21,17.91,0.975,1,19.7,2,0.2,0.862,2,2,0
15.03,342.16,322.31,19.85,0.729,0,6219.0,0,0.152,0.187,10,3,2
61.65,346.05,327.91,18.14,0.963,1,214.9,3,0.194,0.782,8,3,0
2.39,308.88,298.67,10.21,0.353,1,4839.0,0,0.057,0.11,0,1,5
7.42,309.21,299.67,9.54,0.201,0,1409.4,0,0.264,0.218,0,0,5
44.21,340.07,325.24,14.83,0.825,1,535.3,6,0.599,0.423,5,4,3
65.48,324.5,302.67,21.83,0.863,0,4.0,1,0.396,0.712,7,2,0
5.47,322.4,310.23,12.18,0.743,0,9950.8,0,0.073,0.309,9,1,2
4.48,300.66,295.56,5.1,0.891,1,11299.2,0,0.095,0.28,6,0,2
6.84,313.48,309.91,3.57,0.243,0,3684.1,0,0.07,0.244,1,3,5
5.92,312.82,297.16,15.66,0.616,0,11028.0,0,0.111,0.425,9,0,2
29.13,302.61,277.19,25.43,0.855,0,249.7,6,0.625,0.536,4,6,3
7.05,315.53,303.74,11.78,0.821,0,12282.3,0,0.03,0.441,4,3,2
75.05,341.77,314.7,27.06,0.866,1,7.0,1,0.083,0.823,5,1,0
63.61,363.0,343.95,19.05,0.855,1,8.0,3,0.279,0.819,4,2,0
16.51,349.48,317.58,31.9,0.954,1,144.4,1,0.945,0.343,3,9,1
15.15,373.53,351.13,22.4,0.868,1,151.7,1,0.631,0.349,1,12,1
6.24,312.81,300.32,12.49,0.571,1,9552.4,0,0.219,0.25,11,3,2
68.96,374.03,356.41,17.62,0.89,0,23108.1,0,0.41,0.889,12,1,4
3.13,311.25,302.53,8.73,0.59,0,5516.7,0,0.219,0.167,0,0,5
50.79,341.86,321.22,20.65,0.946,1,240.4,5,0.179,0.725,1,3,0
52.13,383.67,367.39,16.28,0.904,0,19703.1,0,0.138,0.731,12,1,4
94.4,359.24,340.28,18.96,0.938,1,23542.2,0,0.385,0.692,10,0,4
5.13,307.8,296.12,11.68,0.557,0,5516.0,0,0.18,0.199,8,1,2
26.97,381.05,352.14,28.9,0.965,1,49.6,1,0.975,0.414,2,13,1
8.5,349.94,345.38,4.56,0.705,0,12608.7,0,0.043,0.269,7,0,2
23.23,356.98,329.61,27.37,0.819,1,202.5,1,0.931,0.481,2,8,1
3.79,322.14,299.83,22.32,0.852,0,13107.5,0,0.042,0.302,7,2,2
8.16,311.77,303.73,8.04,0.774,0,2726.4,0,0.142,0.1,9,2,2
22.93,303.47,287.75,15.72,0.569,0,14927.4,0,0.07,0.391,10,0,2
10.24,325.87,315.76,10.1,0.729,1,9836.0,0,0.022,0.104,10,1,2
21.11,337.78,322.48,15.29,0.914,1,1082.5,6,0.708,0.662,3,1,3
66.56,351.15,327.78,23.37,0.718,1,71.8,1,0.255,0.963,1,2,0
3.99,322.87,320.29,2.58,0.526,0,12194.3,0,0.19,0.263,5,1,2
26.85,347.95,320.97,26.98,0.978,1,169.2,1,0.167,0.971,2,2,0
11.65,336.69,324.76,11.93,0.677,1,150.4,4,0.648,0.678,2,6,3
156.19,361.68,327.23,34.46,0.874,1,8829.9,0,0.434,0.656,6,0,4
19.24,314.02,301.07,12.94,0.558,0,14758.7,0,0.145,0.346,9,0,2
16.7,345.77,336.73,9.05,0.87,1,243.2,7,0.74,0.643,5,6,3
62.05,330.82,301.6,29.23,0.715,1,46.4,2,0.308,0.747,3,3,0
17.29,335.9,326.67,9.23,0.565,0,14273.0,0,0.148,0.272,9,1,2
82.49,372.44,350.11,22.33,0.882,1,59.7,2,0.068,0.929,3,0,0
45.26,330.57,295.53,35.04,0.882,0,4.5,1,0.819,0.502,2,12,1
5.7,333.64,326.47,7.17,0.834,0,3784.6,0,0.156,0.2,7,3,2
12.86,313.76,301.99,11.77,0.737,1,12101.9,0,0.218,0.18,6,1,2
106.85,349.45,321.85,27.6,0.873,1,21701.0,0,0.42,0.884,14,1,4
19.77,353.63,307.85,45.78,0.815,0,19.8,2,0.714,0.245,3,14,1
79.96,314.58,273.92,40.66,0.92,1,16013.5,0,0.332,0.83,14,1,4
43.35,359.82,333.4,26.41,0.735,1,177.9,1,0.106,0.922,5,1,0
31.13,328.23,305.3,22.92,0.654,1,723.3,7,0.432,0.375,5,3,3
12.88,365.21,331.28,33.93,0.81,1,98.5,1,0.861,0.481,2,8,1
4.45,311.58,301.41,10.17,0.289,0,4761.7,0,0.182,0.267,2,0,5
6.87,307.33,289.94,17.4,0.597,0,4235.9,0,0.235,0.157,7,1,2
2.62,350.11,337.84,12.28,0.578,0,7611.0,0,0.033,0.289,7,1,2
11.76,295.88,291.27,4.61,0.795,0,14283.0,0,0.184,0.348,4,0,2
23.23,368.28,316.94,51.34,0.928,0,120.4,1,0.777,0.481,2,12,1
42.31,311.91,300.7,11.21,0.852,1,452.6,4,0.699,0.599,6,2,3
1.98,314.19,308.08,6.11,0.284,1,4935.5,0,0.28,0.054,2,0,5
36.72,326.89,308.2,18.69,0.77,0,3.2,7,0.221,0.808,5,3,0
8.63,329.33,319.08,10.25,0.744,0,3879.3,0,0.229,0.12,4,1,2
21.46,337.41,327.15,10.26,0.574,0,4467.2,0,0.073,0.423,6,4,2
4.43,330.85,317.22,13.63,0.783,1,10775.5,0,0.14,0.374,8,1,2
48.97,313.6,285.11,28.49,0.981,1,739.5,1,0.438,0.821,2,0,0
11.88,329.13,323.41,5.72,0.575,0,8002.9,0,0.223,0.429,7,2,2
13.43,326.08,309.96,16.13,0.712,0,9324.1,0,0.109,0.195,9,1,2
13.68,352.96,326.94,26.03,0.918,1,820.9,6,0.794,0.462,4,6,3
9.24,321.64,312.22,9.42,0.435,1,5203.4,0,0.019,0.205,4,1,5
45.7,381.41,363.89,17.52,0.745,1,256.8,2,0.265,0.717,4,1,0
21.83,364.64,325.43,39.21,0.969,1,3.7,1,0.669,0.25,2,9,1
8.97,312.88,305.96,6.91,0.774,0,8798.5,0,0.188,0.384,6,0,2
19.32,331.73,316.63,15.1,0.856,1,13232.4,0,0.048,0.178,7,1,2
12.73,326.2,314.69,11.52,0.535,1,2179.0,0,0.098,0.294,13,1,2
37.4,298.71,282.65,16.07,0.607,0,689.7,7,0.729,0.551,6,8,3
12.58,348.39,314.19,34.2,0.958,0,233.4,1,0.652,0.487,4,15,1
97.11,378.33,350.46,27.87,0.91,0,4203.7,0,0.43,0.78,15,1,4
38.11,366.85,339.07,27.78,0.937,1,109.2,1,0.698,0.526,2,10,1
4.0,316.65,312.72,3.93,0.671,1,9079.5,0,0.109,0.189,9,0,2
31.3,343.97,323.51,20.47,0.709,1,514.6,6,0.765,0.354,6,2,3
8.56,315.26,301.62,13.64,0.331,0,5407.7,0,0.139,0.282,2,2,5
11.86,313.59,304.26,9.33,0.706,0,7918.7,0,0.054,0.155,8,2,2
39.94,313.71,290.88,22.83,0.738,1,20.6,2,0.284,0.852,2,0,0
11.84,318.34,299.99,18.35,0.543,0,7371.3,0,0.174,0.33,5,3,2
5.08,315.58,307.31,8.26,0.244,1,6817.3,0,0.044,0.129,0,1,5
25.19,345.03,293.08,51.94,0.811,1,74.1,1,0.619,0.23,3,16,1
86.17,363.49,334.75,28.74,0.983,0,13249.2,0,0.399,0.751,12,1,4
17.82,358.2,310.5,47.7,0.978,1,90.0,1,0.725,0.545,3,11,1
71.27,337.61,303.85,33.77,0.986,1,24997.9,0,0.117,0.877,11,0,4
7.14,313.74,302.72,11.02,0.882,0,8219.3,0,0.103,0.282,7,1,2
12.44,333.79,309.66,24.12,0.716,0,465.5,6,0.727,0.458,3,2,3
22.52,337.33,293.02,44.31,0.839,1,189.8,2,0.748,0.37,4,16,1
16.6,379.53,345.51,34.03,0.875,1,22.8,1,0.749,0.353,4,9,1
19.37,323.52,304.16,19.36,0.918,0,232.1,6,0.755,0.596,4,3,3
15.11,356.29,322.78,33.51,0.848,1,94.5,1,0.961,0.532,2,11,1
86.97,380.11,347.22,32.9,0.938,1,19263.8,0,0.215,0.919,8,0,4
32.99,310.66,293.59,17.07,0.85,0,264.7,7,0.618,0.487,4,5,3
33.8,319.8,303.17,16.63,0.82,1,4799.5,0,0.075,0.229,5,0,2
46.48,336.86,326.4,10.46,0.88,0,213.7,5,0.362,0.711,2,0,0
118.88,383.74,356.69,27.05,0.892,1,15863.8,0,0.297,0.719,15,0,4
59.93,376.8,351.23,25.57,0.964,0,118.4,1,0.161,0.791,5,3,0
13.4,333.49,320.42,13.07,0.638,0,4913.5,0,0.155,0.341,7,3,2
6.76,311.23,307.56,3.67,0.786,0,13147.4,0,0.047,0.304,5,1,2
7.57,317.26,308.36,8.91,0.429,0,2454.4,0,0.102,0.122,0,1,5
7.94,330.97,321.98,8.99,0.666,0,11578.8,0,0.118,0.35,10,0,2
30.75,329.34,317.89,11.44,0.669,0,739.1,6,0.726,0.632,4,5,3
36.85,329.7,312.25,17.45,0.619,0,255.1,6,0.612,0.48,1,3,3
71.88,358.24,331.02,27.22,0.765,1,14956.3,0,0.495,0.898,9,2,4
33.27,357.05,326.25,30.8,0.838,1,13.1,2,0.896,0.335,2,11,1
10.53,327.32,315.24,12.08,0.653,1,14697.9,0,0.05,0.144,7,0,2
30.73,313.47,279.06,34.41,0.758,1,54.2,5,0.408,0.783,3,4,0
41.84,355.18,321.45,33.73,0.944,1,397.5,2,0.437,0.979,3,1,0
50.41,354.54,320.24,34.29,0.85,0,136.6,2,0.058,0.779,1,3,0
6.29,312.86,293.75,19.11,0.85,0,8098.4,0,0.152,0.411,14,1,2
37.8,302.46,279.89,22.57,0.863,0,271.3,1,0.239,0.924,1,0,0
23.25,343.88,318.26,25.62,0.959,0,245.2,5,0.174,0.81,3,1,0
21.48,356.73,322.15,34.58,0.997,0,98.8,1,0.772,0.524,3,9,1
20.69,345.29,301.45,43.85,0.931,1,32.4,3,0.621,0.441,3,12,1
98.71,383.63,365.14,18.49,0.844,1,3153.2,0,0.347,0.766,18,2,4
8.49,326.69,315.18,11.5,0.683,0,8679.8,0,0.175,0.36,8,3,2
33.88,362.23,324.16,38.06,0.964,1,157.3,1,0.621,0.437,4,11,1
8.73,316.42,299.63,16.8,0.784,0,14690.9,0,0.193,0.157,5,0,2
35.1,367.77,329.36,38.41,0.926,1,131.5,1,0.702,0.354,3,15,1
12.4,331.41,312.78,18.63,0.759,0,317.1,6,0.554,0.356,2,0,3
28.1,347.38,309.85,37.53,0.905,0,46.4,2,0.734,0.453,4,15,1
20.26,379.14,348.29,30.85,0.897,1,27.0,1,0.966,0.354,1,6,1
65.81,369.38,340.16,29.22,0.927,0,5180.8,0,0.403,0.871,13,1,4
52.97,377.92,357.2,20.72,0.756,1,90.2,3,0.065,0.887,7,2,0
24.89,315.79,295.18,20.61,0.816,1,664.1,6,0.428,0.546,3,4,3
5.32,303.74,291.39,12.35,0.9,0,5639.4,0,0.185,0.358,6,2,2
10.92,327.8,321.22,6.59,0.86,0,8389.3,0,0.142,0.412,5,2,2
9.86,331.9,315.4,16.5,0.881,0,10149.6,0,0.173,0.107,12,2,2
12.16,321.36,318.06,3.3,0.883,0,12245.3,0,0.049,0.214,5,1,2
166.69,337.95,315.98,21.97,0.833,1,15533.9,0,0.403,0.916,9,0,4
9.22,327.59,308.84,18.75,0.824,0,5058.6,0,0.05,0.414,8,3,2
17.62,343.28,328.83,14.45,0.791,0,677.9,6,0.734,0.433,6,8,3
13.04,318.36,304.34,14.02,0.594,0,2208.0,0,0.149,0.297,8,6,2
1.77,312.25,301.14,11.11,0.309,1,1607.8,7,0.247,0.15,1,0,5
28.47,343.67,320.37,23.31,0.943,1,29.3,2,0.202,0.972,5,0,0
20.07,298.1,286.85,11.25,0.416,1,7318.9,0,0.02,0.317,0,0,5
25.58,337.61,328.44,9.17,0.586,0,10538.1,0,0.137,0.44,11,0,2
32.34,346.33,320.27,26.06,0.966,1,265.8,5,0.334,0.842,6,3,0
77.06,346.03,324.9,21.12,0.749,0,254.5,2,0.132,0.946,5,1,0
10.45,321.58,309.31,12.27,0.774,0,3181.2,0,0.204,0.206,13,3,2
23.36,336.49,322.77,13.72,0.818,1,300.2,7,0.6,0.429,2,3,3
8.62,318.11,306.4,11.71,0.522,0,4669.4,0,0.061,0.298,7,4,2
11.24,286.53,281.17,5.36,0.594,0,1728.7,0,0.12,0.228,8,2,2
25.08,336.85,310.87,25.97,0.956,0,66.9,2,0.818,0.394,1,9,1
9.99,299.73,293.54,6.19,0.706,0,6277.7,0,0.051,0.189,6,1,2
11.92,353.68,321.26,32.42,0.868,1,84.0,2,0.749,0.316,3,10,1
115.42,355.73,320.24,35.49,0.932,0,6507.7,0,0.484,0.718,14,2,4
63.28,355.84,334.67,21.18,0.822,1,82.5,2,0.252,0.881,2,2,0
23.49,315.09,304.92,10.18,0.813,1,146.0,6,0.605,0.635,2,2,3
18.48,353.85,321.56,32.29,0.945,0,265.2,5,0.15,0.712,2,0,0
17.62,317.54,303.35,14.19,0.888,0,10061.3,0,0.202,0.198,4,2,2
9.34,332.94,309.5,23.44,0.773,0,14309.4,0,0.112,0.239,8,1,2
13.32,315.37,305.39,9.98,0.673,0,2800.3,0,0.195,0.148,10,0,2
19.9,333.1,316.2,16.9,0.873,1,246.2,4,0.66,0.698,1,4,3
16.16,343.08,293.65,49.42,0.909,0,29.4,1,0.746,0.52,2,15,1
13.84,309.9,302.98,6.92,0.605,0,9783.4,0,0.148,0.369,6,1,2
7.79,313.33,302.02,11.31,0.505,0,13665.0,0,0.155,0.402,7,1,2
4.73,300.43,289.89,10.54,0.472,1,4643.3,0,0.161,0.273,1,1,5
36.71,353.86,335.64,18.21,0.85,0,39.6,2,0.405,0.859,4,1,0
4.89,295.86,291.49,4.37,0.345,0,2896.8,8,0.12,0.377,0,1,5
26.53,353.38,335.13,18.25,0.885,1,51.9,2,0.089,0.763,6,1,0
27.06,310.21,298.22,11.98,0.699,0,6527.6,0,0.047,0.12,8,1,2
10.45,319.81,315.55,4.26,0.757,0,14729.7,0,0.028,0.346,9,1,2
22.59,371.32,360.32,11.01,0.759,0,125.4,7,0.154,0.943,2,1,0
75.38,335.12,313.68,21.43,0.802,0,564.4,3,0.34,0.752,5,0,0
75.65,356.47,316.5,39.97,0.838,0,9408.4,0,0.229,0.727,16,0,4
51.97,344.45,303.31,41.14,0.871,0,11.3,1,0.712,0.466,4,14,1
47.78,330.03,319.57,10.46,0.954,1,169.3,1,0.384,0.746,1,0,0
50.02,346.22,314.54,31.68,0.978,0,21.6,2,0.192,0.83,4,2,0
18.99,354.43,330.95,23.48,0.836,0,309.3,6,0.506,0.482,6,1,3
3.74,306.88,299.5,7.38,0.302,1,3617.2,0,0.232,0.165,2,1,5
12.92,325.63,310.68,14.95,0.865,1,12005.5,0,0.227,0.159,6,1,2
3.41,320.66,308.17,12.48,0.559,0,2678.0,0,0.262,0.223,2,0,5
106.47,344.91,323.05,21.86,0.863,1,21374.9,0,0.293,0.901,11,0,4
10.85,315.61,295.01,20.6,0.538,0,14212.6,0,0.042,0.34,8,1,2
17.53,301.41,285.0,16.42,0.768,0,3001.1,0,0.142,0.258,12,1,2
7.45,322.77,312.1,10.68,0.78,0,3351.8,0,0.135,0.321,9,0,2
33.15,349.34,308.04,41.3,0.915,0,93.9,2,0.705,0.514,2,13,1
71.47,346.46,309.78,36.68,0.99,1,5297.3,0,0.427,0.825,22,0,4
44.25,325.24,290.21,35.03,0.826,1,164.6,5,0.094,0.811,4,0,0
74.93,377.79,348.77,29.02,0.761,0,14224.2,0,0.327,0.746,10,1,4
12.96,329.85,320.4,9.46,0.518,0,9054.0,0,0.134,0.186,12,1,2
61.54,346.11,324.02,22.1,0.829,1,30.8,1,0.429,0.767,2,4,0
41.68,326.16,306.96,19.19,0.979,1,437.5,7,0.249,0.766,2,1,0
63.3,350.3,300.98,49.32,0.987,1,18503.9,0,0.318,0.761,12,0,4
18.46,335.23,316.29,18.94,0.605,0,3417.7,6,0.456,0.38,5,4,3
7.2,305.89,302.02,3.87,0.371,1,6706.3,7,0.17,0.356,4,1,5
12.83,332.25,322.26,10.0,0.658,0,9553.5,0,0.184,0.327,7,2,2
30.09,355.8,336.6,19.2,0.718,1,110.8,1,0.448,0.716,4,0,0
8.87,322.72,320.78,1.93,0.771,0,14992.3,0,0.145,0.308,11,0,2
9.54,345.03,327.49,17.54,0.773,0,1872.2,0,0.217,0.232,5,3,2
26.36,340.26,316.56,23.7,0.847,1,83.6,2,0.772,0.283,3,12,1
72.25,359.83,327.59,32.23,0.947,1,9716.2,0,0.367,0.712,12,1,4
8.93,344.13,299.18,44.95,0.953,1,0.5,1,0.71,0.276,3,12,1
61.08,349.46,323.55,25.9,0.985,1,79.5,3,0.15,0.858,3,0,0
11.15,314.14,309.47,4.67,0.25,1,5591.9,0,0.2,0.146,1,1,5
37.2,362.55,334.55,28.01,0.964,1,131.2,2,0.177,0.822,6,2,0
2.18,310.64,297.46,13.18,0.334,0,3093.5,0,0.113,0.223,0,0,5
11.1,318.5,308.83,9.67,0.82,0,13607.3,0,0.202,0.294,6,0,2
80.32,341.64,311.35,30.29,0.898,0,35.8,1,0.143,0.97,5,1,0
1.5,300.65,293.37,7.28,0.528,0,2407.9,0,0.178,0.202,0,1,5
38.12,376.76,337.07,39.68,0.971,0,41.0,2,0.69,0.549,2,11,1
35.37,360.54,337.76,22.78,0.873,0,238.6,6,0.559,0.682,4,4,3
2.92,322.78,315.91,6.87,0.528,0,3629.4,7,0.069,0.102,3,3,5
10.55,326.65,313.5,13.15,0.693,1,3153.5,0,0.12,0.189,7,2,2
139.29,367.92,332.06,35.86,0.911,1,9961.6,0,0.206,0.919,17,2,4
16.52,324.84,296.55,28.29,0.859,1,158.7,1,0.915,0.371,3,17,1
134.78,361.46,331.71,29.76,0.849,0,6970.7,0,0.367,0.847,11,0,4
2.84,325.86,314.07,11.79,0.484,1,4482.6,0,0.014,0.201,2,0,5
10.35,306.55,292.59,13.96,0.83,0,11028.1,0,0.036,0.103,7,1,2
50.75,316.75,298.27,18.47,0.991,1,77.4,1,0.257,0.76,7,1,0
12.55,336.8,301.28,35.53,0.919,1,363.8,1,0.766,0.435,5,9,1
20.84,338.56,325.11,13.45,0.65,0,8154.4,0,0.176,0.355,9,1,2
22.63,334.43,313.77,20.66,0.907,1,40.2,1,0.287,0.72,2,4,0
22.64,376.65,336.41,40.24,0.998,1,8.6,1,0.668,0.211,2,8,1
10.85,329.46,325.37,4.09,0.694,0,6427.8,0,0.117,0.361,10,0,2
49.42,324.63,305.16,19.47,0.796,0,90.7,1,0.275,0.894,4,0,0
17.14,332.11,324.11,7.99,0.757,0,445.7,7,0.461,0.536,5,11,3
59.4,352.33,332.96,19.38,0.803,0,50.1,3,0.41,0.786,5,0,0
42.26,359.03,333.74,25.3,0.891,0,13.4,2,0.174,0.89,3,3,0
51.38,353.93,332.31,21.62,0.779,0,193.4,1,0.205,0.875,2,0,0
15.61,329.36,321.26,8.1,0.536,0,13825.9,0,0.173,0.303,10,1,2
12.84,330.81,325.07,5.74,0.621,0,9426.2,0,0.063,0.192,11,0,2
12.16,373.24,337.64,35.6,0.852,1,51.0,2,0.805,0.39,4,13,1
19.53,295.96,291.66,4.3,0.834,0,7815.6,0,0.072,0.204,9,0,2
15.52,325.41,307.98,17.42,0.732,0,376.2,6,0.52,0.414,7,7,3
13.18,319.27,308.91,10.36,0.627,0,5778.6,0,0.223,0.279,5,0,2
8.63,328.57,314.0,14.57,0.628,1,5189.3,0,0.172,0.408,6,2,2
4.98,304.24,293.35,10.89,0.785,0,5150.4,0,0.043,0.355,6,1,2
5.44,312.68,302.41,10.27,0.69,1,8575.3,0,0.215,0.389,5,2,2
33.44,381.34,352.13,29.21,0.795,0,94.8,3,0.303,0.807,3,2,0
13.48,319.32,303.35,15.97,0.769,0,14047.3,0,0.105,0.289,7,2,2
1.76,305.38,295.78,9.59,0.239,0,7223.5,0,0.227,0.22,2,0,5
95.45,335.25,314.9,20.35,0.786,0,348.1,1,0.08,0.777,2,2,0
62.71,374.96,342.63,32.33,0.822,1,3412.7,0,0.496,0.773,13,3,4
22.49,394.0,351.15,42.85,0.866,0,202.6,1,0.785,0.422,1,15,1
17.8,314.95,297.1,17.85,0.699,1,2009.6,7,0.778,0.541,2,4,3
47.98,320.04,299.68,20.36,0.912,1,771.6,7,0.398,0.913,4,1,0
69.56,317.73,290.42,27.31,0.704,0,170.4,1,0.447,0.751,3,0,0
2.37,314.44,305.07,9.38,0.526,1,2577.5,0,0.187,0.066,0,1,5
4.83,306.72,303.17,3.56,0.351,0,2675.8,0,0.032,0.321,0,1,5
35.93,362.24,332.39,29.86,0.873,1,12.4,2,0.711,0.478,4,9,1
74.72,336.0,300.78,35.23,0.913,1,5970.3,0,0.467,0.918,13,1,4
108.87,381.99,346.32,35.67,0.791,1,19991.8,0,0.367,0.899,11,0,4
65.49,362.92,330.57,32.36,0.838,0,16156.4,0,0.258,0.672,9,2,4
9.02,310.45,305.09,5.36,0.535,0,6658.3,0,0.037,0.227,7,1,2
16.87,317.24,312.01,5.22,0.325,0,5527.3,0,0.173,0.124,1,0,5
17.02,328.44,321.44,7.0,0.743,0,2062.0,0,0.062,0.156,8,0,2
46.4,343.28,304.63,38.64,0.883,0,98.4,5,0.24,0.977,3,4,0
107.59,393.04,357.6,35.44,0.874,1,7752.4,0,0.446,0.873,11,0,4
16.16,338.16,331.73,6.43,0.855,0,7949.5,0,0.232,0.293,9,2,2
3.5,305.09,296.24,8.85,0.29,0,4429.7,0,0.173,0.211,0,0,5
42.47,354.91,327.54,27.37,0.974,0,314.0,2,0.318,0.838,2,1,0
3.36,303.18,300.15,3.03,0.474,0,1870.2,0,0.181,0.145,3,0,5
74.1,305.1,279.15,25.94,0.741,1,90.8,1,0.113,0.966,5,2,0
42.97,305.51,269.14,36.37,0.83,0,43.3,1,0.17,0.91,4,3,0
16.45,363.43,331.29,32.14,0.932,1,60.4,1,0.819,0.319,3,12,1
10.6,357.7,348.47,9.22,0.82,0,7945.2,0,0.217,0.264,6,1,2
6.06,318.91,306.15,12.76,0.78,1,2674.9,0,0.204,0.408,6,0,2
13.73,349.93,327.07,22.86,0.777,0,2039.2,6,0.783,0.644,4,11,3
9.93,332.66,314.08,18.58,0.864,0,8555.7,0,0.055,0.259,13,1,2
74.54,369.7,343.85,25.85,0.934,0,226.3,5,0.188,0.748,1,1,0
13.96,323.42,307.43,15.99,0.812,0,5729.7,0,0.109,0.401,8,1,2
87.51,380.06,345.44,34.62,0.857,1,9818.5,0,0.318,0.889,12,0,4
23.69,330.52,314.57,15.95,0.62,0,1047.9,6,0.538,0.656,6,7,3
8.08,314.18,302.54,11.64,0.237,0,3475.1,7,0.172,0.109,0,0,5
14.47,317.59,307.52,10.06,0.788,0,9886.6,0,0.112,0.352,10,2,2
74.76,340.5,301.95,38.55,0.834,1,15669.8,0,0.366,0.661,11,0,4
30.06,310.32,290.62,19.7,0.845,0,208.4,6,0.653,0.496,3,5,3
9.79,357.89,329.44,28.45,0.971,1,57.0,3,0.852,0.485,5,14,1
3.66,316.47,305.83,10.64,0.538,1,7957.8,0,0.012,0.304,2,1,5
20.85,329.9,308.0,21.89,0.805,0,615.9,7,0.806,0.508,5,7,3
10.61,325.37,309.18,16.19,0.526,1,6307.2,0,0.108,0.13,10,2,2
30.34,316.34,283.42,32.92,0.825,1,66.7,7,0.122,0.886,3,2,0
4.8,332.62,321.69,10.94,0.88,0,10945.7,0,0.046,0.414,8,3,2
30.95,314.19,303.42,10.78,0.621,0,711.4,6,0.779,0.566,2,5,3
24.44,297.38,282.57,14.8,0.79,0,11134.1,0,0.154,0.393,8,5,2
2.68,328.05,313.05,15.0,0.789,0,7135.4,0,0.208,0.329,9,1,2
19.63,320.18,300.67,19.51,0.518,0,4377.9,0,0.078,0.338,9,1,2
103.3,342.35,293.17,49.18,0.936,0,19043.0,0,0.443,0.835,13,2,4
13.63,372.56,348.44,24.12,0.833,1,41.8,1,0.835,0.424,6,13,1
12.15,308.3,294.1,14.21,0.8,0,5819.9,0,0.138,0.31,5,1,2
6.8,319.05,310.22,8.83,0.569,0,4788.7,0,0.231,0.351,1,1,5
11.61,331.4,307.73,23.67,0.633,0,644.7,6,0.513,0.679,4,2,3
17.23,343.37,336.8,6.57,0.639,0,10580.8,0,0.241,0.334,11,0,2
21.06,335.18,323.28,11.9,0.701,0,13388.8,0,0.242,0.292,10,1,2
17.94,343.33,326.33,17.0,0.778,1,1081.3,7,0.71,0.691,2,4,3
16.43,348.88,314.81,34.07,0.905,1,5.8,1,0.916,0.502,2,9,1
32.14,329.73,322.83,6.9,0.7,0,13610.8,0,0.073,0.319,7,0,2
32.05,340.89,325.14,15.75,0.655,1,1231.5,7,0.459,0.628,7,7,3
3.7,311.61,308.24,3.37,0.344,0,1810.3,0,0.294,0.148,0,1,5
18.85,318.15,307.24,10.91,0.837,0,14496.3,0,0.111,0.413,9,0,2
20.02,341.28,319.96,21.32,0.748,0,523.5,6,0.689,0.625,2,6,3
12.31,311.19,301.3,9.89,0.513,0,2311.6,0,0.24,0.298,12,1,2
57.49,319.51,298.36,21.14,0.75,0,243.7,3,0.317,0.766,5,2,0
19.04,328.99,313.69,15.3,0.762,0,14423.5,0,0.145,0.178,5,2,2
15.82,367.47,355.73,11.74,0.915,1,384.6,6,0.578,0.544,5,2,3
8.11,363.57,334.83,28.74,0.929,1,55.6,2,0.92,0.261,5,13,1
42.5,320.57,300.15,20.42,0.846,1,1737.7,7,0.64,0.424,3,3,3
22.96,295.94,288.9,7.04,0.754,0,3193.6,0,0.211,0.266,9,1,2
19.16,333.28,323.03,10.25,0.892,0,8982.8,0,0.022,0.103,8,4,2
24.76,336.99,307.41,29.58,0.713,1,352.5,6,0.825,0.66,3,5,3
3.41,330.22,316.54,13.68,0.534,1,5379.2,0,0.042,0.307,2,0,5
4.97,300.98,284.69,16.3,0.84,0,10663.0,0,0.143,0.115,11,2,2
14.03,367.72,334.35,33.37,0.823,1,107.7,2,0.967,0.463,2,9,1
29.33,299.41,285.33,14.08,0.776,0,12174.6,0,0.185,0.175,9,2,2
3.2,316.7,306.92,9.77,0.322,0,2494.5,0,0.286,0.171,2,2,5
7.91,343.22,316.91,26.31,0.821,1,3.0,1,0.769,0.292,2,12,1
18.35,313.44,314.2,-0.76,0.435,0,6588.6,0,0.281,0.312,0,1,5
81.01,352.86,316.84,36.02,0.762,0,21925.9,0,0.267,0.717,13,0,4
81.88,357.95,338.98,18.96,0.755,1,11243.1,0,0.216,0.931,12,1,4
11.58,319.16,302.66,16.5,0.796,0,12181.0,0,0.244,0.244,9,4,2
78.34,333.1,302.4,30.71,0.962,0,87.6,1,0.328,0.73,3,1,0
14.92,343.36,322.53,20.83,0.911,0,249.3,6,0.512,0.517,2,3,3
34.15,354.75,316.96,37.79,0.962,0,414.2,1,0.609,0.386,3,12,1
25.32,343.42,327.95,15.47,0.778,1,653.7,6,0.449,0.555,4,3,3
15.96,319.33,305.42,13.91,0.728,0,5334.7,0,0.029,0.148,8,3,2
111.92,355.29,332.14,23.15,0.916,1,21893.7,0,0.353,0.716,15,1,4
5.2,326.1,316.6,9.49,0.809,0,5841.9,0,0.181,0.443,6,2,2
2.81,320.3,311.94,8.36,0.242,1,1411.7,0,0.221,0.164,0,0,5
77.13,394.62,373.87,20.76,0.985,1,10103.0,0,0.337,0.808,18,1,4
31.75,340.22,301.21,39.0,0.97,1,103.5,1,0.861,0.206,3,14,1
79.99,357.94,346.03,11.92,0.788,1,10176.4,0,0.37,0.89,7,0,4
8.58,308.34,298.97,9.36,0.289,0,5794.7,0,0.163,0.392,0,1,5
28.74,339.26,316.17,23.08,0.882,0,501.1,6,0.704,0.437,5,5,3
64.18,375.19,353.24,21.95,0.822,1,62.2,1,0.192,0.858,3,1,0
15.83,324.55,309.75,14.8,0.507,0,8400.2,0,0.214,0.423,10,0,2
7.54,333.05,329.22,3.83,0.61,0,11879.3,0,0.167,0.175,9,1,2
14.23,320.79,309.55,11.24,0.848,0,13555.7,0,0.234,0.257,7,2,2
2.6,318.14,309.56,8.59,0.585,1,3804.1,0,0.177,0.28,0,1,5
15.59,312.13,301.69,10.44,0.857,0,2035.7,0,0.208,0.246,8,3,2
43.67,380.53,365.25,15.28,0.912,1,3492.9,0,0.376,0.852,8,1,4
136.49,358.49,333.61,24.88,0.804,1,21787.6,0,0.479,0.949,14,0,4
39.76,329.41,306.71,22.7,0.762,0,217.5,6,0.436,0.411,1,7,3
62.05,350.06,326.19,23.87,0.73,1,53.4,1,0.173,0.925,4,0,0
8.0,318.42,306.25,12.17,0.856,1,9768.6,0,0.047,0.426,5,0,2
15.5,334.91,313.75,21.17,0.621,0,171.1,6,0.609,0.408,3,1,3
10.84,335.61,319.8,15.81,0.503,0,14146.0,0,0.246,0.26,5,3,2
8.89,324.04,312.23,11.81,0.508,0,2811.0,0,0.038,0.215,11,4,2
19.96,348.79,302.01,46.78,0.81,0,15.1,3,0.623,0.235,2,8,1
13.06,312.12,302.23,9.89,0.76,0,11649.1,0,0.077,0.106,9,1,2
100.29,362.0,337.42,24.58,0.812,1,15428.2,0,0.474,0.836,11,2,4
11.95,335.3,321.63,13.67,0.622,0,8464.3,0,0.234,0.294,4,3,2
6.32,300.42,291.8,8.62,0.203,0,4866.4,0,0.168,0.292,1,1,5
33.49,332.93,301.18,31.76,0.913,1,21.8,1,0.102,0.936,3,3,0
5.24,312.25,305.29,6.96,0.571,0,2274.0,8,0.05,0.218,1,1,5
13.96,308.08,294.71,13.37,0.897,0,11064.3,0,0.2,0.411,7,0,2
9.7,313.41,304.1,9.3,0.634,1,9953.2,0,0.155,0.431,4,1,2
37.39,315.48,275.83,39.65,0.87,1,66.2,1,0.354,0.938,3,2,0
158.81,347.33,327.64,19.69,0.791,0,11644.4,0,0.164,0.735,15,2,4
10.08,323.39,313.43,9.96,0.592,0,13729.9,0,0.098,0.378,12,2,2
74.51,361.62,325.92,35.69,0.982,1,17085.0,0,0.463,0.872,19,0,4
19.21,301.01,285.76,15.25,0.894,0,7647.2,0,0.19,0.302,10,2,2
2.05,301.43,294.25,7.18,0.537,1,888.2,0,0.293,0.354,1,0,5
7.52,313.33,297.72,15.61,0.209,1,3333.9,0,0.204,0.282,0,0,5
14.3,345.38,326.39,18.99,0.88,0,1049.1,7,0.763,0.359,6,7,3
11.61,344.06,329.66,14.4,0.605,0,150.0,7,0.487,0.675,7,4,3
10.9,333.27,320.12,13.16,0.744,0,14697.1,0,0.09,0.35,6,0,2
30.84,325.77,309.74,16.03,0.625,1,757.9,6,0.709,0.676,2,6,3
109.93,373.44,335.06,38.38,0.765,0,21516.7,0,0.414,0.753,14,1,4
29.67,323.87,306.17,17.7,0.626,0,240.1,6,0.604,0.561,3,5,3
34.06,342.07,292.73,49.34,0.955,1,13.4,1,0.7,0.388,1,11,1
8.35,316.19,299.44,16.75,0.838,0,5333.4,0,0.217,0.252,8,2,2
5.32,315.49,306.84,8.65,0.524,0,6746.1,7,0.083,0.163,2,1,5
6.96,307.12,294.78,12.33,0.544,0,7245.0,0,0.124,0.349,13,2,2
37.8,346.13,325.73,20.4,0.715,0,214.1,6,0.52,0.658,1,2,3
50.29,371.17,346.01,25.17,0.936,1,14299.8,0,0.312,0.855,13,1,4
16.98,314.7,302.74,11.96,0.875,0,5871.3,0,0.103,0.41,8,2,2
42.01,362.51,324.2,38.31,0.998,0,55.6,3,0.636,0.383,3,14,1
5.62,323.47,316.33,7.13,0.895,0,2403.8,0,0.11,0.231,10,3,2
26.37,353.06,320.84,32.21,0.924,1,157.3,1,0.946,0.306,6,10,1
12.39,312.4,291.94,20.46,0.78,1,496.3,6,0.589,0.578,4,7,3
6.24,316.99,302.29,14.7,0.711,0,3120.7,0,0.058,0.29,15,2,2
76.06,332.16,316.45,15.71,0.939,1,268.8,2,0.164,0.927,2,0,0
18.89,332.21,316.41,15.8,0.808,0,7183.1,0,0.022,0.395,8,0,2
2.75,324.18,318.84,5.34,0.374,0,3903.9,7,0.182,0.073,0,0,5
13.28,340.86,323.68,17.18,0.611,1,143.3,7,0.468,0.447,4,6,3
68.59,392.08,369.16,22.91,0.843,1,23403.6,0,0.223,0.836,10,1,4
10.17,291.77,289.81,1.96,0.554,1,6602.1,7,0.157,0.085,3,0,5
58.56,292.07,255.33,36.74,0.917,1,26.0,1,0.193,0.925,2,1,0
30.84,358.34,334.51,23.83,0.73,1,5.3,3,0.106,0.965,4,2,0
104.48,363.34,327.49,35.84,0.755,1,10.5,3,0.272,0.883,9,0,0
6.7,330.38,318.58,11.8,0.815,0,7960.1,0,0.207,0.381,10,2,2
2.18,306.71,293.52,13.19,0.458,1,2409.1,0,0.089,0.285,0,1,5
10.67,330.11,321.29,8.82,0.804,0,3290.5,0,0.141,0.338,8,1,2
24.5,341.6,323.22,18.38,0.74,0,452.2,4,0.468,0.403,7,3,3
44.46,352.33,321.85,30.48,0.981,1,410.8,1,0.301,0.916,5,1,0
11.7,363.12,318.43,44.69,0.846,1,392.1,2,0.971,0.525,2,15,1
45.91,348.34,313.3,35.04,0.895,0,2.7,7,0.15,0.889,4,3,0
10.3,310.42,306.19,4.23,0.372,1,2791.1,7,0.133,0.184,0,1,5
95.47,354.14,322.45,31.7,0.844,1,14059.8,0,0.114,0.84,14,1,4
4.73,335.79,325.23,10.56,0.85,1,2420.7,0,0.203,0.124,10,2,2
20.61,358.96,316.74,42.22,0.92,1,419.1,1,0.794,0.397,1,18,1
30.81,306.5,282.37,24.12,0.977,0,156.8,2,0.138,0.82,3,1,0
42.13,365.86,333.35,32.5,0.934,1,473.9,1,0.22,0.704,4,1,0
17.75,329.45,319.07,10.38,0.704,0,158.8,6,0.514,0.471,4,6,3
27.88,315.99,292.45,23.54,0.697,0,600.2,7,0.615,0.402,2,8,3
59.16,341.72,319.62,22.09,0.72,1,305.7,5,0.425,0.724,2,0,0
30.72,333.91,293.7,40.22,0.954,0,98.6,1,0.679,0.489,3,11,1
75.25,346.72,312.38,34.33,0.883,1,4.6,2,0.404,0.705,4,1,0
26.04,338.04,316.74,21.3,0.727,1,747.1,6,0.574,0.627,3,3,3
32.47,358.19,335.87,22.33,0.86,1,331.6,2,0.735,0.41,3,13,1
24.04,311.59,297.25,14.34,0.599,0,12441.5,0,0.073,0.405,9,0,2
36.91,360.34,320.33,40.01,0.97,1,246.0,2,0.71,0.546,4,10,1
14.75,304.98,287.24,17.74,0.9,1,332.4,6,0.714,0.404,2,7,3
16.47,359.61,317.65,41.96,0.89,1,57.4,1,0.736,0.344,2,10,1
67.11,322.35,298.66,23.69,0.919,0,76.6,3,0.243,0.907,3,0,0
11.23,302.97,287.48,15.49,0.694,0,7697.9,0,0.082,0.339,5,0,2
13.24,296.65,281.54,15.11,0.799,0,6255.1,0,0.167,0.306,9,2,2
21.81,300.65,291.42,9.23,0.807,0,14939.4,0,0.092,0.396,4,2,2
36.03,394.11,377.29,16.82,0.782,1,128.0,1,0.382,0.853,6,0,0
9.59,318.9,300.43,18.47,0.618,0,11996.6,0,0.026,0.194,14,2,2
18.76,311.66,297.77,13.89,0.691,0,14751.4,0,0.077,0.367,9,1,2
12.17,335.82,322.49,13.33,0.638,0,669.0,6,0.427,0.38,6,5,3
4.84,304.17,290.36,13.82,0.797,0,1600.7,0,0.146,0.247,7,3,2
4.27,318.77,302.08,16.69,0.77,1,11078.5,0,0.056,0.349,5,1,2
30.47,353.78,327.1,26.67,0.942,0,73.4,1,0.304,0.8,3,1,0
2.94,300.36,292.45,7.91,0.43,0,2172.4,0,0.16,0.112,0,0,5
65.32,364.62,341.86,22.77,0.898,0,215.1,3,0.096,0.919,3,0,0
19.49,329.17,313.85,15.32,0.775,0,495.7,6,0.435,0.505,3,3,3
12.57,309.05,293.25,15.8,0.675,0,5936.1,0,0.172,0.281,9,2,2
51.43,364.34,331.82,32.52,0.829,1,439.6,2,0.122,0.775,2,1,0
13.74,338.41,314.09,24.32,0.976,1,169.4,2,0.64,0.535,2,11,1
5.42,323.37,316.93,6.44,0.825,0,5461.9,0,0.237,0.158,4,1,2
33.84,344.88,307.1,37.78,0.821,1,43.4,1,0.895,0.345,4,16,1
27.4,334.97,312.73,22.23,0.785,1,480.7,7,0.682,0.662,6,2,3
49.23,317.72,301.49,16.23,0.684,0,158.5,4,0.85,0.655,5,6,3
25.19,379.92,350.47,29.45,0.81,1,32.8,1,0.208,0.939,4,3,0
26.68,345.82,325.28,20.54,0.798,0,317.1,6,0.594,0.368,4,8,3
4.41,300.7,298.42,2.28,0.386,0,1727.7,7,0.068,0.341,2,0,5
34.56,347.88,325.58,22.3,0.838,1,651.0,6,0.432,0.408,6,1,3
3.67,312.37,305.35,7.02,0.348,0,2397.8,0,0.024,0.056,2,0,5
11.03,310.93,295.84,15.09,0.62,0,4020.7,0,0.023,0.249,9,1,2
10.46,302.14,289.63,12.5,0.853,0,4913.1,0,0.079,0.133,10,1,2
9.7,310.88,300.74,10.14,0.894,0,9121.1,0,0.203,0.19,7,2,2
108.66,343.28,306.2,37.08,0.843,1,18953.6,0,0.285,0.899,11,1,4
11.45,309.18,295.02,14.16,0.856,1,14030.8,0,0.235,0.204,7,3,2
7.36,319.99,308.84,11.16,0.513,0,10858.8,0,0.046,0.32,2,3,2
2.29,326.21,319.69,6.52,0.518,0,1836.9,0,0.149,0.125,5,1,2
7.53,299.95,287.74,12.21,0.678,0,10442.2,0,0.22,0.262,6,2,2
53.22,363.54,340.82,22.72,0.948,0,160.1,3,0.146,0.747,6,0,0
12.96,335.66,309.97,25.69,0.873,0,573.0,6,0.419,0.364,2,4,3
12.74,304.81,298.54,6.27,0.804,0,6387.6,0,0.223,0.389,7,1,2
8.49,324.91,308.31,16.6,0.671,0,6843.5,0,0.205,0.17,7,2,2
2.93,326.14,322.4,3.74,0.734,0,14833.4,0,0.246,0.423,10,7,2
5.49,293.48,283.04,10.44,0.826,0,6479.0,0,0.116,0.413,8,1,2
20.53,378.12,318.81,59.31,0.921,1,248.1,1,0.866,0.423,1,12,1
3.86,321.31,315.93,5.39,0.525,0,2455.8,0,0.24,0.097,1,3,5
129.18,329.84,299.72,30.12,0.964,1,24430.7,0,0.297,0.868,10,2,4
6.24,322.07,310.2,11.86,0.762,1,4751.2,0,0.093,0.227,8,7,2
5.77,323.3,313.27,10.02,0.598,0,5454.4,0,0.184,0.24,7,1,2
14.48,328.84,321.79,7.05,0.715,0,9623.5,0,0.224,0.152,12,4,2
11.3,305.17,295.15,10.02,0.803,0,13472.0,0,0.148,0.198,11,2,2
8.15,319.53,309.74,9.79,0.699,0,5517.8,0,0.159,0.31,9,0,2
40.79,344.15,311.47,32.68,0.857,0,81.0,3,0.725,0.414,3,8,1
80.74,361.4,341.55,19.85,0.929,1,159.3,1,0.056,0.896,5,3,0
7.33,303.58,296.91,6.67,0.556,0,5793.3,0,0.168,0.165,0,2,5
11.96,307.27,284.15,23.12,0.641,1,561.4,4,0.611,0.405,5,4,3
12.21,306.9,302.53,4.37,0.49,1,4751.8,0,0.045,0.386,1,1,5
64.03,347.65,326.02,21.63,0.906,0,308.0,7,0.375,0.785,5,0,0
89.18,366.82,338.4,28.42,0.778,1,6998.2,0,0.297,0.76,11,1,4
30.13,341.2,311.51,29.68,0.807,0,181.3,1,0.678,0.29,2,14,1
12.01,318.38,306.91,11.47,0.638,1,13325.2,0,0.176,0.237,7,2,2
3.22,312.48,306.67,5.81,0.315,0,2152.6,0,0.079,0.322,0,1,5
17.24,321.77,312.1,9.67,0.691,0,8590.4,0,0.221,0.125,14,1,2
32.12,371.58,336.25,35.33,0.931,1,139.6,1,0.214,0.853,7,0,0
11.04,310.6,308.12,2.48,0.583,0,9362.4,0,0.217,0.242,10,2,2
17.06,330.98,314.47,16.52,0.84,1,6025.4,0,0.038,0.33,11,0,2
3.26,317.97,304.05,13.92,0.739,0,11571.6,0,0.131,0.315,7,1,2
5.65,325.44,310.48,14.96,0.58,0,13816.4,0,0.088,0.128,8,3,2
3.61,317.26,308.8,8.46,0.409,0,5212.0,0,0.032,0.347,0,0,5
14.52,321.86,307.71,14.15,0.518,0,7361.8,0,0.241,0.133,11,0,2
35.62,360.77,339.58,21.19,0.84,1,483.2,1,0.193,0.742,5,3,0
15.0,318.89,301.46,17.43,0.646,0,9034.2,0,0.191,0.169,7,1,2
25.13,350.61,318.68,31.93,0.953,1,305.0,3,0.81,0.421,2,10,1
15.09,320.92,315.19,5.72,0.609,0,1968.6,0,0.236,0.198,12,3,2
42.84,336.65,311.54,25.11,0.924,0,52.4,3,0.116,0.798,3,1,0
14.32,361.42,323.33,38.08,0.883,1,25.9,1,0.883,0.226,3,7,1
56.82,369.19,353.63,15.56,0.942,0,322.9,2,0.38,0.793,3,2,0
115.38,336.26,310.3,25.96,0.803,1,190.2,5,0.327,0.82,3,2,0
15.88,385.06,337.46,47.6,0.846,1,56.6,1,0.696,0.217,2,11,1
83.66,383.18,361.22,21.96,0.785,0,17970.8,0,0.251,0.947,8,1,4
112.77,370.38,341.43,28.94,0.763,0,13905.3,0,0.233,0.76,15,2,4
13.69,368.45,330.62,37.83,0.919,1,22.9,2,0.673,0.346,2,10,1
141.69,344.34,324.43,19.91,0.824,0,138.4,2,0.406,0.895,6,0,0
4.38,302.5,296.69,5.81,0.509,0,2013.8,7,0.182,0.148,1,0,5
10.66,328.09,313.18,14.91,0.706,0,14740.6,0,0.107,0.211,11,4,2
22.1,355.12,309.39,45.73,0.816,1,267.2,1,0.876,0.356,3,9,1
67.27,349.28,330.26,19.02,0.858,0,108.2,3,0.286,0.727,5,2,0
7.09,335.93,320.94,14.99,0.533,0,11031.1,0,0.125,0.163,14,1,2
10.37,317.56,310.64,6.92,0.562,1,6002.7,0,0.073,0.396,2,1,5
47.29,364.8,340.36,24.43,0.955,1,220.8,1,0.325,0.776,2,1,0
42.49,336.98,324.37,12.61,0.902,0,23.8,2,0.185,0.783,1,2,0
24.97,316.4,301.6,14.8,0.781,0,292.5,7,0.53,0.471,6,10,3
1.64,306.27,296.74,9.53,0.456,0,5482.3,7,0.235,0.261,0,0,5
22.34,334.46,291.29,43.17,0.833,1,110.5,1,0.841,0.533,1,11,1
9.08,326.38,316.75,9.63,0.652,0,6258.6,0,0.047,0.293,7,2,2
18.75,331.95,289.53,42.42,0.988,0,230.0,1,0.772,0.475,1,12,1
5.21,332.75,320.16,12.58,0.78,0,14624.2,0,0.179,0.148,8,1,2
10.71,314.98,301.01,13.98,0.671,0,12721.4,0,0.197,0.369,11,0,2
9.59,351.23,338.26,12.97,0.586,0,14055.6,0,0.079,0.402,11,0,2
8.62,307.64,294.29,13.36,0.552,0,1834.3,0,0.115,0.431,9,2,2
127.9,360.85,322.71,38.15,0.907,0,17413.6,0,0.173,0.704,13,1,4
28.56,327.51,298.43,29.08,0.756,0,18.6,3,0.356,0.774,1,0,0
46.0,348.53,330.41,18.12,0.914,1,293.3,2,0.974,0.367,1,7,1
151.26,361.36,332.73,28.63,0.91,0,9728.3,0,0.339,0.887,9,2,4
70.8,343.23,312.63,30.6,0.832,0,621.9,1,0.126,0.885,3,0,0
80.41,361.22,341.5,19.71,0.965,1,12905.6,0,0.373,0.661,13,1,4
22.18,357.26,335.55,21.71,0.728,1,273.5,6,0.791,0.528,1,5,3
12.98,318.87,301.55,17.32,0.867,1,12657.1,0,0.136,0.18,7,2,2
10.81,357.84,311.96,45.88,0.868,1,161.6,1,0.777,0.222,2,10,1
53.16,342.04,310.56,31.48,0.951,1,668.4,1,0.379,0.881,3,3,0
75.08,364.41,326.54,37.87,0.969,1,10158.3,0,0.331,0.937,18,0,4
101.53,366.44,337.59,28.85,0.904,1,13691.3,0,0.333,0.693,12,1,4
9.11,317.69,310.63,7.06,0.714,0,11560.4,0,0.063,0.141,7,1,2
17.14,325.38,318.77,6.61,0.698,0,13484.4,0,0.211,0.127,11,3,2
29.49,316.74,294.39,22.35,0.907,0,421.0,6,0.424,0.394,4,5,3
7.35,328.11,321.05,7.06,0.768,0,9174.9,0,0.182,0.433,6,2,2
40.82,355.06,332.48,22.57,0.977,1,73.2,1,0.27,0.902,3,5,0
60.54,340.78,316.21,24.57,0.709,0,139.0,3,0.136,0.902,5,2,0
6.94,316.15,306.09,10.06,0.546,0,8097.9,0,0.022,0.266,9,0,2
12.52,339.98,333.36,6.61,0.858,0,905.0,4,0.578,0.478,3,2,3
11.71,312.03,288.22,23.81,0.596,0,4967.4,0,0.083,0.237,10,3,2
37.75,366.2,342.47,23.72,0.779,0,7.3,2,0.281,0.86,3,1,0
93.17,330.59,312.24,18.36,0.706,1,15.0,1,0.28,0.869,5,4,0
36.52,339.4,301.81,37.59,0.959,0,10672.7,0,0.451,0.853,10,0,4
14.74,323.77,311.47,12.31,0.741,0,1804.1,0,0.091,0.225,10,0,2
102.47,414.95,387.05,27.91,0.936,0,22066.6,0,0.331,0.707,9,1,4
5.35,319.92,313.92,6.0,0.627,0,14384.1,0,0.21,0.239,6,0,2
4.98,301.9,288.65,13.25,0.387,1,1652.2,0,0.283,0.4,1,0,5
34.93,344.69,311.44,33.25,0.875,1,56.6,2,0.736,0.207,2,9,1
5.46,287.22,276.79,10.43,0.598,1,14475.7,0,0.104,0.425,5,1,2
15.67,298.04,284.4,13.64,0.236,1,7139.5,0,0.273,0.253,1,0,5
63.09,414.52,396.29,18.24,0.846,1,11240.0,0,0.29,0.908,8,1,4
39.44,350.52,321.6,28.91,0.949,1,194.6,2,0.888,0.496,2,12,1
6.45,309.41,304.05,5.36,0.638,0,2338.0,0,0.063,0.204,11,2,2
19.03,357.34,339.16,18.18,0.736,1,387.6,6,0.821,0.548,1,3,3
26.71,373.18,348.57,24.61,0.905,0,57.5,7,0.22,0.826,4,0,0
25.87,323.78,320.19,3.59,0.595,0,10821.9,0,0.179,0.102,9,3,2
5.11,300.58,286.13,14.46,0.771,0,10115.8,0,0.215,0.331,8,1,2
17.82,331.34,309.97,21.38,0.848,0,422.5,6,0.777,0.632,5,4,3
6.4,314.25,300.56,13.69,0.791,1,4460.9,0,0.115,0.203,7,2,2
24.35,333.52,330.54,2.98,0.74,0,2719.2,0,0.046,0.411,8,0,2
72.44,331.93,310.32,21.61,0.86,0,54.1,3,0.066,0.971,5,1,0
23.85,372.37,353.53,18.84,0.978,1,418.0,2,0.654,0.208,4,15,1
7.67,333.77,318.11,15.66,0.845,1,11748.3,0,0.131,0.115,11,0,2
9.78,308.2,298.87,9.33,0.65,0,11630.6,0,0.058,0.26,9,1,2
13.04,329.41,315.35,14.06,0.541,0,2698.9,0,0.118,0.147,6,0,2
92.6,364.18,334.35,29.83,0.906,1,23331.2,0,0.43,0.734,10,1,4
18.51,367.84,324.4,43.44,0.814,1,127.1,1,0.627,0.316,3,7,1
4.35,318.11,307.93,10.18,0.345,0,7987.5,0,0.162,0.28,1,0,5
37.24,372.13,334.7,37.43,0.922,0,67.3,2,0.671,0.498,2,11,1
15.75,359.44,332.38,27.06,0.888,1,130.9,2,0.725,0.524,2,8,1
50.14,337.87,301.07,36.8,0.974,1,107.8,2,0.146,0.804,3,0,0
14.79,356.71,340.08,16.63,0.712,0,398.5,6,0.493,0.476,1,6,3
21.63,346.63,325.15,21.49,0.791,1,1195.5,4,0.608,0.548,3,0,3
6.11,304.19,291.02,13.17,0.671,0,3555.0,0,0.096,0.256,8,0,2
29.24,348.88,294.41,54.47,0.989,0,149.4,1,0.871,0.436,1,10,1
14.63,338.08,321.41,16.66,0.526,0,14169.2,0,0.145,0.364,9,1,2
25.72,384.38,357.11,27.27,0.97,0,78.4,1,0.769,0.359,2,11,1
11.54,333.71,322.75,10.96,0.72,1,6555.1,0,0.085,0.326,5,2,2
25.46,326.7,308.47,18.23,0.861,1,277.5,6,0.622,0.583,3,4,3
27.02,356.37,307.7,48.67,0.814,1,148.1,1,0.623,0.33,1,12,1
49.61,332.41,314.4,18.01,0.999,1,387.6,7,0.186,0.783,4,1,0
7.09,315.96,298.95,17.01,0.561,1,5203.7,0,0.025,0.11,9,2,2
28.68,347.83,337.27,10.56,0.803,1,205.8,7,0.546,0.662,2,5,3
4.61,299.86,287.4,12.46,0.314,1,6587.7,7,0.035,0.052,1,0,5
18.8,354.98,339.73,15.26,0.98,0,263.9,3,0.436,0.961,3,3,0
5.27,318.11,314.13,3.98,0.685,0,9945.1,0,0.228,0.163,6,1,2
9.28,323.04,316.07,6.96,0.713,0,12209.2,0,0.068,0.161,5,2,2
19.47,336.0,313.92,22.08,0.864,0,257.2,2,0.837,0.412,4,12,1
37.51,343.63,311.83,31.8,0.962,0,64.7,1,0.64,0.514,4,12,1
69.62,384.94,358.8,26.14,0.858,0,12254.3,0,0.43,0.914,11,0,4
27.29,362.43,301.71,60.72,0.815,0,180.4,2,0.801,0.324,1,9,1
16.51,316.5,303.11,13.39,0.738,0,12346.3,0,0.194,0.448,7,2,2
67.62,346.97,317.61,29.35,0.909,1,221.1,1,0.281,0.87,6,2,0
2.9,307.32,297.63,9.69,0.482,0,7172.6,0,0.124,0.329,1,2,5
77.19,352.71,323.02,29.69,0.84,1,17.8,5,0.268,0.711,6,0,0
7.44,293.78,291.39,2.39,0.363,0,1983.0,7,0.265,0.303,0,0,5
3.95,328.17,312.54,15.63,0.829,0,14915.7,0,0.104,0.382,6,1,2
89.62,327.97,302.0,25.96,0.783,0,31.9,5,0.324,0.77,1,2,0
5.88,357.43,320.61,36.83,0.966,1,167.9,1,0.742,0.495,7,17,1
29.66,355.88,306.23,49.66,0.916,1,52.4,1,0.743,0.414,1,10,1
32.26,353.05,320.95,32.1,0.951,1,85.2,7,0.065,0.94,3,2,0
33.55,336.38,318.43,17.95,0.628,0,1768.6,7,0.697,0.664,5,2,3
3.7,320.16,308.9,11.25,0.736,1,4345.0,0,0.21,0.351,12,3,2
10.0,326.95,301.93,25.03,0.84,1,1046.1,4,0.517,0.375,5,10,3
15.2,363.58,341.98,21.6,0.886,0,198.7,1,0.917,0.296,2,19,1
36.29,346.0,326.2,19.8,0.953,1,517.7,3,0.426,0.855,4,4,0
2.04,307.23,302.37,4.85,0.227,0,2179.7,7,0.043,0.322,2,1,5
14.85,332.87,317.3,15.57,0.886,0,12145.5,0,0.04,0.43,6,1,2
48.45,328.68,302.38,26.3,0.804,1,70.8,3,0.345,0.705,2,1,0
35.53,320.9,307.02,13.89,0.793,0,4984.1,0,0.191,0.371,9,1,2
9.78,319.38,311.73,7.65,0.543,0,4705.8,0,0.203,0.374,14,1,2
9.16,314.51,302.87,11.64,0.742,0,14579.8,0,0.179,0.394,7,2,2
5.31,327.01,319.5,7.51,0.421,1,3283.8,0,0.232,0.299,2,2,5
23.66,315.39,300.55,14.84,0.714,1,1763.4,6,0.504,0.487,3,4,3
61.66,331.15,313.93,17.21,0.848,0,182.7,7,0.515,0.392,7,6,3
29.43,345.23,327.24,17.99,0.747,0,2.2,3,0.194,0.729,2,2,0
82.35,353.81,332.08,21.72,0.987,0,548.2,5,0.242,0.889,3,1,0
5.18,307.06,299.79,7.27,0.475,1,4329.9,0,0.132,0.354,2,0,5
77.88,373.36,344.56,28.8,0.875,0,70.8,2,0.638,0.296,2,20,1
30.94,329.16,303.33,25.82,0.855,0,42.9,2,0.767,0.302,2,9,1
24.07,350.02,315.42,34.6,0.854,0,85.5,1,0.731,0.402,3,12,1
24.68,328.48,315.55,12.93,0.708,0,326.9,7,0.597,0.387,6,6,3
9.26,308.66,299.52,9.13,0.876,0,3429.1,0,0.112,0.266,9,2,2
10.09,338.12,328.01,10.11,0.738,0,14564.8,0,0.166,0.18,7,0,2
41.06,348.01,324.1,23.91,0.82,1,25.9,1,0.097,0.827,3,1,0
23.99,363.05,333.41,29.63,0.845,1,121.3,2,0.683,0.512,4,12,1
33.55,369.93,326.93,43.0,0.808,1,204.6,3,0.687,0.403,4,20,1
24.14,352.99,335.36,17.63,0.995,1,229.1,1,0.8,0.272,4,11,1
22.61,322.96,312.12,10.84,0.61,1,8084.6,0,0.076,0.348,8,1,2
4.94,306.58,301.69,4.88,0.31,0,4044.7,7,0.267,0.145,1,0,5
7.7,321.68,314.05,7.63,0.575,0,13106.8,0,0.118,0.196,8,0,2
9.79,339.2,321.08,18.12,0.734,0,4943.1,0,0.161,0.352,7,0,2
64.19,336.15,319.63,16.52,0.948,0,133.8,5,0.191,0.88,2,1,0
13.8,341.55,312.64,28.91,0.852,1,59.5,1,0.795,0.264,3,14,1
4.93,314.51,302.47,12.04,0.855,0,10919.1,0,0.109,0.228,9,2,2
6.85,309.03,296.69,12.34,0.748,1,6923.7,0,0.122,0.124,11,1,2
3.65,313.48,311.33,2.15,0.257,1,4829.1,8,0.29,0.187,1,0,5
79.07,348.08,318.97,29.11,0.976,1,17206.5,0,0.349,0.869,11,0,4
52.0,350.44,325.41,25.03,0.931,1,341.1,1,0.23,0.736,5,1,0
27.71,366.96,329.72,37.24,0.928,1,101.1,1,0.907,0.218,4,12,1
22.65,335.71,308.91,26.81,0.696,0,142.2,6,0.441,0.511,3,2,3
5.43,318.72,308.33,10.39,0.763,1,13691.6,0,0.147,0.153,10,1,2
4.14,339.6,333.63,5.97,0.539,0,6136.6,0,0.172,0.448,5,2,2
6.75,327.2,311.41,15.78,0.875,0,2729.9,0,0.135,0.45,16,1,2
21.96,323.57,307.54,16.03,0.777,0,402.4,6,0.578,0.675,3,4,3
3.25,327.67,323.55,4.13,0.574,0,1497.1,7,0.083,0.304,0,0,5
52.87,334.95,312.43,22.53,0.812,1,446.3,2,0.307,0.729,5,2,0
39.07,375.93,351.04,24.89,0.807,0,213.5,3,0.148,0.714,2,2,0
17.86,352.02,332.6,19.42,0.851,1,1594.1,6,0.761,0.414,3,3,3
17.66,315.97,303.68,12.29,0.678,0,13286.1,0,0.023,0.406,10,2,2
57.54,373.83,349.22,24.62,0.826,0,296.6,2,0.312,0.753,4,1,0
13.77,367.07,321.32,45.75,0.895,0,67.3,1,0.726,0.274,2,13,1
35.78,347.77,324.45,23.32,0.963,0,148.6,2,0.234,0.971,3,0,0
16.36,312.1,295.4,16.7,0.864,0,2180.4,0,0.144,0.35,12,2,2
24.01,321.26,293.09,28.18,0.707,1,208.6,1,0.378,0.756,5,0,0
96.61,382.01,373.82,8.2,0.794,1,9646.9,0,0.117,0.797,7,1,4
71.13,362.93,342.47,20.46,0.887,0,41.5,1,0.296,0.917,3,2,0
2.13,296.16,287.58,8.57,0.37,1,4436.9,7,0.038,0.169,0,1,5
2.08,309.13,299.96,9.17,0.546,0,1511.3,7,0.12,0.323,2,0,5
125.98,346.85,315.37,31.48,0.916,1,22274.2,0,0.434,0.745,12,0,4
2.46,290.8,285.2,5.6,0.344,0,1836.4,0,0.203,0.055,1,1,5
66.49,352.83,319.77,33.06,0.807,0,9507.4,0,0.249,0.859,10,0,4
2.33,318.3,311.44,6.86,0.521,0,6862.2,0,0.044,0.392,2,2,5
11.89,324.98,309.14,15.84,0.725,1,490.1,6,0.797,0.36,5,3,3
25.9,345.86,314.09,31.77,0.818,1,89.2,1,0.754,0.207,3,15,1
107.11,367.05,337.02,30.03,0.89,1,8101.3,0,0.247,0.888,11,1,4
20.07,321.81,307.02,14.79,0.531,0,10749.4,0,0.045,0.147,7,2,2
39.15,340.62,319.41,21.21,0.793,1,275.5,3,0.257,0.747,3,3,0
3.23,314.87,308.72,6.16,0.434,1,6956.5,8,0.094,0.328,0,0,5
1.33,302.27,296.36,5.91,0.479,1,6413.0,0,0.241,0.053,1,0,5
12.23,329.23,317.24,11.99,0.714,0,2685.3,0,0.095,0.314,12,1,2
8.34,316.82,303.52,13.3,0.779,0,13241.8,0,0.021,0.162,6,3,2
13.31,309.48,294.32,15.15,0.587,0,3730.6,0,0.232,0.283,9,2,2
5.21,334.4,322.81,11.59,0.566,0,7036.8,0,0.174,0.185,13,1,2
31.63,352.43,314.48,37.95,0.848,1,85.3,1,0.866,0.21,3,14,1
22.12,357.1,309.69,47.41,0.863,1,144.6,3,0.639,0.255,2,11,1
14.76,312.0,296.98,15.03,0.821,0,135.4,6,0.747,0.61,5,5,3
65.33,330.27,305.94,24.33,0.968,1,1110.6,2,0.35,0.757,8,2,0
24.65,341.24,312.31,28.93,0.852,0,2886.4,6,0.645,0.356,2,3,3
26.09,342.03,325.77,16.26,0.611,1,1013.0,4,0.696,0.364,5,5,3
12.81,321.96,308.96,13.01,0.68,0,10761.3,0,0.129,0.122,6,1,2
28.69,333.65,329.85,3.81,0.502,1,6140.2,0,0.203,0.287,11,0,2
7.64,317.77,303.15,14.61,0.555,0,10359.6,0,0.02,0.399,4,3,2
27.46,303.89,292.83,11.06,0.503,0,10438.9,0,0.128,0.124,7,2,2
25.7,374.61,336.13,38.48,0.962,1,96.0,1,0.656,0.401,2,7,1
78.12,341.17,313.16,28.0,0.762,1,22215.2,0,0.232,0.713,12,1,4
2.9,309.87,304.03,5.84,0.461,1,6905.8,7,0.238,0.267,0,0,5
34.98,357.02,338.19,18.84,0.806,1,73.2,1,0.697,0.474,4,12,1
28.35,355.91,326.39,29.52,0.872,0,59.1,1,0.971,0.486,2,10,1
81.65,358.0,325.69,32.31,0.765,0,24292.2,0,0.136,0.927,10,1,4
37.62,381.21,348.93,32.28,0.89,1,66.1,1,0.68,0.379,1,8,1
6.93,337.8,326.21,11.59,0.786,0,4999.9,0,0.115,0.409,8,2,2
12.26,384.86,356.24,28.61,0.942,1,97.3,2,0.908,0.452,3,13,1
7.98,327.64,316.03,11.61,0.896,0,4531.0,0,0.135,0.343,5,3,2
20.23,318.16,300.6,17.56,0.763,1,125.4,6,0.77,0.474,5,2,3
7.86,344.33,329.81,14.52,0.824,0,218.9,6,0.541,0.589,3,6,3
9.72,313.13,298.61,14.52,0.554,1,14070.7,0,0.246,0.127,7,0,2
14.61,298.61,293.92,4.69,0.437,0,1813.2,8,0.2,0.164,1,1,5
60.12,361.03,332.58,28.45,0.864,1,9.5,2,0.337,0.942,3,1,0
10.69,312.77,296.24,16.52,0.718,1,561.2,4,0.458,0.433,4,6,3
15.11,319.25,310.81,8.43,0.785,1,1969.1,6,0.499,0.369,4,1,3
17.63,340.86,326.61,14.25,0.796,0,13946.4,0,0.096,0.139,9,0,2
23.79,332.49,305.58,26.91,0.859,0,222.7,2,0.084,0.936,2,2,0
23.43,351.94,308.75,43.2,0.96,1,7.4,1,0.863,0.348,3,9,1
17.97,361.14,343.78,17.36,0.643,1,1992.9,6,0.692,0.382,1,5,3
139.19,363.2,331.37,31.83,0.792,1,8123.8,0,0.399,0.926,16,0,4
45.27,360.18,318.57,41.62,0.895,0,21353.5,0,0.26,0.861,14,1,4
4.4,309.55,298.65,10.91,0.215,1,4849.8,8,0.05,0.315,2,0,5
5.51,313.28,303.58,9.71,0.285,0,2230.9,7,0.014,0.387,1,1,5
5.31,316.66,306.87,9.79,0.563,0,10581.8,0,0.051,0.121,4,1,2
26.83,371.66,323.93,47.73,0.938,0,41.4,3,0.761,0.536,1,16,1
73.49,367.53,344.45,23.08,0.884,1,129.4,2,0.308,0.856,6,1,0
28.14,344.89,330.14,14.75,0.943,0,4.8,1,0.392,0.969,7,1,0
9.23,318.25,299.34,18.91,0.858,0,3751.3,0,0.215,0.301,6,2,2
39.1,349.69,313.76,35.93,0.863,1,25.1,1,0.605,0.519,1,14,1
58.38,336.1,320.0,16.11,0.77,1,370.7,3,0.282,0.725,4,1,0
14.07,343.55,330.64,12.91,0.509,0,5532.4,0,0.194,0.264,12,2,2
21.41,338.29,324.66,13.63,0.683,0,3283.5,0,0.227,0.357,7,2,2
110.88,375.82,352.17,23.65,0.822,1,503.1,7,0.434,0.702,1,0,0
44.78,338.31,317.68,20.63,0.978,0,607.8,1,0.347,0.853,4,0,0
25.7,328.28,307.79,20.49,0.942,1,150.0,1,0.417,0.754,6,0,0
35.43,360.54,331.45,29.09,0.891,1,49.4,1,0.627,0.503,6,15,1
10.71,319.28,313.49,5.79,0.696,0,10193.0,0,0.189,0.347,11,1,2
85.5,389.89,345.84,44.05,0.884,1,19566.1,0,0.15,0.664,13,1,4
15.17,303.96,293.76,10.2,0.553,0,9164.4,0,0.229,0.34,9,1,2
19.74,312.39,303.92,8.46,0.695,0,5171.4,0,0.205,0.384,11,1,2
124.87,360.46,330.34,30.11,0.901,1,50.3,1,0.373,0.838,2,0,0
76.87,344.76,311.95,32.81,0.818,1,17386.2,0,0.417,0.874,15,0,4
97.26,363.38,333.15,30.23,0.933,1,17247.5,0,0.306,0.718,8,0,4
52.63,332.14,306.09,26.05,0.908,1,45.7,3,0.145,0.791,6,1,0
62.4,360.45,327.53,32.93,0.836,1,99.8,1,0.441,0.768,3,1,0
13.28,341.84,322.06,19.78,0.615,1,163.1,6,0.826,0.428,4,6,3
2.43,300.1,303.2,-3.1,0.548,1,1749.7,0,0.139,0.254,5,2,5
7.61,341.14,320.82,20.32,0.745,1,378.3,6,0.52,0.557,4,1,3
10.86,284.41,269.34,15.07,0.847,0,12033.4,0,0.036,0.256,5,1,2
10.01,312.59,302.47,10.12,0.565,1,6411.9,0,0.065,0.16,8,3,2
30.44,342.54,309.86,32.69,0.789,1,346.9,2,0.317,0.716,2,0,0
30.27,312.0,283.25,28.76,0.82,0,56.8,5,0.279,0.827,2,0,0
6.96,307.01,299.54,7.47,0.291,0,541.7,0,0.04,0.251,1,0,5
2.69,317.0,306.76,10.24,0.463,1,3716.7,0,0.045,0.174,0,0,5
16.98,326.26,309.1,17.16,0.714,0,10974.9,0,0.181,0.249,11,4,2
7.68,304.65,294.1,10.55,0.559,0,1733.4,0,0.048,0.101,8,1,2
24.59,344.01,324.55,19.47,0.998,1,42.6,2,0.143,0.815,5,1,0
37.97,327.52,299.97,27.55,0.894,0,249.9,1,0.334,0.713,3,2,0
15.1,367.48,316.39,51.09,0.863,1,5.0,2,0.915,0.426,1,7,1
17.01,339.84,322.95,16.89,0.747,1,146.6,6,0.61,0.411,2,5,3
26.42,322.17,302.89,19.28,0.719,1,463.1,7,0.404,0.633,1,7,3
6.61,317.25,309.67,7.59,0.55,0,8044.6,0,0.147,0.216,9,2,2
6.37,319.85,312.82,7.03,0.688,0,7399.0,0,0.074,0.245,14,3,2
18.19,327.83,318.58,9.25,0.809,0,13698.6,0,0.052,0.191,8,3,2
5.05,325.91,319.2,6.71,0.525,1,1618.7,0,0.236,0.358,3,2,5
6.24,321.01,307.94,13.07,0.643,0,4958.1,0,0.184,0.225,3,1,2
16.13,321.07,308.32,12.75,0.857,0,3202.3,0,0.056,0.151,6,1,2
57.94,355.77,344.66,11.11,0.852,1,8089.3,0,0.158,0.676,16,2,4
19.86,321.99,315.92,6.07,0.848,0,3460.1,0,0.088,0.113,5,3,2
13.01,326.22,300.8,25.41,0.792,0,200.0,6,0.734,0.466,4,2,3
8.94,339.33,327.75,11.58,0.703,0,7839.8,0,0.104,0.356,7,1,2
8.61,340.87,324.41,16.46,0.507,1,7660.2,0,0.229,0.235,11,1,2
18.62,327.73,313.64,14.08,0.77,1,608.7,6,0.413,0.598,5,4,3
46.99,340.54,312.46,28.08,0.79,0,94.1,1,0.264,0.756,2,2,0
33.83,357.95,318.53,39.42,0.851,0,57.0,1,0.932,0.416,2,11,1
12.01,301.96,287.62,14.33,0.528,0,2082.4,0,0.199,0.297,5,1,2
19.92,308.95,297.43,11.52,0.528,0,5743.9,0,0.025,0.218,9,2,2
3.95,315.04,302.61,12.44,0.73,0,14454.8,0,0.157,0.178,7,2,2
17.73,313.18,297.3,15.88,0.557,0,3072.3,0,0.021,0.315,7,1,2
10.44,330.95,285.16,45.79,0.86,1,389.2,1,0.825,0.46,4,9,1
6.2,313.85,300.19,13.66,0.65,0,10303.8,0,0.198,0.409,8,2,2
23.25,352.5,325.93,26.58,0.94,1,7.2,2,0.791,0.204,3,8,1
9.82,312.38,300.36,12.02,0.545,0,8165.1,0,0.035,0.254,7,2,2
74.7,313.12,285.29,27.83,0.825,0,375.6,7,0.247,0.792,3,0,0
28.42,362.26,338.42,23.84,0.915,1,27.9,2,0.955,0.218,1,17,1
15.07,306.29,299.21,7.08,0.606,1,14471.1,0,0.163,0.144,11,1,2
4.53,324.4,317.57,6.82,0.307,1,3546.9,0,0.039,0.248,1,0,5
13.84,323.97,313.18,10.79,0.661,0,10515.6,0,0.147,0.16,9,1,2
9.21,323.96,310.21,13.75,0.555,0,11971.9,0,0.171,0.407,4,3,2
123.49,396.21,353.8,42.41,0.974,1,5485.2,0,0.281,0.771,17,1,4
17.19,319.66,299.83,19.83,0.772,0,725.7,6,0.606,0.483,6,5,3
7.26,336.56,328.78,7.77,0.829,1,108.2,6,0.661,0.461,5,5,3
18.41,341.92,338.69,3.23,0.709,1,11815.7,0,0.046,0.203,8,2,2
19.23,369.33,343.32,26.01,0.8,0,68.0,3,0.939,0.548,2,9,1
16.14,313.21,294.79,18.42,0.743,1,468.8,4,0.663,0.687,2,1,3
39.32,394.0,374.82,19.18,0.847,1,40.6,7,0.141,0.815,3,1,0
11.5,316.63,303.93,12.7,0.661,0,7325.5,0,0.244,0.233,7,0,2
24.95,303.66,283.75,19.91,0.681,0,9132.3,0,0.041,0.235,8,1,2
84.58,378.9,342.32,36.58,0.845,1,8695.8,0,0.411,0.845,10,0,4
97.54,394.45,359.19,35.27,0.8,1,17013.8,0,0.394,0.847,12,1,4
3.97,321.31,315.31,6.0,0.603,0,9878.9,0,0.179,0.184,8,0,2
13.74,319.28,301.49,17.79,0.746,1,119.3,7,0.82,0.577,4,3,3
3.18,306.19,291.27,14.92,0.741,0,4894.9,0,0.18,0.438,11,4,2
13.32,356.35,316.83,39.52,0.882,0,26.2,2,0.922,0.34,3,11,1
5.8,327.97,312.16,15.81,0.543,0,8821.6,0,0.046,0.188,10,3,2
8.0,305.48,300.31,5.17,0.613,0,4185.5,0,0.24,0.285,8,3,2
16.4,325.01,315.17,9.84,0.569,1,4787.6,0,0.041,0.295,11,2,2
126.09,385.92,352.2,33.73,0.812,0,15713.7,0,0.494,0.858,18,0,4
1.72,300.95,297.74,3.21,0.35,0,7270.3,0,0.166,0.367,1,2,5
19.55,321.27,305.2,16.06,0.52,0,3052.0,0,0.057,0.384,7,0,2
21.99,333.65,300.45,33.21,0.987,1,400.1,2,0.915,0.237,2,10,1
60.62,348.73,325.07,23.67,0.929,1,11899.1,0,0.109,0.918,11,0,4
6.53,328.3,318.65,9.65,0.775,1,5683.6,0,0.223,0.402,7,2,2
5.72,310.06,302.8,7.26,0.39,0,2223.3,7,0.27,0.109,1,1,5
13.87,320.62,307.42,13.2,0.798,0,11953.9,0,0.052,0.353,8,2,2
35.29,333.79,293.67,40.12,0.841,1,117.3,1,0.874,0.348,3,12,1
15.6,332.04,319.79,12.25,0.654,0,3449.5,0,0.232,0.146,11,1,2
71.59,325.75,307.89,17.86,0.997,0,257.3,7,0.255,0.701,2,2,0
12.44,325.57,307.73,17.84,0.836,1,1690.7,6,0.561,0.605,2,5,3
53.0,312.98,286.44,26.54,0.843,1,107.9,2,0.051,0.802,3,1,0
30.24,358.95,320.46,38.49,0.913,1,46.4,1,0.65,0.264,2,14,1
10.98,360.16,333.77,26.38,0.92,1,123.2,2,0.947,0.281,2,11,1
4.68,301.3,292.86,8.44,0.208,0,4882.2,7,0.187,0.226,1,2,5
58.41,341.24,321.34,19.9,0.94,0,145.8,3,0.296,0.753,4,1,0
91.87,373.79,342.69,31.1,0.813,1,19856.4,0,0.486,0.66,9,1,4
12.89,370.63,332.34,38.29,0.985,1,33.4,3,0.724,0.435,2,9,1
14.58,329.43,321.15,8.28,0.893,1,1153.3,6,0.457,0.414,3,4,3
5.73,324.14,313.6,10.54,0.691,0,10042.3,0,0.192,0.185,4,2,2
6.38,327.3,313.41,13.89,0.78,0,5044.6,0,0.118,0.42,9,0,2
12.52,343.82,311.14,32.68,0.817,0,16.4,1,0.732,0.494,4,8,1
10.29,318.87,306.08,12.79,0.761,0,11387.4,0,0.129,0.156,11,2,2
37.78,361.52,332.4,29.12,0.911,1,107.6,5,0.433,0.84,5,0,0
35.03,336.84,323.41,13.43,0.737,0,8182.2,0,0.053,0.209,4,3,2
13.21,297.27,291.21,6.06,0.732,0,3727.8,0,0.136,0.23,4,1,2
7.76,295.57,284.66,10.91,0.64,0,6587.7,0,0.113,0.147,8,2,2
1.59,315.8,313.24,2.55,0.387,1,5808.9,7,0.291,0.296,0,1,5
27.08,354.28,340.09,14.19,0.65,0,889.9,4,0.602,0.41,2,5,3
6.51,321.12,308.72,12.4,0.852,1,10511.5,0,0.215,0.356,8,1,2
3.28,301.93,291.12,10.82,0.761,0,4636.7,0,0.075,0.11,8,2,2
5.33,322.38,307.67,14.71,0.595,0,1507.3,0,0.06,0.194,6,1,2
7.95,315.67,302.25,13.42,0.691,0,1821.2,0,0.073,0.212,7,2,2
13.85,300.6,301.77,-1.17,0.402,1,733.0,0,0.264,0.233,0,0,5
37.95,339.61,317.31,22.31,0.727,0,717.1,3,0.216,0.747,4,0,0
8.55,311.68,300.16,11.52,0.699,0,10601.7,0,0.038,0.327,5,4,2
11.66,337.25,324.92,12.33,0.607,0,3832.7,0,0.095,0.366,10,1,2
4.0,335.34,323.48,11.86,0.663,0,13450.3,0,0.113,0.379,9,1,2
5.45,326.01,309.43,16.59,0.749,0,10516.3,0,0.05,0.438,6,2,2
25.89,363.83,342.3,21.53,0.874,0,120.5,1,0.89,0.266,2,7,1
17.3,338.51,297.86,40.65,0.913,0,496.3,3,0.849,0.448,3,10,1
7.3,320.49,305.58,14.91,0.757,1,588.3,6,0.517,0.398,2,5,3
50.05,304.37,275.55,28.83,0.929,1,2.4,3,0.343,0.746,4,1,0
6.88,322.05,305.96,16.09,0.714,0,6513.1,0,0.021,0.114,7,2,2
16.92,309.85,298.69,11.16,0.67,1,484.5,4,0.425,0.472,2,5,3
45.22,334.76,300.07,34.69,0.807,1,37.1,3,0.268,0.757,4,3,0
49.39,358.94,333.54,25.4,0.806,1,205.4,1,0.771,0.422,1,12,1
112.88,340.06,308.74,31.32,0.858,1,22602.5,0,0.195,0.83,12,0,4
10.92,316.44,302.22,14.22,0.462,0,6124.4,0,0.235,0.339,1,0,5
4.46,318.74,306.34,12.39,0.563,0,5247.4,0,0.118,0.3,5,1,2
119.92,375.18,340.61,34.58,0.78,1,5355.0,0,0.324,0.807,11,1,4
103.45,365.89,342.23,23.66,0.969,0,4102.4,0,0.201,0.737,13,2,4
7.32,315.99,311.16,4.84,0.843,0,8633.0,0,0.132,0.232,5,1,2
14.4,329.96,320.3,9.66,0.761,0,13553.7,0,0.171,0.265,7,4,2
59.8,367.21,342.6,24.61,0.766,0,297.4,5,0.204,0.829,3,3,0
106.13,344.59,320.92,23.67,0.798,1,16.6,2,0.063,0.722,2,3,0
16.82,333.8,312.35,21.45,0.729,1,664.7,6,0.653,0.368,3,5,3
40.07,350.37,331.92,18.44,0.619,1,683.8,7,0.466,0.567,4,3,3
4.81,311.28,299.28,12.0,0.362,0,7681.2,0,0.087,0.08,1,1,5
31.71,340.6,328.79,11.81,0.855,1,279.0,6,0.534,0.67,3,8,3
12.62,351.85,325.99,25.86,0.868,1,152.2,1,0.82,0.417,1,8,1
3.26,310.59,303.54,7.05,0.208,0,3582.8,0,0.086,0.283,0,0,5
70.2,376.14,342.05,34.09,0.791,0,19754.0,0,0.115,0.675,13,0,4
79.04,368.17,341.01,27.15,0.797,1,17411.1,0,0.406,0.934,13,0,4
22.88,330.32,311.34,18.98,0.806,1,12695.6,0,0.049,0.361,10,1,2
22.3,316.71,300.78,15.93,0.786,0,481.2,6,0.675,0.617,4,9,3
17.08,332.73,316.74,16.0,0.741,0,178.9,6,0.536,0.679,4,4,3
28.12,341.02,312.57,28.45,0.865,1,205.0,1,0.723,0.309,1,13,1
36.65,341.26,308.34,32.93,0.798,1,307.4,1,0.393,0.951,3,1,0
9.22,316.19,302.96,13.23,0.894,0,1600.4,0,0.075,0.194,5,1,2
11.0,338.22,325.12,13.1,0.875,0,10993.6,0,0.201,0.267,6,2,2
45.04,363.24,335.49,27.75,0.955,0,5.6,7,0.109,0.927,3,2,0
33.35,351.31,331.75,19.56,0.757,1,1962.6,6,0.74,0.424,3,3,3
23.87,339.99,297.96,42.03,0.8,1,11.3,1,0.727,0.245,2,12,1
93.64,360.09,335.96,24.13,0.836,0,22548.4,0,0.245,0.841,12,1,4
6.94,316.63,312.53,4.1,0.53,0,3314.3,7,0.268,0.163,2,0,5
2.03,314.93,304.96,9.97,0.295,1,7088.4,0,0.22,0.172,0,0,5
71.22,330.4,311.5,18.9,0.707,0,275.6,2,0.175,0.883,2,3,0
50.16,364.12,329.62,34.5,0.874,1,110.1,1,0.719,0.289,3,8,1
15.78,314.31,303.57,10.74,0.566,0,10046.1,0,0.064,0.269,8,2,2
6.99,328.74,319.44,9.29,0.56,0,4303.0,0,0.133,0.189,7,0,2
28.65,329.06,299.7,29.36,0.725,1,212.8,1,0.151,0.876,9,3,0
5.83,322.05,306.82,15.23,0.747,0,8301.0,0,0.141,0.114,8,2,2
10.97,348.1,325.68,22.42,0.714,1,351.7,6,0.783,0.391,2,8,3
3.54,290.63,285.13,5.5,0.302,1,6034.6,7,0.112,0.359,2,0,5
36.46,343.3,330.13,13.17,0.734,1,136.0,1,0.19,0.776,6,0,0
65.06,366.16,330.45,35.71,0.901,0,21167.0,0,0.445,0.818,21,2,4
33.19,362.84,319.96,42.89,0.947,1,9.2,2,0.965,0.342,2,14,1
6.42,300.06,289.1,10.96,0.509,0,6912.3,0,0.122,0.376,0,0,5
7.23,307.28,294.27,13.0,0.883,0,13366.9,0,0.208,0.406,10,2,2
58.68,382.24,362.97,19.27,0.795,1,4504.7,0,0.283,0.776,12,1,4
11.92,304.03,296.32,7.71,0.314,1,4005.3,7,0.255,0.387,0,0,5
51.01,365.51,333.57,31.94,0.88,1,7947.8,0,0.271,0.651,11,0,4
21.36,315.7,303.06,12.64,0.835,1,9181.6,0,0.175,0.402,5,1,2
11.28,308.17,289.02,19.15,0.886,0,208.5,6,0.752,0.64,2,3,3
89.63,378.92,335.35,43.57,0.974,1,11000.1,0,0.308,0.915,18,0,4
80.01,356.78,315.28,41.5,0.94,1,16358.3,0,0.204,0.803,11,1,4
82.02,364.73,335.92,28.81,0.858,0,21248.0,0,0.407,0.898,11,1,4
11.78,332.76,325.99,6.77,0.84,0,2120.0,0,0.21,0.293,10,0,2
9.41,321.31,309.73,11.58,0.695,0,4105.4,0,0.089,0.332,8,1,2
61.28,361.62,340.25,21.36,0.899,0,3663.4,0,0.324,0.818,9,1,4
5.73,319.36,306.79,12.57,0.56,0,8094.1,0,0.236,0.415,7,0,2
8.84,308.5,299.33,9.17,0.797,0,7913.4,0,0.208,0.445,10,2,2
9.57,315.51,300.9,14.61,0.692,0,14936.0,0,0.104,0.193,7,3,2
70.69,352.03,331.43,20.6,0.852,0,465.6,5,0.26,0.764,2,0,0
54.7,380.44,349.8,30.64,0.922,0,575.0,3,0.389,0.851,7,0,0
14.65,309.66,297.12,12.54,0.719,1,11935.5,0,0.191,0.4,6,2,2
145.09,377.48,355.84,21.64,0.766,1,22506.6,0,0.332,0.752,7,0,4
50.72,371.63,350.97,20.67,0.772,0,5650.4,0,0.193,0.848,10,1,4
17.28,374.13,329.31,44.82,0.982,0,8.5,2,0.734,0.545,1,9,1
4.06,327.08,316.53,10.55,0.63,0,4433.4,0,0.206,0.304,9,0,2
53.27,343.62,311.06,32.56,0.964,0,277.4,1,0.359,0.828,2,2,0
6.55,315.65,309.21,6.44,0.433,0,6009.9,0,0.011,0.081,0,0,5
26.38,346.04,298.26,47.77,0.878,0,60.7,1,0.616,0.429,3,4,1
26.34,346.84,333.59,13.25,0.7,1,1753.8,6,0.832,0.484,4,3,3
11.42,307.46,292.41,15.05,0.769,0,1903.0,0,0.215,0.348,6,0,2
8.34,316.16,305.72,10.44,0.666,0,5850.6,0,0.052,0.429,11,0,2
26.87,321.42,302.71,18.71,0.618,0,602.0,6,0.423,0.661,5,6,3
4.8,308.29,303.3,4.99,0.294,0,6147.6,0,0.225,0.394,0,0,5
73.14,384.28,358.64,25.64,0.978,1,23480.5,0,0.251,0.676,18,2,4
59.13,343.72,314.29,29.43,0.943,0,23744.4,0,0.464,0.941,13,1,4
5.59,313.73,300.15,13.59,0.77,0,9303.0,0,0.217,0.154,7,1,2
90.43,338.48,312.36,26.11,0.946,1,337.7,3,0.323,0.978,3,0,0
16.71,334.94,290.61,44.33,0.881,1,68.3,1,0.684,0.323,3,12,1
71.77,368.56,338.22,30.33,0.879,1,9027.6,0,0.162,0.681,10,2,4
18.09,324.09,294.76,29.33,0.966,1,15.0,2,0.814,0.376,1,11,1
20.35,364.21,330.62,33.6,0.966,1,50.5,1,0.793,0.495,2,16,1
35.67,329.72,314.5,15.22,0.703,1,2823.5,6,0.746,0.359,4,7,3
84.45,335.63,297.28,38.35,0.817,1,10458.1,0,0.311,0.936,9,0,4
105.51,351.44,323.06,28.37,0.868,1,23465.7,0,0.165,0.836,13,1,4
35.63,346.81,319.71,27.1,0.827,1,39.5,2,0.867,0.534,5,15,1
11.23,330.08,317.26,12.82,0.516,0,9666.8,0,0.035,0.117,3,0,2
73.18,340.38,312.46,27.92,0.771,1,664.7,7,0.144,0.728,3,1,0
53.96,365.93,351.56,14.37,0.797,0,11.8,7,0.063,0.885,4,2,0
10.08,330.52,318.91,11.61,0.697,0,10421.6,0,0.213,0.109,5,0,2
7.52,319.9,310.19,9.71,0.816,0,7221.7,0,0.206,0.188,7,0,2
60.36,323.96,309.83,14.13,0.889,1,6.6,1,0.127,0.841,3,6,0
14.4,332.27,308.96,23.31,0.633,1,478.6,6,0.408,0.426,3,10,3
100.94,357.87,322.75,35.12,0.947,0,9752.7,0,0.392,0.815,12,2,4
5.66,318.7,308.22,10.48,0.551,0,14488.6,0,0.08,0.269,8,0,2
43.69,322.08,313.63,8.45,0.867,0,1348.2,6,0.718,0.366,6,2,3
64.85,334.74,307.77,26.98,0.882,0,34.3,2,0.371,0.81,3,0,0
6.07,306.21,292.24,13.96,0.723,0,12386.9,0,0.103,0.311,9,2,2
42.62,349.05,317.79,31.27,0.997,1,170.8,3,0.143,0.747,3,1,0
37.33,371.71,346.96,24.75,0.803,0,91.5,1,0.359,0.748,1,3,0
20.79,340.15,316.23,23.92,0.881,1,220.8,3,0.808,0.404,1,9,1
37.84,354.78,323.57,31.21,0.857,0,377.5,2,0.377,0.823,3,2,0
61.53,328.65,289.48,39.17,0.762,1,532.7,5,0.179,0.814,6,0,0
9.71,318.56,310.83,7.73,0.546,0,995.3,8,0.219,0.102,1,1,5
2.34,294.5,285.68,8.82,0.546,1,7203.7,7,0.158,0.225,2,0,5
4.81,314.61,311.9,2.71,0.816,0,3620.2,0,0.066,0.119,10,2,2
2.22,306.88,297.81,9.07,0.278,0,2916.2,8,0.293,0.216,2,0,5
22.03,359.09,326.47,32.62,0.941,1,45.9,2,0.727,0.4,3,9,1
6.52,330.64,322.05,8.59,0.668,0,12809.0,0,0.199,0.207,8,0,2
128.07,368.1,337.01,31.1,0.84,1,19932.3,0,0.269,0.797,10,1,4
7.85,317.66,312.11,5.54,0.701,0,10970.8,0,0.098,0.444,8,2,2
6.75,307.81,301.97,5.84,0.345,1,3029.2,7,0.152,0.329,1,0,5
87.34,377.93,351.61,26.32,0.784,1,267.2,3,0.098,0.866,5,0,0
40.75,370.05,346.32,23.73,0.932,1,137.1,1,0.285,0.918,2,0,0
37.46,360.54,313.05,47.49,0.842,1,77.3,1,0.763,0.268,2,16,1
11.04,351.32,314.47,36.85,0.941,1,103.1,1,0.648,0.291,1,11,1
49.8,355.33,319.87,35.47,0.977,1,82.7,3,0.066,0.808,2,0,0
8.3,316.94,305.54,11.4,0.754,0,11374.7,0,0.191,0.148,9,0,2
7.44,315.67,300.84,14.83,0.512,0,14463.1,0,0.203,0.165,5,4,2
5.13,318.62,318.24,0.38,0.637,0,9655.7,0,0.139,0.305,2,0,2
5.77,314.33,304.3,10.03,0.219,0,7614.5,0,0.299,0.388,1,0,5
26.73,329.05,311.36,17.68,0.684,1,9844.7,0,0.154,0.275,6,1,2
45.92,364.74,336.68,28.06,0.78,0,117.6,5,0.408,0.968,6,0,0
86.94,358.26,318.48,39.77,0.864,1,3613.1,0,0.413,0.669,11,1,4
17.49,357.67,318.54,39.13,0.861,1,110.4,1,0.709,0.259,1,9,1
13.8,293.48,282.43,11.05,0.556,0,11610.5,0,0.232,0.101,8,0,2
12.0,308.97,300.43,8.54,0.631,0,8213.4,0,0.106,0.415,8,0,2
17.03,348.63,310.85,37.78,0.991,0,79.8,3,0.914,0.455,1,14,1
6.67,322.94,314.78,8.16,0.876,0,3000.1,0,0.197,0.373,9,0,2
99.87,392.82,356.28,36.54,0.948,1,10998.7,0,0.205,0.776,9,1,4
12.67,309.77,297.09,12.68,0.672,0,13673.1,0,0.028,0.144,7,3,2
127.34,348.97,315.49,33.48,0.761,0,10736.4,0,0.271,0.672,11,0,4
9.81,316.23,295.63,20.61,0.837,0,2180.5,0,0.021,0.396,4,3,2
7.95,318.15,307.55,10.6,0.617,0,8223.2,0,0.051,0.283,7,0,2
3.03,313.33,301.04,12.29,0.364,1,808.7,7,0.18,0.374,1,1,5
7.98,305.77,285.32,20.45,0.716,0,9955.7,0,0.087,0.142,8,4,2
99.6,394.3,369.95,24.34,0.985,1,18201.4,0,0.411,0.807,13,0,4
18.83,362.98,331.57,31.42,0.822,1,13.7,1,0.693,0.4,3,12,1
16.41,351.63,325.84,25.79,0.877,1,73.1,2,0.937,0.255,2,10,1
27.8,372.56,340.64,31.91,0.996,1,115.0,1,0.731,0.481,6,14,1
28.58,323.72,310.86,12.86,0.726,1,490.1,6,0.524,0.491,5,4,3
9.33,306.37,295.6,10.77,0.635,0,6110.9,0,0.195,0.163,8,2,2
19.2,359.51,323.91,35.61,0.971,1,26.3,1,0.913,0.327,2,9,1
57.49,352.06,336.97,15.09,0.823,1,24.3,7,0.142,0.916,2,1,0
26.09,336.46,313.02,23.44,0.768,1,185.7,6,0.682,0.352,4,5,3
3.89,304.05,293.02,11.03,0.558,1,4719.5,0,0.071,0.258,2,1,5
7.9,324.33,315.46,8.87,0.586,0,2981.2,0,0.1,0.188,1,0,5
15.79,314.87,305.61,9.26,0.853,0,8176.8,0,0.235,0.103,7,2,2
64.78,344.54,312.5,32.04,0.774,1,106.1,2,0.194,0.866,2,1,0
17.6,326.17,319.23,6.94,0.721,0,6220.8,0,0.036,0.447,11,1,2
81.74,375.99,341.76,34.23,0.796,0,21552.5,0,0.154,0.781,14,0,4
6.13,325.61,314.57,11.04,0.639,0,11427.5,0,0.114,0.397,7,0,2
19.69,344.01,319.52,24.49,0.823,0,14.7,2,0.604,0.443,4,16,1
40.77,309.41,278.54,30.88,0.757,1,4.4,3,0.282,0.875,1,0,0
23.22,344.02,312.21,31.8,0.808,0,136.8,2,0.66,0.341,3,14,1
23.58,333.74,320.64,13.1,0.671,1,467.4,6,0.403,0.463,4,5,3
30.89,334.97,282.86,52.11,0.973,1,127.3,1,0.825,0.214,3,12,1
89.35,335.46,323.27,12.19,0.912,0,10563.1,0,0.165,0.809,13,2,4
19.74,329.31,307.8,21.52,0.763,0,263.1,6,0.744,0.373,5,3,3
5.43,323.35,308.85,14.5,0.206,1,6426.2,8,0.206,0.235,1,0,5
8.91,329.54,324.24,5.3,0.746,0,5525.3,0,0.239,0.204,5,1,2
7.56,294.46,285.06,9.4,0.87,0,13394.4,0,0.026,0.442,3,2,2
24.07,349.13,335.06,14.07,0.908,1,788.5,6,0.688,0.379,3,3,3
5.94,312.3,295.32,16.98,0.642,0,13319.0,0,0.024,0.292,5,0,2
112.86,365.11,334.31,30.8,0.833,0,23353.2,0,0.356,0.929,9,0,4
13.66,363.04,316.72,46.31,0.994,1,504.1,2,0.793,0.344,5,13,1
58.6,331.84,321.37,10.47,0.969,1,62.2,3,0.252,0.745,6,2,0
39.13,359.94,332.92,27.02,0.904,1,68.7,1,0.896,0.277,3,7,1
18.19,313.45,302.44,11.02,0.812,0,7494.3,0,0.106,0.129,8,0,2
15.69,324.28,314.13,10.16,0.583,0,13796.7,0,0.097,0.276,9,1,2
18.16,316.53,303.46,13.07,0.868,0,2973.9,0,0.067,0.424,5,4,2
61.16,306.77,285.91,20.86,0.889,1,42.6,5,0.166,0.752,6,0,0
71.81,372.73,346.38,26.35,0.738,0,161.6,5,0.067,0.766,2,0,0
2.65,322.12,316.19,5.93,0.367,0,5080.0,0,0.057,0.136,2,1,5
12.1,308.48,289.89,18.59,0.602,1,339.0,7,0.802,0.674,3,5,3
88.61,356.43,339.68,16.76,0.951,1,13594.2,0,0.193,0.928,13,1,4
10.22,309.55,301.06,8.5,0.418,0,5820.1,7,0.271,0.162,2,0,5
65.76,332.27,314.83,17.44,0.766,0,49.6,1,0.383,0.803,5,3,0
19.66,307.59,309.22,-1.63,0.738,0,10256.7,0,0.223,0.239,6,3,2
5.46,334.6,325.37,9.23,0.843,0,11717.4,0,0.08,0.328,7,2,2
51.15,374.78,354.66,20.12,0.911,1,13009.9,0,0.446,0.693,9,1,4
77.25,367.7,320.21,47.49,0.84,1,24714.5,0,0.352,0.858,10,0,4
3.79,316.14,307.21,8.93,0.422,0,3705.0,0,0.285,0.086,2,0,5
9.8,353.03,338.2,14.83,0.821,1,806.3,6,0.834,0.512,5,6,3
20.06,332.62,294.51,38.11,0.805,1,137.6,1,0.904,0.52,3,11,1
6.3,302.05,293.38,8.67,0.331,0,1041.2,0,0.285,0.296,4,0,5
7.49,320.51,310.64,9.87,0.756,0,14093.7,0,0.136,0.109,7,1,2
60.61,393.55,352.77,40.78,0.91,1,17042.4,0,0.478,0.82,13,0,4
41.63,375.35,335.88,39.47,0.711,1,58.0,1,0.081,0.862,2,1,0
28.54,340.21,304.37,35.84,0.874,0,382.8,2,0.836,0.272,2,8,1
44.58,326.31,275.5,50.81,0.975,1,127.9,1,0.741,0.23,1,11,1
7.22,292.23,288.76,3.46,0.371,1,3084.8,0,0.106,0.159,0,2,5
38.65,326.0,304.24,21.76,0.758,0,1525.7,7,0.803,0.5,3,7,3
8.23,314.77,298.72,16.05,0.79,0,1540.5,0,0.177,0.34,4,0,2
7.95,323.5,319.01,4.49,0.562,1,2351.2,0,0.259,0.291,1,0,5
92.55,346.96,317.29,29.67,0.899,0,18168.1,0,0.431,0.835,17,1,4
50.62,375.6,340.1,35.5,0.994,1,2.5,1,0.87,0.339,1,13,1
9.48,335.57,299.1,36.46,0.991,1,4.0,1,0.9,0.286,2,14,1
23.1,356.81,339.94,16.87,0.638,0,423.7,6,0.431,0.372,2,0,3
9.23,323.3,317.23,6.07,0.588,0,11614.2,0,0.2,0.116,7,2,2
28.53,336.81,316.8,20.0,0.923,0,109.0,2,0.443,0.81,1,0,0
17.4,317.32,304.73,12.59,0.609,0,8406.2,0,0.208,0.245,9,3,2
42.17,362.56,332.05,30.51,0.854,0,15.7,1,0.116,0.949,3,0,0
15.78,317.83,305.17,12.65,0.629,1,11237.8,0,0.151,0.209,6,0,2
99.03,332.53,304.07,28.46,0.916,1,248.2,1,0.113,0.766,5,0,0
19.16,317.28,305.81,11.47,0.63,0,10033.5,0,0.242,0.33,9,2,2
11.38,320.26,308.61,11.65,0.557,0,2161.9,0,0.135,0.327,7,3,2
140.12,392.64,382.88,9.76,0.875,0,6338.3,0,0.201,0.806,11,1,4
132.6,324.78,308.25,16.53,0.942,0,16.0,2,0.313,0.823,3,3,0
5.91,312.65,301.4,11.25,0.741,0,1544.7,0,0.101,0.242,10,0,2
52.0,311.57,274.36,37.21,0.763,1,187.1,7,0.118,0.91,2,1,0
41.41,348.14,315.97,32.17,0.714,1,653.4,7,0.35,0.736,2,0,0
5.93,335.12,314.1,21.02,0.727,0,3416.1,0,0.025,0.116,10,2,2
8.37,309.3,297.79,11.51,0.759,0,9172.5,0,0.096,0.249,8,3,2
38.42,353.75,320.13,33.63,0.995,1,6.2,1,0.642,0.438,6,12,1
6.31,305.78,297.93,7.86,0.459,1,3303.9,0,0.059,0.276,2,2,5
5.78,319.15,313.09,6.05,0.702,0,3196.5,0,0.117,0.325,10,1,2
43.04,336.05,323.36,12.69,0.967,1,68.2,7,0.39,0.936,3,2,0
7.54,324.0,310.42,13.59,0.641,0,12420.3,0,0.045,0.441,10,1,2
27.02,368.95,338.63,30.32,0.818,1,67.9,2,0.802,0.219,3,12,1
11.76,314.85,305.46,9.39,0.571,0,14494.7,0,0.069,0.199,9,2,2
6.51,315.06,306.36,8.7,0.541,0,14779.4,0,0.085,0.269,7,0,2
72.4,340.16,319.4,20.75,0.945,1,18.0,2,0.185,0.944,2,1,0
56.1,347.51,322.21,25.29,0.768,0,169.9,2,0.386,0.952,3,0,0
7.26,324.73,315.06,9.67,0.731,0,13275.6,0,0.188,0.152,10,0,2
2.96,330.12,314.33,15.79,0.825,0,3393.7,0,0.194,0.218,7,0,2
17.66,313.38,300.57,12.81,0.857,0,6349.3,0,0.193,0.442,6,1,2
5.15,304.03,292.35,11.68,0.5,0,6090.0,7,0.245,0.332,0,1,5
5.15,319.84,308.58,11.26,0.537,0,14117.9,0,0.21,0.238,12,1,2
90.46,400.66,371.34,29.32,0.778,1,15717.2,0,0.152,0.8,14,1,4
11.11,341.63,334.09,7.55,0.526,0,5203.9,0,0.02,0.342,5,2,2
23.82,326.75,318.07,8.68,0.596,1,2559.7,0,0.153,0.109,7,1,2
123.01,370.6,357.13,13.47,0.922,0,7104.6,0,0.276,0.813,10,1,4
25.84,328.44,314.78,13.66,0.737,0,391.6,1,0.336,0.871,3,1,0
6.3,319.2,310.36,8.84,0.621,0,4559.4,0,0.082,0.434,7,0,2
13.8,308.2,299.66,8.54,0.351,0,2489.4,0,0.099,0.056,2,0,5
28.2,346.59,312.26,34.32,0.814,0,268.1,1,0.67,0.446,3,11,1
12.68,356.47,338.83,17.64,0.658,0,285.4,6,0.406,0.652,4,1,3
10.46,341.71,328.98,12.73,0.693,1,1912.2,0,0.185,0.274,7,1,2
77.26,332.28,319.27,13.01,0.989,0,12959.5,0,0.223,0.668,13,0,4
52.02,379.05,368.91,10.15,0.853,1,15064.7,0,0.232,0.707,9,1,4
14.96,359.87,324.87,35.0,0.843,1,20.4,1,0.838,0.547,5,10,1
25.78,364.1,326.18,37.93,0.923,1,14.2,2,0.649,0.454,2,19,1
24.07,307.27,300.48,6.79,0.568,0,7418.3,0,0.238,0.174,7,0,2
33.86,338.72,325.47,13.25,0.786,1,67.5,1,0.261,0.716,2,1,0
14.73,321.17,309.26,11.9,0.712,0,9517.6,0,0.044,0.383,9,1,2
4.19,308.58,299.46,9.12,0.305,0,3034.6,0,0.24,0.163,0,1,5
2.87,314.02,305.92,8.1,0.521,1,1548.2,0,0.215,0.283,0,0,5
11.62,348.57,335.92,12.64,0.816,0,14692.1,0,0.074,0.422,10,4,2
9.6,304.34,300.64,3.71,0.561,0,1125.8,7,0.148,0.067,2,1,5
3.93,309.9,304.84,5.05,0.315,1,1594.9,0,0.176,0.191,1,1,5
13.2,314.14,297.83,16.31,0.652,0,5826.6,0,0.113,0.415,7,1,2
11.32,341.22,321.2,20.02,0.859,1,948.0,6,0.4,0.448,4,2,3
10.97,347.83,308.26,39.58,0.943,0,2.0,1,0.743,0.237,1,16,1
72.44,377.58,350.22,27.36,0.864,1,9635.4,0,0.472,0.672,8,0,4
14.73,316.54,301.27,15.26,0.822,0,5850.7,0,0.15,0.287,16,1,2
2.67,310.29,306.08,4.22,0.543,0,5253.6,0,0.017,0.215,2,0,5
70.55,362.41,347.02,15.39,0.82,0,23521.6,0,0.173,0.848,9,1,4
45.22,350.51,302.08,48.43,0.844,0,11730.9,0,0.229,0.82,14,1,4
7.35,299.58,286.88,12.7,0.736,0,12392.5,0,0.156,0.365,6,2,2
36.34,384.01,365.67,18.34,0.798,1,330.4,1,0.385,0.729,3,2,0
24.12,325.32,310.64,14.68,0.637,1,10480.0,0,0.123,0.124,6,1,2
24.57,328.41,300.78,27.63,0.974,1,457.9,7,0.054,0.874,5,1,0
6.79,312.69,292.93,19.77,0.532,0,4765.4,0,0.109,0.105,11,1,2
24.37,360.89,321.31,39.58,0.977,1,26.5,1,0.625,0.277,2,8,1
6.75,344.36,332.4,11.96,0.874,0,14102.9,0,0.032,0.447,8,0,2
37.22,350.6,331.63,18.97,0.75,1,160.5,1,0.064,0.71,1,1,0
41.89,345.82,321.84,23.98,0.889,1,91.4,1,0.3,0.931,7,0,0
32.06,323.9,301.21,22.69,0.89,0,13.2,7,0.126,0.93,2,1,0
57.78,381.97,354.59,27.38,0.705,0,191.5,2,0.443,0.886,4,1,0
12.8,309.32,293.15,16.18,0.893,0,1575.3,0,0.228,0.109,7,0,2
15.29,313.47,304.01,9.47,0.802,1,13807.6,0,0.197,0.378,8,1,2
15.49,321.58,309.94,11.63,0.704,0,2169.0,0,0.129,0.441,7,3,2
16.7,319.58,307.03,12.54,0.655,0,4758.3,0,0.094,0.281,11,1,2
16.67,327.57,309.69,17.88,0.682,0,215.1,6,0.653,0.491,3,5,3
23.22,313.62,295.08,18.54,0.664,0,112.2,6,0.739,0.558,3,9,3
81.63,342.14,315.84,26.31,0.768,0,24.5,3,0.08,0.738,5,1,0
61.42,370.05,351.06,18.99,0.948,0,270.3,7,0.329,0.867,3,3,0
7.02,340.72,332.06,8.67,0.537,0,14227.1,0,0.239,0.132,14,1,2
43.56,354.86,329.07,25.79,0.997,1,113.6,3,0.272,0.878,6,1,0
11.06,344.26,324.14,20.13,0.892,0,175.3,1,0.73,0.288,2,12,1
16.14,343.94,311.83,32.11,0.817,0,97.4,3,0.655,0.235,3,10,1
13.9,341.56,339.27,2.29,0.568,0,7196.3,0,0.057,0.133,6,0,2
24.72,349.63,327.81,21.82,0.652,1,1016.3,4,0.584,0.531,3,2,3
32.08,315.14,282.85,32.29,0.909,1,54.6,1,0.75,0.203,3,12,1
12.15,373.17,339.64,33.54,0.954,1,210.8,1,0.858,0.293,4,11,1
2.39,295.98,287.31,8.67,0.527,0,6633.4,0,0.181,0.12,1,0,5
14.14,292.12,279.94,12.19,0.551,0,11519.1,0,0.046,0.341,10,3,2
8.05,317.55,311.08,6.47,0.669,0,4131.6,0,0.198,0.134,10,0,2
10.42,328.51,312.14,16.37,0.659,0,5398.5,0,0.1,0.225,6,0,2
93.34,396.75,365.49,31.26,0.923,0,19381.4,0,0.128,0.678,16,0,4
128.83,390.23,362.34,27.9,0.981,0,17601.6,0,0.376,0.94,9,0,4
20.87,326.34,305.56,20.78,0.777,0,284.1,6,0.413,0.698,6,1,3
19.44,358.79,324.06,34.73,0.885,1,30.8,1,0.638,0.356,5,13,1
4.44,307.09,292.2,14.89,0.664,0,9549.8,0,0.138,0.227,3,1,2
64.48,353.92,329.11,24.81,0.885,1,152.2,1,0.422,0.893,4,1,0
41.91,352.39,315.94,36.45,0.95,0,11.8,1,0.919,0.506,2,15,1
26.94,354.14,310.19,43.95,0.908,0,262.4,2,0.896,0.396,1,10,1
22.06,316.96,302.38,14.58,0.619,0,193.5,6,0.527,0.432,5,8,3
33.41,311.87,294.6,17.26,0.82,1,2683.0,6,0.727,0.524,3,3,3
64.29,315.51,285.06,30.45,0.778,0,13722.2,0,0.237,0.657,7,1,4
48.27,344.37,311.61,32.76,0.952,1,24.1,3,0.95,0.237,5,12,1
41.47,315.18,289.6,25.57,0.761,1,356.5,6,0.658,0.68,1,4,3
9.58,321.06,310.77,10.29,0.664,0,6911.0,0,0.036,0.143,4,1,2
44.16,342.19,315.04,27.15,0.725,1,645.0,7,0.238,0.746,5,3,0
17.07,337.17,318.68,18.49,0.75,0,380.6,6,0.711,0.454,6,3,3
12.5,335.9,324.35,11.55,0.687,0,13974.7,0,0.194,0.118,4,2,2
12.0,310.7,297.11,13.58,0.553,0,2372.5,0,0.204,0.33,7,1,2
5.58,325.27,315.42,9.85,0.689,0,7908.3,0,0.038,0.394,7,2,2
17.4,360.55,324.44,36.11,0.955,1,6.9,1,0.66,0.542,4,12,1
14.76,341.82,330.23,11.59,0.585,0,5073.2,0,0.143,0.432,10,2,2
75.79,374.51,352.62,21.89,0.919,1,23432.6,0,0.322,0.654,19,2,4
9.0,317.88,306.39,11.49,0.515,0,2158.3,0,0.146,0.12,9,0,2
19.12,349.24,315.46,33.78,0.958,1,8.1,1,0.078,0.703,3,0,0
17.42,334.84,292.5,42.34,0.815,1,320.1,1,0.758,0.455,2,16,1
37.51,377.59,350.19,27.4,0.937,0,54.6,2,0.182,0.941,5,1,0
1.31,310.67,297.51,13.16,0.53,0,5729.2,0,0.126,0.339,1,0,5
68.3,358.76,338.47,20.29,0.763,1,671.5,1,0.234,0.889,4,5,0
9.52,303.3,294.66,8.64,0.476,0,944.4,8,0.078,0.383,1,0,5
29.69,392.69,351.64,41.05,0.892,0,119.5,2,0.798,0.441,2,10,1
59.81,320.69,295.79,24.89,0.854,0,280.3,2,0.158,0.941,5,0,0
19.45,333.78,320.23,13.55,0.833,0,14704.2,0,0.033,0.24,8,1,2
5.77,313.14,304.87,8.27,0.544,0,4821.5,0,0.063,0.187,0,2,5
28.47,355.43,319.98,35.45,0.85,1,307.9,2,0.675,0.311,3,19,1
121.56,349.25,316.59,32.66,0.906,1,9708.3,0,0.295,0.686,12,1,4
13.5,318.26,299.8,18.46,0.685,0,3537.0,0,0.178,0.409,8,1,2
18.68,318.38,306.03,12.35,0.812,0,6585.4,0,0.236,0.11,8,2,2
41.38,374.22,349.36,24.86,0.911,0,116.7,2,0.977,0.21,3,11,1
72.24,318.19,292.95,25.24,0.988,0,228.9,3,0.322,0.798,3,1,0
16.6,350.76,336.81,13.95,0.768,1,409.5,6,0.618,0.489,1,5,3
84.14,381.38,349.92,31.46,0.924,1,16312.8,0,0.348,0.804,11,2,4
23.78,383.17,345.08,38.09,0.825,1,109.3,1,0.754,0.464,1,14,1
17.5,349.67,308.95,40.72,0.889,1,52.6,1,0.339,0.85,6,1,0
49.71,327.07,294.74,32.33,0.754,1,126.6,1,0.131,0.814,3,0,0
73.46,352.13,320.8,31.33,0.894,1,3234.4,0,0.298,0.914,7,0,4
33.66,328.58,312.07,16.51,0.752,0,985.0,6,0.434,0.42,6,2,3
50.49,310.31,287.63,22.68,0.9,1,80.4,2,0.443,0.919,4,1,0
8.17,311.36,301.55,9.81,0.796,0,8616.4,0,0.045,0.207,10,2,2
15.56,360.76,317.2,43.56,0.856,1,142.7,1,0.697,0.339,2,11,1
8.22,303.3,302.15,1.16,0.233,1,6650.9,0,0.286,0.394,1,1,5
9.75,313.2,300.12,13.08,0.743,0,2086.2,0,0.201,0.411,8,1,2
2.39,331.51,326.18,5.33,0.522,0,3243.1,0,0.109,0.179,2,0,5
26.16,359.32,346.69,12.63,0.718,1,983.9,6,0.573,0.424,1,1,3
21.67,353.17,321.57,31.6,0.851,1,104.2,2,0.83,0.437,4,11,1
8.83,306.2,293.77,12.44,0.751,0,8677.0,0,0.197,0.374,11,4,2
81.65,384.66,349.09,35.57,0.785,1,5874.7,0,0.268,0.709,12,1,4
2.33,320.8,312.83,7.97,0.333,0,5021.4,0,0.295,0.235,0,2,5
28.1,342.87,313.94,28.93,0.821,0,188.3,5,0.349,0.943,3,1,0
1.15,304.82,299.96,4.86,0.299,1,3774.4,0,0.04,0.172,2,0,5
13.26,326.61,314.9,11.71,0.786,0,194.9,6,0.613,0.44,4,5,3
7.64,326.99,322.8,4.19,0.572,0,3447.3,0,0.185,0.16,9,2,2
12.04,323.64,316.02,7.62,0.576,0,3420.5,0,0.237,0.144,13,2,2
76.42,314.8,269.57,45.24,0.962,0,6963.6,0,0.112,0.785,8,1,4
32.87,328.94,305.29,23.64,0.782,1,107.5,3,0.076,0.837,1,0,0
15.79,365.41,322.16,43.25,0.841,1,65.6,1,0.806,0.502,3,8,1
16.13,318.44,313.21,5.23,0.88,0,7784.9,0,0.072,0.411,8,3,2
4.73,316.13,300.96,15.17,0.783,0,14778.8,0,0.085,0.39,11,2,2
12.13,325.68,316.48,9.2,0.698,0,11984.9,0,0.228,0.143,8,1,2
66.28,345.93,322.69,23.24,0.855,1,24652.6,0,0.347,0.835,12,0,4
76.09,379.16,350.38,28.78,0.833,0,13577.6,0,0.365,0.802,11,2,4
62.64,337.99,302.49,35.5,0.794,1,11980.1,0,0.477,0.73,11,0,4
7.08,311.09,297.37,13.71,0.749,1,1967.4,0,0.026,0.446,8,2,2
26.7,357.94,309.36,48.59,0.857,1,263.2,1,0.61,0.542,3,12,1
75.28,368.6,336.74,31.86,0.84,1,4100.0,0,0.241,0.884,16,2,4
4.15,328.11,319.66,8.46,0.538,1,2713.9,7,0.27,0.371,1,0,5
66.28,375.79,346.39,29.41,0.71,1,970.2,5,0.259,0.718,3,0,0
9.0,306.11,306.35,-0.25,0.439,1,1034.2,8,0.201,0.317,2,2,5
21.44,327.38,325.87,1.51,0.802,0,3129.5,0,0.245,0.419,5,1,2
14.58,334.67,323.0,11.67,0.535,0,13311.1,0,0.117,0.201,8,0,2
13.0,321.99,312.34,9.64,0.7,0,11122.3,0,0.113,0.345,6,2,2
14.99,314.42,308.51,5.9,0.498,1,7007.8,7,0.134,0.332,1,0,5
23.91,305.71,295.03,10.68,0.868,0,8394.4,0,0.104,0.283,8,1,2
22.85,363.42,327.01,36.41,0.931,1,45.2,1,0.67,0.44,3,10,1
48.77,364.18,331.84,32.34,0.821,1,177.8,5,0.444,0.915,4,0,0
47.57,311.36,283.88,27.49,0.94,1,21196.5,0,0.118,0.664,12,3,4
3.06,320.1,315.18,4.92,0.47,1,4423.9,0,0.101,0.184,3,0,5
8.57,343.73,333.39,10.34,0.875,0,14144.6,0,0.073,0.414,12,2,2
20.47,334.56,301.76,32.79,0.871,1,11.5,3,0.853,0.236,3,11,1
21.23,321.15,301.7,19.45,0.864,1,501.4,4,0.726,0.388,2,8,3
24.58,359.8,325.82,33.98,0.935,1,45.3,2,0.899,0.303,1,11,1
46.82,349.77,328.67,21.11,0.785,1,168.4,1,0.133,0.874,2,1,0
19.8,283.08,269.06,14.03,0.661,0,5153.7,0,0.157,0.402,8,2,2
52.09,346.15,321.97,24.17,0.991,1,411.3,1,0.447,0.729,1,2,0
29.19,348.65,325.33,23.33,0.734,1,87.7,1,0.375,0.862,3,0,0
26.89,375.18,353.88,21.3,0.85,1,57.5,1,0.92,0.231,3,14,1
22.44,334.06,315.27,18.79,0.755,1,2015.6,6,0.601,0.579,5,6,3
68.2,354.8,311.95,42.85,0.872,0,12109.4,0,0.302,0.944,11,1,4
23.68,317.57,300.24,17.33,0.89,1,100.1,6,0.403,0.473,8,4,3
18.99,325.39,315.96,9.42,0.612,1,9834.2,0,0.111,0.314,6,1,2
9.07,315.36,303.04,12.32,0.871,0,8039.5,0,0.109,0.318,14,2,2
79.68,340.52,313.63,26.88,0.723,1,324.9,1,0.392,0.892,4,0,0
12.79,330.23,293.39,36.84,0.987,1,79.3,1,0.884,0.254,6,15,1
63.31,326.69,302.08,24.61,0.761,0,2.5,3,0.4,0.872,2,2,0
15.24,356.23,331.82,24.41,0.939,0,167.1,2,0.91,0.291,3,11,1
31.4,352.31,320.49,31.82,0.967,1,225.5,2,0.945,0.241,1,9,1
91.61,339.66,318.02,21.64,0.96,0,12497.5,0,0.109,0.939,13,1,4
10.23,327.19,317.2,9.99,0.721,0,13818.4,0,0.059,0.286,8,2,2
70.95,318.71,292.82,25.9,0.719,1,27.6,3,0.206,0.812,6,2,0
33.6,350.7,328.78,21.92,0.877,1,402.1,4,0.677,0.366,10,3,3
24.46,311.74,301.42,10.32,0.51,1,12725.8,0,0.19,0.168,8,0,2
23.49,327.24,304.02,23.22,0.849,1,611.3,6,0.544,0.439,5,5,3
21.12,316.22,290.73,25.49,0.614,1,1845.1,7,0.778,0.647,3,1,3
10.14,318.47,307.1,11.37,0.797,0,1234.1,6,0.771,0.697,1,3,3
71.73,361.32,335.88,25.43,0.725,0,104.6,2,0.376,0.977,2,2,0
43.51,303.13,280.28,22.85,0.809,0,208.2,2,0.128,0.928,4,0,0
37.06,368.92,347.29,21.62,0.994,0,458.6,7,0.147,0.924,5,0,0
20.38,323.08,310.0,13.07,0.613,1,528.4,6,0.772,0.39,3,3,3
32.38,338.39,314.55,23.84,0.953,0,33.2,1,0.181,0.954,2,2,0
23.01,366.28,341.41,24.87,0.824,1,128.2,2,0.722,0.48,3,13,1
31.11,331.74,311.39,20.35,0.671,0,606.6,7,0.449,0.513,5,1,3
3.36,300.55,289.37,11.17,0.209,0,4114.7,0,0.09,0.35,2,0,5
18.42,343.35,326.45,16.91,0.828,1,826.0,6,0.535,0.627,1,5,3
47.79,316.35,302.99,13.36,0.739,1,351.1,6,0.628,0.628,5,5,3
10.06,324.69,314.4,10.29,0.512,0,6829.0,0,0.041,0.232,6,2,2
5.81,347.15,340.92,6.23,0.705,0,7710.6,0,0.187,0.278,12,1,2
27.01,309.85,295.16,14.69,0.843,1,1005.3,6,0.558,0.531,1,6,3
12.33,360.45,322.85,37.59,0.996,0,89.7,1,0.659,0.261,1,16,1
62.42,364.5,331.56,32.94,0.825,0,435.8,2,0.213,0.865,2,1,0
102.97,318.37,290.49,27.88,0.999,1,60.9,5,0.07,0.765,3,0,0
6.14,330.71,324.93,5.78,0.717,0,5128.0,0,0.038,0.328,10,1,2
20.64,300.94,286.79,14.15,0.862,0,6027.1,0,0.228,0.19,8,1,2
57.59,350.09,323.25,26.85,0.968,1,106.7,3,0.206,0.798,6,1,0
9.2,327.52,316.03,11.49,0.799,0,11312.1,0,0.073,0.323,12,1,2
23.99,353.38,311.45,41.93,0.807,1,63.4,2,0.742,0.443,2,10,1
20.16,313.99,288.27,25.72,0.914,0,351.9,6,0.734,0.532,4,2,3
17.01,294.13,274.1,20.03,0.534,0,4739.9,0,0.19,0.403,5,0,2
7.19,298.91,295.69,3.23,0.27,1,2641.9,0,0.032,0.084,1,0,5
48.27,331.36,290.08,41.28,0.935,1,22.6,1,0.721,0.299,3,10,1
30.93,328.93,300.96,27.97,0.953,0,209.2,1,0.074,0.896,1,1,0
6.35,302.09,297.61,4.49,0.553,1,2766.5,8,0.162,0.24,1,0,5
57.88,345.32,315.29,30.03,0.789,0,319.1,7,0.19,0.781,7,2,0
12.57,328.08,312.29,15.78,0.886,1,604.5,7,0.776,0.558,4,2,3
70.04,335.07,309.71,25.36,0.766,1,43.3,1,0.143,0.844,2,2,0
62.5,363.82,337.19,26.63,0.776,0,24193.4,0,0.472,0.819,10,1,4
11.26,354.13,330.98,23.15,0.814,1,82.5,1,0.614,0.508,4,14,1
106.37,393.37,349.23,44.14,0.762,1,20822.1,0,0.493,0.859,13,1,4
85.01,380.82,355.8,25.02,0.804,0,0.9,2,0.272,0.931,5,2,0
8.68,323.43,307.31,16.12,0.552,0,11667.3,0,0.191,0.32,9,2,2
17.37,339.56,311.46,28.1,0.878,1,19.6,1,0.699,0.304,2,10,1
44.52,347.64,326.78,20.86,0.945,1,127.5,1,0.165,0.873,5,1,0
1.26,303.06,297.17,5.89,0.208,0,5705.4,0,0.22,0.263,1,0,5
23.56,348.88,335.88,12.99,0.881,1,122.4,6,0.6,0.621,3,4,3
7.33,323.8,314.47,9.33,0.562,0,7415.7,0,0.149,0.442,6,1,2
12.15,337.71,290.29,47.42,0.829,0,20.8,3,0.876,0.385,4,8,1
16.12,286.87,271.12,15.75,0.627,1,2025.6,0,0.141,0.213,8,1,2
15.45,316.69,304.7,11.99,0.836,0,14856.3,0,0.1,0.284,8,2,2
91.72,366.1,342.24,23.87,0.933,1,15447.3,0,0.2,0.745,9,1,4
20.65,337.73,300.71,37.02,0.828,1,44.7,1,0.737,0.427,3,11,1
6.59,350.5,339.67,10.83,0.694,0,5568.3,0,0.236,0.199,12,2,2
41.3,349.33,338.85,10.48,0.848,1,361.2,7,0.213,0.932,5,3,0
9.79,320.31,308.55,11.76,0.78,0,6050.2,0,0.055,0.228,10,1,2
8.38,315.19,306.08,9.12,0.894,1,2078.6,0,0.147,0.322,10,2,2
15.22,343.07,306.08,36.99,0.914,1,281.1,1,0.975,0.211,2,13,1
10.66,301.42,298.29,3.14,0.591,1,5354.2,0,0.293,0.299,1,0,5
26.35,352.3,318.53,33.77,0.965,1,61.3,3,0.923,0.541,5,11,1
19.22,331.82,319.0,12.82,0.858,0,4236.8,0,0.028,0.103,9,2,2
4.24,309.18,302.75,6.43,0.505,1,798.3,0,0.24,0.236,0,1,5
90.77,370.37,341.36,29.01,0.878,1,22690.0,0,0.212,0.73,15,1,4
31.21,326.59,316.06,10.53,0.874,0,252.2,4,0.756,0.447,4,7,3
77.57,366.73,342.38,24.35,0.892,1,94.8,1,0.353,0.933,4,0,0
9.77,339.68,332.65,7.03,0.834,0,12086.7,0,0.042,0.315,7,1,2
3.59,313.51,294.08,19.42,0.7,1,6962.4,0,0.157,0.45,9,2,2
9.55,313.62,299.27,14.34,0.617,0,9209.7,0,0.196,0.355,10,3,2
7.15,317.18,307.17,10.02,0.811,0,11387.6,0,0.178,0.186,9,3,2
9.05,319.67,304.56,15.11,0.894,0,9475.7,0,0.191,0.198,6,1,2
4.03,308.74,308.29,0.45,0.524,1,7595.1,7,0.087,0.244,0,0,5
72.36,344.39,329.54,14.86,0.848,1,49.0,3,0.245,0.794,2,1,0
31.53,353.85,330.82,23.03,0.87,0,13.8,2,0.213,0.951,4,3,0
10.19,327.93,318.64,9.28,0.745,0,8465.7,0,0.164,0.256,9,3,2
7.43,321.06,318.46,2.6,0.252,0,5789.3,0,0.226,0.207,0,0,5
20.08,339.43,302.49,36.95,0.874,0,107.3,1,0.882,0.481,2,12,1
56.65,375.63,357.28,18.34,0.985,1,11623.3,0,0.417,0.739,9,1,4
19.81,317.63,299.27,18.36,0.834,0,12866.0,0,0.206,0.267,8,2,2
44.26,355.86,307.99,47.87,0.891,1,265.1,1,0.864,0.524,1,10,1
16.6,361.87,346.78,15.09,0.615,1,330.9,6,0.467,0.528,5,2,3
51.79,345.77,316.65,29.12,0.722,1,133.7,2,0.174,0.783,6,1,0
44.74,356.74,318.06,38.68,0.936,0,46.3,1,0.829,0.244,3,17,1
44.46,343.44,311.9,31.55,0.992,0,0.6,2,0.29,0.876,2,0,0
86.17,362.62,326.81,35.81,0.75,1,157.8,7,0.067,0.774,5,1,0
5.15,315.4,295.04,20.36,0.867,1,4838.0,0,0.237,0.216,5,2,2
8.81,312.1,302.92,9.19,0.464,1,6918.1,0,0.128,0.191,0,1,5
39.29,338.21,305.14,33.07,0.769,0,417.0,5,0.271,0.873,4,1,0
23.34,363.07,338.28,24.79,0.9,0,9.4,1,0.795,0.326,2,8,1
5.46,336.77,323.33,13.45,0.567,0,8085.1,0,0.161,0.264,6,3,2
22.97,311.23,282.93,28.3,0.834,1,395.1,6,0.78,0.673,8,8,3
13.42,310.84,299.12,11.71,0.512,0,5421.5,0,0.182,0.358,5,3,2
29.13,365.89,350.23,15.66,0.722,0,132.0,1,0.382,0.821,4,0,0
8.93,337.54,317.71,19.83,0.558,1,1744.1,0,0.059,0.269,7,2,2
4.71,301.06,285.38,15.68,0.54,0,7153.3,0,0.169,0.328,8,3,2
23.59,355.0,333.65,21.35,0.879,1,34.0,2,0.383,0.705,3,1,0
45.33,359.11,339.18,19.93,0.842,0,291.5,3,0.425,0.746,4,2,0
3.84,321.23,310.89,10.34,0.791,0,5013.2,0,0.027,0.39,8,1,2
66.51,353.32,325.48,27.84,0.88,1,264.3,7,0.279,0.796,2,1,0
65.44,367.16,337.89,29.28,0.755,1,5607.4,0,0.182,0.654,8,2,4
19.45,336.62,281.14,55.48,0.975,1,144.8,2,0.677,0.325,3,12,1
24.19,336.76,312.71,24.04,0.761,0,44.6,1,0.416,0.936,3,0,0
34.92,381.7,361.32,20.38,0.983,1,121.7,1,0.898,0.271,2,14,1
17.05,308.86,295.83,13.03,0.807,1,3895.1,0,0.204,0.307,11,2,2
9.56,324.28,305.33,18.95,0.861,0,3224.6,0,0.235,0.149,12,0,2
149.89,392.98,375.0,17.98,0.99,1,6087.4,0,0.44,0.694,9,1,4
8.28,319.97,309.49,10.48,0.781,0,11235.8,0,0.181,0.445,5,3,2
12.9,354.27,316.22,38.06,0.807,0,14.4,1,0.976,0.321,2,14,1
84.35,337.92,305.7,32.22,0.877,0,210.7,1,0.388,0.761,1,0,0
107.88,389.41,361.1,28.31,0.777,0,17260.0,0,0.409,0.723,14,1,4
21.74,329.07,312.04,17.04,0.752,1,442.3,6,0.76,0.446,4,4,3
104.9,352.39,329.84,22.55,0.977,1,4245.1,0,0.212,0.669,11,1,4
87.93,341.76,306.5,35.26,0.79,1,8704.7,0,0.158,0.901,15,0,4
7.42,350.39,345.75,4.64,0.679,0,2319.2,0,0.181,0.144,8,1,2
7.13,324.21,309.6,14.61,0.509,0,10454.8,0,0.191,0.415,7,2,2
8.93,337.41,325.37,12.04,0.849,0,2877.6,0,0.021,0.167,7,0,2
44.15,370.28,343.81,26.47,0.8,1,123.0,7,0.349,0.905,1,1,0
33.12,368.6,330.4,38.19,0.912,1,24.5,1,0.662,0.358,5,9,1
29.12,343.67,315.72,27.95,0.849,0,159.6,2,0.724,0.307,3,14,1
13.6,291.4,281.11,10.3,0.757,0,4470.5,0,0.151,0.433,10,1,2
32.19,348.25,303.65,44.6,0.953,0,173.1,1,0.787,0.24,4,12,1
105.13,374.9,354.69,20.21,0.885,1,8053.8,0,0.293,0.683,13,1,4
1.93,306.09,301.92,4.18,0.243,1,7681.1,0,0.269,0.112,0,0,5
38.07,371.37,333.23,38.14,0.804,1,90.9,3,0.891,0.253,1,11,1
65.38,355.09,330.02,25.07,0.944,1,3766.0,0,0.166,0.719,11,1,4
15.32,329.75,309.59,20.16,0.723,1,259.1,4,0.821,0.587,3,3,3
44.76,351.99,312.04,39.96,0.976,1,872.7,5,0.133,0.961,3,4,0
7.86,318.78,306.82,11.97,0.668,0,2156.2,0,0.101,0.287,8,3,2
72.62,344.42,320.73,23.69,0.823,1,114.2,1,0.406,0.837,2,2,0
13.77,321.19,310.0,11.19,0.412,1,7185.0,0,0.141,0.193,1,0,5
10.51,314.68,305.43,9.25,0.218,1,3710.5,0,0.041,0.393,3,1,5
25.38,323.61,315.05,8.56,0.859,0,11821.6,0,0.166,0.101,7,1,2
47.81,325.99,303.31,22.68,0.809,1,416.7,1,0.203,0.739,6,1,0
7.53,284.45,277.15,7.3,0.241,0,4688.9,8,0.279,0.36,0,0,5
2.7,316.9,308.31,8.59,0.296,1,5839.4,0,0.095,0.134,1,1,5
32.91,337.62,318.6,19.02,0.916,1,287.8,6,0.538,0.643,2,2,3
53.61,366.26,339.28,26.98,0.789,0,182.9,2,0.301,0.785,3,5,0
68.65,354.15,322.71,31.44,0.973,1,5169.6,0,0.266,0.803,7,2,4
4.47,324.98,317.64,7.34,0.489,1,6440.4,0,0.25,0.249,0,1,5
45.65,328.68,310.71,17.97,0.781,1,572.0,7,0.432,0.672,3,5,3
37.04,325.14,298.65,26.49,0.793,0,89.1,2,0.253,0.911,3,0,0
19.74,360.61,321.0,39.6,0.997,0,123.1,2,0.648,0.405,2,16,1
11.43,309.4,292.94,16.46,0.663,0,10934.1,0,0.16,0.403,5,1,2
81.88,339.43,308.59,30.83,0.78,0,412.0,5,0.324,0.941,2,1,0
12.13,314.37,291.45,22.92,0.649,1,174.0,6,0.666,0.432,3,2,3
18.35,334.52,302.43,32.09,0.884,1,92.7,2,0.782,0.222,1,9,1
42.8,375.98,345.28,30.7,0.965,0,100.7,2,0.441,0.89,2,1,0
7.46,335.17,324.57,10.6,0.806,0,11806.1,0,0.039,0.383,7,2,2
20.13,358.54,319.99,38.55,0.813,1,81.1,1,0.7,0.343,2,12,1
6.8,300.75,295.24,5.51,0.578,1,2642.4,0,0.102,0.249,1,0,5
14.27,312.11,294.62,17.49,0.607,1,2698.3,6,0.797,0.394,3,7,3
25.11,359.96,334.07,25.89,0.963,1,79.5,2,0.32,0.969,6,2,0
49.83,306.65,281.52,25.13,0.85,0,6.4,2,0.225,0.935,2,1,0
19.07,304.29,288.01,16.28,0.648,0,14301.9,0,0.085,0.187,4,0,2
16.28,304.3,293.89,10.41,0.207,1,3262.4,8,0.105,0.086,0,1,5
28.01,353.82,312.74,41.08,0.99,1,232.5,2,0.684,0.456,3,14,1
16.85,315.12,302.91,12.21,0.887,0,8530.8,0,0.116,0.413,7,2,2
15.75,336.75,318.23,18.52,0.718,1,542.9,6,0.499,0.681,2,2,3
24.49,350.9,315.12,35.77,0.941,1,140.0,1,0.808,0.368,3,13,1
20.24,353.67,310.06,43.61,0.828,1,20.1,1,0.731,0.415,1,10,1
37.37,385.71,346.62,39.1,0.957,0,209.8,1,0.836,0.509,1,13,1
17.4,335.64,312.9,22.74,0.752,0,11411.2,0,0.1,0.162,7,1,2
39.41,305.27,292.13,13.13,0.683,0,1245.4,6,0.716,0.436,3,5,3
15.43,334.16,310.98,23.18,0.87,1,254.8,6,0.578,0.36,3,5,3
26.28,342.66,315.35,27.31,0.891,1,259.4,6,0.702,0.638,3,8,3
38.57,377.85,333.45,44.4,0.932,1,14.7,1,0.611,0.252,4,16,1
55.56,352.81,329.1,23.71,0.879,0,161.6,1,0.072,0.701,2,2,0
13.61,355.67,327.27,28.39,0.926,0,131.3,1,0.957,0.494,4,9,1
18.31,325.15,309.79,15.36,0.679,1,14197.3,0,0.042,0.315,6,2,2
21.08,323.18,307.57,15.6,0.559,0,12945.9,0,0.058,0.36,7,2,2
19.87,336.81,319.86,16.95,0.852,0,655.1,6,0.763,0.59,5,4,3
84.87,428.96,388.32,40.64,0.95,1,10958.6,0,0.38,0.675,15,0,4
7.72,321.81,312.47,9.34,0.831,0,8110.6,0,0.053,0.352,8,3,2
14.47,325.54,290.3,35.24,0.965,1,60.0,2,0.95,0.388,1,12,1
15.02,318.71,304.9,13.81,0.655,0,3714.8,0,0.137,0.353,7,1,2
37.13,310.34,295.81,14.52,0.618,0,3348.9,0,0.174,0.198,4,4,2
16.92,306.0,293.71,12.29,0.857,0,5578.9,0,0.23,0.122,9,1,2
80.29,344.64,321.18,23.46,0.788,0,3026.9,0,0.391,0.856,13,4,4
7.96,332.55,316.15,16.41,0.509,0,9957.7,0,0.084,0.129,6,1,2
86.78,381.2,350.25,30.95,0.863,1,20447.1,0,0.471,0.792,11,0,4
3.25,319.55,303.36,16.19,0.589,1,11667.6,0,0.162,0.446,8,1,2
64.25,314.09,298.57,15.52,0.904,0,162.1,3,0.381,0.748,8,0,0
26.84,315.52,304.55,10.97,0.641,0,6085.0,0,0.091,0.271,6,3,2
6.08,329.93,321.73,8.19,0.602,0,6613.8,0,0.079,0.179,8,2,2
8.97,321.5,303.68,17.82,0.564,0,4118.2,0,0.242,0.348,10,1,2
27.23,332.07,316.72,15.35,0.799,1,1153.1,6,0.515,0.482,4,7,3
2.55,312.23,300.37,11.86,0.273,1,6807.0,0,0.06,0.173,1,0,5
75.45,353.68,314.33,39.35,0.997,1,9990.1,0,0.157,0.671,14,1,4
59.51,344.86,314.2,30.66,0.928,0,97.1,3,0.103,0.791,1,6,0
137.41,354.72,327.43,27.29,0.934,0,9.2,5,0.08,0.769,4,0,0
26.99,362.27,333.27,29.0,0.82,1,93.9,3,0.244,0.951,2,3,0
3.89,331.85,317.22,14.63,0.515,1,9419.7,0,0.226,0.315,6,6,2
92.47,359.37,326.72,32.65,0.924,1,13057.2,0,0.401,0.82,14,1,4
68.19,370.22,334.27,35.95,0.805,1,10646.4,0,0.292,0.688,16,0,4
13.82,303.0,290.46,12.54,0.876,0,9421.6,0,0.148,0.218,6,3,2
12.73,314.25,303.12,11.13,0.6,0,7592.8,0,0.141,0.354,7,3,2
8.14,315.06,301.97,13.09,0.649,0,7339.5,0,0.159,0.32,10,2,2
39.15,335.68,311.52,24.16,0.745,1,195.1,3,0.152,0.725,1,2,0
18.33,318.68,300.63,18.05,0.552,0,14501.5,0,0.237,0.155,11,2,2
68.29,380.11,344.3,35.81,0.925,1,7393.0,0,0.192,0.89,14,2,4
7.5,313.27,304.96,8.31,0.381,0,2687.7,0,0.146,0.345,0,2,5
3.07,311.89,307.17,4.73,0.478,1,5806.4,0,0.139,0.283,1,0,5
84.04,378.86,344.09,34.77,0.758,1,3594.7,0,0.214,0.799,11,0,4
26.96,328.97,306.19,22.79,0.898,1,530.2,6,0.436,0.427,4,5,3
90.86,374.27,356.67,17.6,0.866,0,195.1,1,0.278,0.752,2,0,0
18.95,328.66,313.04,15.62,0.719,0,10228.5,0,0.148,0.363,7,1,2
72.96,376.26,351.36,24.9,0.883,0,24937.4,0,0.358,0.901,9,2,4
12.76,329.45,309.78,19.67,0.687,0,5225.4,0,0.205,0.215,7,0,2
17.27,329.09,307.87,21.22,0.822,0,370.3,4,0.669,0.595,5,3,3
17.54,297.11,283.4,13.71,0.569,0,7798.4,0,0.036,0.182,5,1,2
3.16,318.48,306.74,11.74,0.896,1,3969.5,0,0.159,0.203,7,3,2
17.16,345.02,309.97,35.05,0.878,1,33.2,2,0.715,0.216,3,15,1
16.16,371.92,333.18,38.74,0.824,1,47.2,3,0.795,0.203,2,8,1
39.87,360.26,347.13,13.13,0.963,0,53.7,3,0.088,0.79,3,3,0
8.04,341.86,328.86,13.0,0.744,0,12344.2,0,0.161,0.184,9,0,2
3.48,317.98,303.86,14.12,0.739,0,8523.1,0,0.092,0.321,10,1,2
40.43,340.58,317.21,23.36,0.85,0,443.4,2,0.282,0.877,1,1,0
51.94,371.21,350.54,20.67,0.948,1,12513.0,0,0.341,0.81,13,2,4
26.87,320.93,304.32,16.61,0.838,0,164.9,6,0.81,0.517,6,6,3
6.43,332.93,320.12,12.8,0.648,0,12054.2,0,0.025,0.206,9,1,2
74.74,334.94,311.8,23.14,0.811,1,112.4,2,0.183,0.777,2,2,0
51.02,384.6,359.8,24.8,0.827,1,7015.2,0,0.171,0.897,14,2,4
4.13,303.63,289.54,14.09,0.755,0,2821.1,0,0.095,0.195,8,2,2
5.32,331.62,312.44,19.17,0.893,0,8676.9,0,0.218,0.296,6,1,2
5.91,304.59,295.42,9.18,0.441,1,2583.6,0,0.229,0.055,0,0,5
4.45,295.97,293.16,2.82,0.483,1,7817.5,7,0.08,0.052,2,0,5
46.04,363.02,327.55,35.47,0.941,1,91.4,2,0.371,0.805,2,1,0
12.64,303.79,290.62,13.17,0.652,0,5346.3,0,0.106,0.226,8,4,2
10.07,311.44,298.27,13.17,0.747,0,9900.3,0,0.163,0.254,10,1,2
10.81,326.39,315.99,10.4,0.635,1,5902.3,0,0.061,0.302,10,2,2
49.36,312.54,297.05,15.5,0.972,1,168.5,1,0.38,0.967,2,1,0
84.97,375.79,336.13,39.65,0.914,1,4687.0,0,0.346,0.672,13,1,4
17.45,327.29,315.31,11.98,0.896,1,2472.3,0,0.063,0.209,9,2,2
19.81,343.95,318.42,25.53,0.893,1,427.5,7,0.419,0.354,2,4,3
19.15,333.02,322.22,10.8,0.635,0,10612.8,0,0.033,0.356,5,2,2
14.19,304.3,295.98,8.32,0.494,1,6402.5,0,0.236,0.26,1,0,5
45.73,343.45,321.63,21.83,0.852,1,237.6,2,0.286,0.842,5,1,0
20.1,315.36,299.31,16.05,0.519,1,9968.9,0,0.139,0.189,12,0,2
39.16,338.61,312.96,25.66,0.886,1,124.9,2,0.161,0.88,6,1,0
6.17,291.72,286.07,5.65,0.3,0,6771.8,7,0.167,0.262,1,1,5
63.17,327.09,303.09,24.0,0.825,1,175.6,3,0.19,0.964,5,1,0
8.29,316.61,303.19,13.42,0.793,0,14463.9,0,0.184,0.321,6,0,2
76.17,338.44,312.45,25.99,0.82,1,81.8,2,0.328,0.963,3,0,0
7.83,326.46,321.93,4.53,0.536,1,12064.1,0,0.048,0.189,7,3,2
19.3,370.06,339.18,30.89,1.0,1,93.4,1,0.153,0.834,4,2,0
5.46,309.38,303.0,6.38,0.242,1,7670.6,0,0.253,0.324,1,1,5
11.03,336.66,324.89,11.77,0.872,0,6944.6,0,0.24,0.437,10,2,2
30.49,316.59,291.44,25.15,0.785,1,123.2,6,0.827,0.356,6,5,3
8.82,329.1,312.16,16.94,0.641,0,5140.6,0,0.199,0.219,9,2,2
74.89,340.96,315.48,25.48,0.974,0,318.5,1,0.424,0.91,5,1,0
6.15,316.46,308.52,7.94,0.332,1,3198.0,0,0.031,0.101,1,0,5
5.21,301.97,300.48,1.49,0.456,0,4025.0,8,0.131,0.11,1,1,5
8.66,311.21,292.22,18.99,0.594,1,6742.1,0,0.213,0.162,8,1,2
18.28,328.35,318.32,10.03,0.706,0,5832.2,0,0.071,0.156,11,1,2
6.6,311.25,306.07,5.18,0.211,0,3534.7,0,0.138,0.103,0,0,5
11.44,336.81,321.07,15.73,0.601,0,353.9,4,0.421,0.439,5,2,3
52.29,363.4,341.6,21.8,0.712,1,129.4,2,0.249,0.887,1,2,0
9.25,294.28,274.51,19.77,0.569,0,3434.1,0,0.093,0.258,7,0,2
97.71,376.81,338.74,38.08,0.813,0,9024.0,0,0.157,0.938,16,1,4
82.54,384.7,361.92,22.78,0.796,0,5376.3,0,0.347,0.902,10,1,4
11.53,325.2,320.37,4.83,0.58,0,13943.0,0,0.069,0.3,9,0,2
45.8,323.67,289.04,34.63,0.85,1,20.7,3,0.118,0.71,3,2,0
6.36,321.73,309.63,12.09,0.59,0,8164.4,0,0.124,0.362,8,0,2
57.2,345.14,318.3,26.83,0.843,1,114.7,5,0.167,0.736,5,1,0
17.69,353.74,341.75,11.99,0.956,1,112.2,3,0.76,0.483,3,14,1
22.36,309.55,294.03,15.51,0.523,1,7127.8,0,0.095,0.423,11,0,2
8.14,306.01,296.32,9.7,0.539,0,7808.0,0,0.026,0.429,7,2,2
5.07,299.48,291.05,8.43,0.208,0,1278.8,7,0.256,0.335,3,0,5
34.94,359.63,331.48,28.15,0.767,0,118.2,1,0.342,0.767,3,2,0
51.39,376.36,339.04,37.33,0.734,0,135.7,1,0.058,0.902,1,3,0
6.9,333.88,320.11,13.77,0.635,1,6749.5,0,0.135,0.314,7,2,2
24.45,365.81,319.67,46.15,0.895,0,27.8,2,0.782,0.537,3,13,1
17.95,344.4,301.3,43.1,0.943,0,117.6,1,0.697,0.262,1,10,1
15.21,341.03,302.5,38.53,0.896,1,44.2,2,0.821,0.354,4,15,1
6.68,314.63,313.19,1.44,0.501,1,7155.6,0,0.031,0.214,2,1,5
10.14,308.84,299.04,9.8,0.6,1,1949.2,0,0.207,0.099,5,0,5
75.97,354.74,329.31,25.43,0.871,0,9390.7,0,0.368,0.789,9,1,4
13.3,317.88,309.06,8.82,0.779,0,11205.7,0,0.108,0.193,5,0,2
70.04,385.92,350.26,35.66,0.786,0,16824.5,0,0.441,0.905,9,2,4
6.24,319.17,306.36,12.81,0.61,0,1682.8,0,0.141,0.101,6,1,2
6.29,326.37,317.6,8.78,0.506,0,8028.1,0,0.036,0.411,14,1,2
6.4,310.49,291.9,18.59,0.882,1,8565.4,0,0.148,0.243,6,1,2
11.87,337.59,310.47,27.12,0.829,1,55.5,2,0.929,0.461,4,12,1
55.47,339.24,305.9,33.35,0.84,1,99.7,3,0.072,0.936,3,1,0
32.99,347.15,326.52,20.63,0.927,0,328.0,2,0.326,0.972,2,0,0
86.59,337.92,314.85,23.07,0.784,1,11344.5,0,0.274,0.746,15,3,4
63.41,345.13,321.2,23.93,0.765,1,7.9,5,0.385,0.933,3,3,0
6.38,306.83,300.61,6.22,0.365,0,4100.7,0,0.289,0.087,4,1,5
8.01,321.53,307.51,14.02,0.831,0,2541.8,0,0.186,0.39,8,0,2
109.28,382.94,346.84,36.11,0.861,1,6459.9,0,0.42,0.729,14,1,4
16.54,357.62,317.27,40.35,0.864,1,10.2,1,0.69,0.353,3,10,1
124.19,346.17,324.41,21.76,0.766,0,12007.3,0,0.363,0.849,15,2,4
36.47,350.02,306.46,43.56,0.983,0,141.9,2,0.704,0.209,2,15,1
59.32,398.58,360.21,38.37,0.899,0,24978.6,0,0.287,0.766,8,2,4
65.46,339.63,301.01,38.62,0.934,1,21412.9,0,0.27,0.931,13,0,4
77.83,337.45,320.78,16.67,0.923,0,344.6,1,0.4,0.799,4,0,0
26.1,335.71,311.12,24.59,0.911,0,43.3,1,0.685,0.423,2,11,1
8.18,335.46,327.75,7.71,0.872,0,9373.7,0,0.217,0.432,12,1,2
40.34,318.87,289.76,29.1,0.804,1,41.2,3,0.102,0.701,5,1,0
3.32,298.96,291.14,7.81,0.589,1,5433.4,0,0.114,0.104,0,1,5
21.27,322.59,308.25,14.33,0.75,0,2641.4,0,0.11,0.377,7,1,2
14.06,316.76,302.43,14.33,0.853,0,6544.1,0,0.051,0.422,7,4,2
10.69,335.34,329.76,5.59,0.589,1,9575.7,0,0.175,0.149,9,1,2
22.57,302.51,293.77,8.74,0.74,0,8361.3,0,0.151,0.121,8,2,2
1.44,314.23,306.83,7.41,0.358,0,4549.9,0,0.112,0.095,1,0,5
68.93,306.48,279.27,27.2,0.903,1,352.3,3,0.226,0.871,3,1,0
3.3,305.62,297.43,8.19,0.312,0,3539.3,0,0.104,0.113,0,2,5
18.93,331.57,315.52,16.05,0.634,0,11310.5,0,0.158,0.358,6,2,2
45.94,357.23,339.12,18.11,0.923,1,98.9,1,0.18,0.9,3,4,0
22.49,339.09,295.62,43.48,0.914,1,64.8,3,0.65,0.337,3,10,1
42.58,342.74,323.35,19.39,0.889,1,238.2,5,0.223,0.747,4,1,0
11.55,312.39,300.15,12.23,0.613,1,174.9,6,0.439,0.576,3,5,3
15.74,337.22,327.84,9.39,0.683,0,13427.9,0,0.133,0.214,8,1,2
14.35,313.63,302.37,11.26,0.796,1,2116.6,0,0.141,0.298,10,3,2
15.48,322.52,303.94,18.59,0.892,0,10161.2,0,0.16,0.219,6,3,2
39.19,360.66,311.23,49.43,0.829,1,143.3,1,0.706,0.479,2,15,1
111.17,355.03,324.03,31.0,0.93,1,19222.1,0,0.207,0.75,16,0,4
8.06,310.86,300.4,10.46,0.374,0,4124.1,7,0.276,0.283,2,1,5
31.59,324.29,315.51,8.78,0.729,0,1121.9,4,0.749,0.595,6,2,3
38.07,333.13,315.23,17.9,0.655,0,10140.4,0,0.064,0.403,8,1,2
23.25,347.27,319.23,28.04,0.94,0,69.3,2,0.109,0.8,2,0,0
27.46,320.61,298.05,22.56,0.827,0,447.5,6,0.775,0.576,3,5,3
6.07,316.17,305.24,10.92,0.579,0,5836.0,0,0.097,0.383,8,1,2
5.19,322.21,301.35,20.86,0.503,0,11654.7,0,0.088,0.141,6,2,2
110.39,326.98,307.78,19.2,0.905,0,12258.6,0,0.376,0.947,8,0,4
18.32,338.62,328.38,10.24,0.518,0,10307.1,0,0.053,0.445,7,1,2
6.38,312.03,297.12,14.92,0.882,0,9605.2,0,0.208,0.267,13,5,2
54.04,303.15,284.86,18.29,0.701,0,823.2,6,0.416,0.514,6,3,3
30.69,324.1,287.38,36.72,0.836,1,180.2,2,0.91,0.277,3,9,1
48.4,315.8,288.6,27.19,0.805,1,25.8,1,0.36,0.86,3,0,0
77.46,325.4,301.33,24.07,0.987,1,49.8,2,0.322,0.721,4,1,0
28.4,319.88,305.71,14.17,0.831,1,414.7,6,0.618,0.634,4,7,3
6.98,337.69,329.77,7.92,0.632,0,2225.9,6,0.573,0.645,2,4,3
21.05,340.54,333.26,7.28,0.517,0,7955.5,0,0.087,0.435,13,3,2
16.37,332.08,317.32,14.77,0.667,0,990.6,6,0.647,0.672,3,4,3
13.29,325.4,316.25,9.15,0.594,1,8679.2,0,0.03,0.37,9,1,2
19.39,330.97,316.54,14.43,0.911,0,229.6,6,0.479,0.472,7,3,3
32.01,329.31,318.3,11.0,0.526,0,3379.0,0,0.197,0.138,9,1,2
118.11,345.48,314.64,30.84,0.984,1,11671.4,0,0.125,0.659,17,1,4
55.02,350.44,329.21,21.23,0.719,1,1028.3,5,0.296,0.786,4,2,0
10.18,335.7,331.79,3.91,0.862,0,7001.8,0,0.202,0.345,5,2,2
32.9,309.87,287.89,21.98,0.863,1,113.7,5,0.357,0.841,6,3,0
15.34,295.6,282.01,13.59,0.583,1,13091.3,0,0.119,0.405,7,0,2
13.93,341.25,323.6,17.65,0.583,0,6478.4,0,0.06,0.276,11,1,2
38.13,340.24,313.53,26.71,0.846,1,267.7,3,0.141,0.754,4,1,0
14.54,333.46,323.62,9.84,0.681,0,12043.2,0,0.142,0.146,9,1,2
37.0,337.89,298.66,39.22,0.905,1,34.0,1,0.961,0.467,2,10,1
2.59,321.84,311.8,10.04,0.489,1,2560.0,7,0.217,0.395,1,0,5
5.28,331.1,322.75,8.36,0.509,0,12500.5,0,0.029,0.108,5,1,2
5.52,323.6,310.48,13.12,0.699,0,13433.8,0,0.039,0.449,8,0,2
3.57,307.59,296.17,11.43,0.311,0,6191.5,0,0.187,0.106,1,2,5
10.87,308.85,299.1,9.76,0.782,1,11815.7,0,0.092,0.224,10,1,2
25.43,326.6,299.9,26.71,0.89,1,143.1,6,0.85,0.46,3,3,3
15.87,363.31,325.9,37.41,0.845,1,68.1,1,0.641,0.247,4,14,1
43.31,362.16,334.08,28.08,0.788,0,241.0,5,0.346,0.74,7,1,0
20.9,309.7,297.72,11.98,0.71,0,1643.8,0,0.119,0.41,5,2,2
24.07,351.65,318.94,32.71,0.925,1,1.2,1,0.945,0.336,2,11,1
43.17,347.38,303.92,43.45,0.813,1,132.9,1,0.786,0.355,1,12,1
88.43,374.07,344.97,29.1,0.896,0,5438.0,0,0.188,0.894,13,2,4
20.33,362.84,325.43,37.41,0.97,1,33.4,1,0.671,0.246,3,13,1
8.42,318.74,310.33,8.41,0.203,1,4665.1,0,0.162,0.258,2,0,5
11.47,343.23,335.85,7.38,0.883,0,12400.9,0,0.033,0.414,7,1,2
12.36,318.32,302.23,16.09,0.541,0,2344.5,0,0.121,0.182,9,0,2
13.44,341.5,327.88,13.61,0.619,0,14288.5,0,0.121,0.268,9,3,2
11.31,327.23,307.52,19.72,0.851,0,7955.2,0,0.194,0.351,6,1,2
102.65,372.92,334.35,38.57,0.865,1,11243.8,0,0.486,0.672,6,0,4
13.57,300.29,293.1,7.19,0.614,0,12176.8,0,0.236,0.246,9,3,2
88.95,310.2,262.39,47.81,0.877,1,4831.8,0,0.335,0.796,9,2,4
39.07,348.37,310.55,37.82,0.848,1,52.6,2,0.793,0.439,3,13,1
10.39,304.24,292.46,11.78,0.582,0,2278.1,0,0.061,0.104,8,2,2
15.21,308.66,290.45,18.21,0.809,1,5100.8,0,0.029,0.26,10,4,2
13.27,306.19,296.34,9.84,0.768,1,13311.1,0,0.037,0.307,5,0,2
13.49,331.76,326.47,5.29,0.8,0,10577.0,0,0.225,0.231,7,2,2
29.22,367.92,312.71,55.21,0.89,0,30.3,1,0.604,0.521,4,12,1
21.01,325.93,315.95,9.98,0.646,0,12511.5,0,0.148,0.292,12,3,2
87.11,330.88,304.79,26.09,0.98,1,21060.0,0,0.138,0.877,9,3,4
10.12,326.57,318.24,8.33,0.788,1,14798.3,0,0.049,0.369,10,0,2
72.05,351.51,319.2,32.32,0.978,0,15106.3,0,0.41,0.907,14,1,4
27.91,328.44,312.18,16.26,0.577,0,10250.0,0,0.042,0.326,9,2,2
98.13,328.07,302.86,25.21,0.705,1,85.2,3,0.082,0.891,3,2,0
27.71,359.06,334.55,24.52,0.792,1,10.6,2,0.233,0.903,5,4,0
2.3,314.34,304.23,10.11,0.406,1,6729.0,8,0.068,0.13,2,1,5
5.3,328.93,318.62,10.31,0.681,0,14991.7,0,0.184,0.129,4,1,2
21.06,300.17,289.33,10.84,0.795,0,10916.4,0,0.243,0.26,6,3,2
9.19,337.25,326.7,10.56,0.87,1,9472.6,0,0.137,0.18,11,3,2
13.83,314.9,305.75,9.15,0.759,0,3237.5,0,0.054,0.332,6,1,2
5.23,299.84,290.11,9.73,0.21,0,6435.9,8,0.083,0.228,3,0,5
12.5,302.83,290.07,12.76,0.582,0,6829.3,0,0.154,0.389,7,0,2
37.96,332.43,306.69,25.75,0.757,0,497.5,2,0.316,0.771,2,1,0
34.24,354.88,335.48,19.39,0.649,0,1253.4,6,0.605,0.417,5,2,3
12.91,328.77,320.37,8.4,0.866,0,1728.9,0,0.095,0.309,4,1,2
49.83,365.13,336.84,28.3,0.915,1,9.9,2,0.32,0.89,3,2,0
40.41,330.53,307.78,22.75,0.771,0,932.3,1,0.146,0.892,5,1,0
56.93,333.09,318.85,14.24,0.74,1,44.1,1,0.16,0.864,2,0,0
44.77,351.47,317.32,34.15,0.942,1,91.2,1,0.957,0.328,5,7,1
62.41,333.39,312.77,20.62,0.768,0,190.9,2,0.36,0.901,2,1,0
9.79,336.5,319.0,17.5,0.767,0,8327.8,0,0.152,0.103,9,0,2
17.06,337.68,319.02,18.66,0.856,0,2341.6,0,0.128,0.294,9,1,2
48.91,344.46,322.74,21.72,0.801,1,2.2,2,0.346,0.836,3,1,0
19.97,339.51,315.31,24.2,0.92,1,28.8,2,0.727,0.429,3,10,1
13.78,331.72,324.44,7.28,0.805,0,3347.8,0,0.187,0.279,11,2,2
8.75,314.73,305.53,9.2,0.603,1,7263.5,0,0.218,0.36,7,1,2
13.26,340.06,306.9,33.17,0.993,1,17.9,1,0.978,0.398,1,14,1
28.87,319.33,306.14,13.19,0.698,0,4606.4,0,0.098,0.339,6,1,2
16.25,322.0,312.62,9.38,0.768,0,13995.4,0,0.137,0.397,6,1,2
23.91,306.91,288.52,18.39,0.85,1,979.1,6,0.801,0.63,4,4,3
43.83,350.93,319.94,30.99,0.864,1,50.4,1,0.925,0.46,4,11,1
6.55,324.13,311.53,12.6,0.575,0,2930.2,0,0.196,0.209,8,2,2
51.61,355.58,326.77,28.81,0.929,1,62.2,7,0.271,0.895,2,1,0
21.76,362.75,338.81,23.93,0.983,1,0.5,1,0.918,0.388,4,14,1
6.75,312.74,306.37,6.37,0.363,0,5764.2,0,0.081,0.266,0,1,5
55.86,318.43,306.11,12.33,0.874,0,262.2,7,0.733,0.476,1,8,3
12.2,348.57,315.84,32.73,0.941,0,70.4,1,0.811,0.542,3,10,1
48.55,357.81,314.13,43.68,0.773,1,33.2,1,0.234,0.78,5,0,0
18.72,346.36,304.64,41.72,0.922,1,89.8,1,0.776,0.488,1,9,1
39.89,337.57,318.13,19.44,0.959,0,15.5,2,0.171,0.858,3,1,0
26.75,280.19,274.54,5.65,0.818,0,4153.0,0,0.197,0.419,6,0,2
88.4,412.95,382.73,30.22,0.834,1,16444.2,0,0.143,0.929,9,2,4
14.26,347.01,322.18,24.83,0.922,1,52.5,1,0.674,0.514,3,11,1
22.76,333.4,315.99,17.41,0.698,0,499.5,7,0.662,0.521,4,5,3
50.27,342.2,317.66,24.54,0.967,1,3.8,2,0.93,0.372,2,9,1
10.84,317.98,306.1,11.88,0.767,0,3200.4,0,0.241,0.297,11,4,2
69.95,381.95,366.35,15.59,0.82,1,7640.7,0,0.423,0.794,15,1,4
95.06,388.88,344.97,43.9,0.99,0,15778.6,0,0.442,0.914,14,2,4
54.69,341.66,323.33,18.32,0.785,1,20.3,7,0.408,0.954,2,1,0
13.58,311.59,301.56,10.03,0.544,0,7888.5,0,0.047,0.337,9,3,2
12.03,333.65,319.72,13.93,0.61,1,268.1,6,0.418,0.372,4,4,3
11.11,312.28,303.36,8.93,0.658,0,10275.9,0,0.21,0.141,5,0,2
96.08,420.5,395.25,25.24,0.873,1,11628.1,0,0.23,0.844,10,0,4
60.92,344.66,310.6,34.06,0.927,1,444.7,3,0.141,0.707,2,2,0
59.04,367.5,351.59,15.91,0.8,1,93.3,1,0.364,0.78,4,2,0
2.18,318.99,316.82,2.17,0.324,0,609.8,0,0.064,0.395,0,0,5
26.73,303.94,293.23,10.71,0.85,0,14351.5,0,0.099,0.219,7,3,2
2.67,329.46,321.16,8.31,0.242,0,7861.9,0,0.057,0.182,1,0,5
37.23,327.59,308.27,19.32,0.7,0,1434.4,6,0.748,0.527,1,3,3
100.36,345.16,322.32,22.84,0.941,1,26.6,7,0.182,0.885,6,3,0
12.45,328.76,312.23,16.52,0.874,0,12123.3,0,0.242,0.264,13,5,2
15.82,322.72,304.09,18.63,0.692,0,11781.9,0,0.193,0.363,9,1,2
9.64,301.98,281.45,20.53,0.826,0,14382.2,0,0.039,0.285,11,3,2
34.14,358.75,316.59,42.16,0.812,1,7.7,1,0.724,0.351,2,9,1
19.97,386.76,365.37,21.39,0.883,0,130.9,2,0.782,0.427,2,8,1
52.55,349.63,326.07,23.56,0.704,1,264.1,7,0.414,0.929,3,0,0
13.23,341.04,335.59,5.45,0.643,0,11111.6,0,0.057,0.449,7,3,2
12.06,323.42,310.35,13.07,0.807,0,7865.1,0,0.043,0.239,7,3,2
16.91,334.33,324.12,10.21,0.782,1,5758.9,0,0.141,0.23,10,3,2
9.17,340.28,321.82,18.46,0.764,0,259.9,6,0.614,0.449,3,5,3
40.68,363.28,340.37,22.91,0.705,0,191.3,1,0.223,0.716,4,0,0
16.91,321.65,309.57,12.08,0.536,0,9623.7,0,0.209,0.341,13,0,2
14.35,374.19,329.45,44.74,0.871,0,96.4,1,0.927,0.37,2,18,1
9.04,304.36,301.73,2.64,0.568,1,4388.3,0,0.234,0.391,2,0,5
81.89,338.13,315.61,22.52,0.786,0,408.7,1,0.26,0.815,3,3,0
1.21,288.85,280.98,7.87,0.503,1,3012.1,0,0.205,0.353,1,0,5
30.91,314.71,295.88,18.83,0.72,1,213.5,6,0.523,0.546,4,4,3
27.96,331.99,321.05,10.95,0.906,1,708.2,6,0.7,0.41,3,8,3
15.47,335.86,315.28,20.58,0.746,0,5466.4,0,0.042,0.173,9,2,2
161.79,377.77,357.31,20.46,0.907,0,14094.0,0,0.447,0.889,9,0,4
4.96,325.41,314.39,11.02,0.514,0,12466.7,0,0.219,0.212,5,3,2
25.74,352.81,319.55,33.26,0.921,1,120.6,1,0.155,0.817,4,1,0
12.57,313.04,305.58,7.46,0.55,0,2784.4,0,0.099,0.283,7,3,2
20.21,339.44,335.06,4.38,0.624,0,1935.7,0,0.235,0.327,5,1,2
73.36,367.71,327.4,40.31,0.81,0,13921.3,0,0.4,0.767,14,1,4
16.71,327.59,315.76,11.83,0.72,0,129.4,4,0.644,0.402,3,6,3
11.53,325.36,303.2,22.17,0.603,1,1096.5,4,0.705,0.421,3,7,3
36.83,317.9,295.45,22.44,0.879,1,456.4,6,0.848,0.468,4,5,3
130.65,363.53,323.27,40.26,0.983,1,16753.6,0,0.241,0.744,13,1,4
91.69,375.44,351.57,23.87,0.937,1,9829.1,0,0.281,0.692,6,0,4
58.56,350.53,320.64,29.89,0.786,1,355.7,5,0.418,0.771,7,3,0
10.51,328.26,313.22,15.04,0.606,0,13833.9,0,0.155,0.125,7,0,2
44.71,357.41,333.37,24.04,0.923,0,158.5,3,0.106,0.8,4,1,0
19.16,363.56,332.98,30.58,0.8,0,47.6,2,0.64,0.334,1,10,1
60.48,378.27,357.11,21.16,0.706,1,133.9,3,0.144,0.797,1,3,0
19.83,305.6,291.41,14.19,0.593,0,8083.5,0,0.169,0.159,7,0,2
13.06,305.86,294.4,11.46,0.58,0,11356.2,0,0.21,0.422,6,1,2
1.2,322.83,317.13,5.7,0.243,0,7258.5,7,0.291,0.059,0,1,5
14.23,340.42,318.42,22.01,0.837,0,428.4,6,0.826,0.465,6,2,3
42.82,360.25,327.91,32.34,0.842,1,294.9,2,0.397,0.758,2,0,0
52.14,339.88,311.84,28.05,0.81,0,1.5,5,0.085,0.877,4,1,0
6.14,301.31,290.37,10.94,0.368,1,7362.4,0,0.049,0.096,1,1,5
18.99,318.55,303.44,15.1,0.661,0,11676.1,0,0.09,0.447,3,1,2
37.46,384.21,358.05,26.17,0.967,0,416.6,3,0.245,0.869,4,1,0
8.07,325.48,315.94,9.54,0.598,1,4291.6,0,0.29,0.278,2,1,5
16.52,354.04,327.99,26.05,0.65,1,264.2,7,0.811,0.486,5,3,3
59.95,347.23,310.85,36.38,0.962,0,16.2,7,0.201,0.861,4,0,0
4.39,342.16,330.25,11.91,0.607,0,2516.3,0,0.214,0.119,10,0,2
20.91,338.31,302.86,35.45,0.913,1,91.9,3,0.659,0.373,1,16,1
78.2,342.65,317.08,25.57,0.771,1,4697.5,0,0.129,0.835,14,1,4
4.18,322.41,309.15,13.25,0.67,0,14022.0,0,0.094,0.353,8,1,2
27.89,350.33,313.17,37.16,0.816,1,80.6,1,0.817,0.292,4,12,1
1.5,298.14,288.5,9.63,0.344,1,6181.2,0,0.218,0.213,1,0,5
8.08,341.75,336.83,4.91,0.662,0,12759.1,0,0.177,0.39,6,1,2
27.35,345.43,306.95,38.48,0.9,1,25.5,1,0.646,0.307,1,12,1
9.3,324.74,315.51,9.23,0.846,1,11.4,3,0.781,0.265,2,12,1
76.56,381.27,350.0,31.27,0.819,1,19544.1,0,0.131,0.737,16,1,4
21.59,355.29,310.82,44.47,0.997,0,63.8,1,0.796,0.422,2,8,1
4.97,296.4,291.39,5.0,0.35,0,6374.1,7,0.247,0.221,1,0,5
8.47,319.18,305.33,13.84,0.662,0,4446.9,0,0.238,0.263,9,1,2
1.96,324.16,315.38,8.78,0.313,1,6041.3,0,0.109,0.099,1,1,5
43.39,321.39,285.77,35.62,0.861,1,22.2,2,0.165,0.963,3,0,0
1.66,309.59,303.79,5.81,0.401,1,5653.0,0,0.029,0.09,0,2,5
46.73,349.45,319.13,30.32,0.985,1,83.7,1,0.393,0.98,5,2,0
63.35,395.61,365.02,30.58,0.786,0,13763.8,0,0.305,0.92,10,1,4
14.04,323.2,309.63,13.56,0.581,0,13123.4,0,0.073,0.276,11,3,2
8.32,331.38,320.94,10.44,0.838,0,6152.4,0,0.156,0.417,10,2,2
83.33,335.8,304.89,30.91,0.831,0,12459.3,0,0.355,0.693,13,0,4
11.86,316.64,305.31,11.32,0.706,0,12023.0,0,0.04,0.271,7,3,2
15.78,360.89,334.07,26.82,0.805,0,172.8,6,0.794,0.629,4,6,3
23.13,302.6,286.8,15.8,0.717,0,9959.1,0,0.136,0.243,10,2,2
47.16,329.21,305.99,23.21,0.859,1,74.8,1,0.252,0.868,1,0,0
33.28,350.82,322.96,27.86,0.838,1,319.7,2,0.331,0.859,4,1,0
127.0,350.73,334.73,16.0,0.824,1,18372.6,0,0.232,0.95,13,1,4
28.96,357.53,328.58,28.95,0.911,1,9.0,1,0.893,0.24,1,9,1
30.54,312.56,282.29,30.27,0.703,0,118.2,1,0.154,0.913,2,0,0
20.49,331.51,314.22,17.29,0.746,1,580.2,3,0.297,0.855,2,3,0
8.28,313.79,296.18,17.61,0.648,0,12371.4,0,0.052,0.234,7,2,2
70.85,331.01,312.51,18.49,0.923,0,10.8,1,0.24,0.747,3,2,0
49.91,350.3,313.96,36.34,0.991,1,129.1,7,0.212,0.765,3,2,0
19.27,306.81,287.96,18.85,0.841,1,370.2,6,0.726,0.516,3,1,3
21.52,356.26,330.89,25.37,0.81,1,140.7,1,0.127,0.74,2,2,0
6.45,295.47,286.03,9.43,0.588,1,4755.0,0,0.072,0.076,1,0,5
1.17,317.97,312.76,5.21,0.424,1,3860.1,0,0.153,0.258,2,0,5
6.03,333.36,328.5,4.85,0.696,0,13252.6,0,0.037,0.111,7,0,2
9.81,310.11,301.75,8.35,0.355,0,3937.7,0,0.28,0.377,3,0,5
59.72,378.37,351.91,26.47,0.759,1,3666.8,0,0.35,0.73,9,1,4
22.21,334.03,317.45,16.59,0.514,0,9788.2,0,0.119,0.415,7,1,2
63.1,345.12,307.34,37.78,0.864,0,18850.4,0,0.421,0.869,10,1,4
43.15,340.71,326.16,14.55,0.706,0,61.8,3,0.089,0.857,2,0,0
12.2,314.37,296.09,18.28,0.521,0,8296.6,0,0.133,0.415,11,4,2
63.67,348.6,339.89,8.71,0.812,0,443.8,7,0.823,0.506,6,0,3
7.78,331.77,307.95,23.81,0.912,0,117.8,6,0.688,0.633,5,3,3
4.84,306.09,297.01,9.08,0.592,1,3319.1,0,0.227,0.233,0,0,5
60.06,380.13,340.82,39.32,0.756,1,9341.0,0,0.446,0.921,15,2,4
84.46,336.79,318.13,18.65,0.98,0,29.2,1,0.275,0.732,2,0,0
39.96,406.1,365.97,40.13,0.892,0,8390.6,0,0.223,0.697,8,1,4
9.14,336.33,319.46,16.87,0.782,1,1547.0,6,0.758,0.359,5,1,3
20.37,330.55,315.1,15.45,0.637,0,3418.6,0,0.125,0.164,7,3,2
12.64,327.44,315.32,12.12,0.821,0,9432.6,0,0.203,0.151,6,0,2
1.58,303.77,295.5,8.27,0.211,1,5223.4,0,0.213,0.238,0,0,5
8.23,337.11,324.25,12.86,0.674,1,11162.8,0,0.065,0.34,8,1,2
11.12,335.85,323.74,12.11,0.626,0,11477.3,0,0.181,0.299,12,3,2
7.04,324.13,318.79,5.34,0.247,1,3042.7,0,0.107,0.329,0,0,5
130.07,339.53,312.44,27.09,0.934,0,22074.3,0,0.343,0.888,14,1,4
61.54,352.08,323.54,28.54,0.918,1,24228.9,0,0.422,0.679,15,0,4
18.34,388.03,352.43,35.6,0.981,1,87.7,2,0.618,0.219,1,9,1
3.81,317.7,309.8,7.9,0.539,0,3366.7,0,0.031,0.089,1,0,5
11.95,339.05,326.08,12.97,0.701,0,3292.4,0,0.19,0.404,12,3,2
16.43,308.02,295.88,12.14,0.655,0,11003.9,0,0.112,0.333,4,2,2
35.81,322.57,297.93,24.64,0.796,1,209.5,1,0.345,0.714,1,1,0
16.35,380.61,337.66,42.95,0.812,1,151.5,1,0.972,0.251,6,9,1
104.07,384.42,361.34,23.08,0.846,0,10277.7,0,0.265,0.72,14,1,4
3.07,317.04,314.8,2.24,0.322,0,6449.4,0,0.189,0.156,1,2,5
48.69,352.88,319.77,33.11,0.85,1,43.5,1,0.606,0.343,1,16,1
19.99,308.45,290.56,17.9,0.599,0,14409.1,0,0.116,0.27,6,4,2
17.51,316.24,306.55,9.69,0.584,0,10292.1,0,0.065,0.352,9,1,2
102.93,371.88,334.69,37.18,0.942,0,5456.3,0,0.304,0.674,13,1,4
10.71,322.95,310.08,12.87,0.551,0,7454.6,0,0.196,0.343,9,1,2
33.08,334.38,321.57,12.81,0.855,0,10244.5,0,0.184,0.311,12,2,2
12.55,326.99,318.43,8.55,0.725,0,1699.9,0,0.122,0.375,11,2,2
7.26,319.17,312.47,6.7,0.373,0,2730.8,0,0.207,0.112,1,1,5
21.84,318.48,317.37,1.11,0.834,0,8890.3,0,0.066,0.299,6,1,2
18.84,343.78,329.53,14.25,0.699,0,455.5,6,0.814,0.481,3,6,3
19.9,307.48,284.57,22.91,0.867,0,4342.4,0,0.06,0.203,11,1,2
40.44,360.36,319.3,41.07,0.869,1,155.7,1,0.778,0.429,3,12,1
5.68,304.25,301.43,2.82,0.218,0,3717.1,0,0.068,0.144,1,0,5
45.17,340.72,307.36,33.36,0.777,1,5.1,2,0.301,0.741,4,1,0
117.19,374.21,346.27,27.94,0.804,0,21397.5,0,0.457,0.811,11,0,4
18.04,311.76,306.7,5.05,0.711,0,5766.5,0,0.109,0.289,6,4,2
73.68,390.62,362.39,28.23,0.783,1,18405.9,0,0.452,0.837,9,0,4
7.08,323.15,321.4,1.75,0.578,1,5337.4,0,0.118,0.218,9,1,2
21.2,354.56,320.3,34.26,0.905,1,28.0,2,0.714,0.403,2,8,1
5.29,332.73,319.61,13.12,0.712,1,3118.2,0,0.241,0.125,11,1,2
17.73,340.44,332.03,8.41,0.637,0,9434.1,0,0.235,0.402,10,1,2
14.73,333.47,313.57,19.9,0.77,1,348.0,4,0.544,0.368,4,3,3
22.24,371.64,334.26,37.38,0.977,1,17.5,1,0.965,0.422,3,12,1
24.8,339.1,315.02,24.08,0.995,0,376.4,5,0.431,0.921,3,4,0
16.49,338.05,315.1,22.96,0.823,1,2316.5,7,0.619,0.568,5,3,3
23.57,354.24,320.94,33.3,0.888,1,47.6,1,0.676,0.401,3,11,1
3.64,303.83,298.7,5.13,0.36,0,5578.5,7,0.107,0.366,0,1,5
19.06,314.02,276.76,37.26,0.979,0,127.2,2,0.745,0.277,2,13,1
7.02,311.51,298.07,13.44,0.714,0,2924.5,0,0.076,0.373,12,3,2
97.64,364.93,334.33,30.6,0.856,1,15265.4,0,0.407,0.748,16,2,4
10.92,346.8,336.8,10.0,0.616,0,9283.1,0,0.12,0.304,5,0,2
89.83,353.17,311.62,41.55,0.924,0,24613.6,0,0.136,0.823,9,0,4
1.65,316.54,307.12,9.43,0.374,0,1681.7,0,0.209,0.228,2,2,5
13.47,371.73,327.98,43.75,0.894,1,41.3,1,0.816,0.531,2,11,1
5.74,306.69,297.89,8.8,0.509,0,9772.2,0,0.216,0.344,11,1,2
33.01,345.54,307.52,38.03,0.985,1,245.0,2,0.304,0.72,3,0,0
141.27,374.61,349.69,24.92,0.905,1,11685.2,0,0.274,0.943,12,0,4
32.15,382.59,358.43,24.16,0.742,0,66.3,3,0.131,0.889,3,2,0
3.3,313.73,307.73,6.0,0.446,0,6708.3,0,0.03,0.293,0,0,5
21.95,350.69,309.73,40.96,0.844,1,141.3,1,0.755,0.436,3,13,1
11.42,300.46,293.34,7.12,0.539,0,8966.3,0,0.072,0.366,11,1,2
14.27,328.37,317.01,11.36,0.86,0,3227.2,0,0.109,0.425,8,1,2
147.75,362.34,335.05,27.29,0.996,1,10734.4,0,0.179,0.67,16,3,4
66.58,369.34,336.23,33.11,0.912,1,18242.2,0,0.341,0.722,9,1,4
18.72,347.08,322.61,24.48,0.974,1,125.6,1,0.829,0.485,3,12,1
75.85,412.94,389.19,23.75,0.829,1,11125.6,0,0.476,0.829,17,2,4
3.65,308.96,301.89,7.06,0.456,1,3765.6,0,0.012,0.353,2,0,5
18.08,318.5,301.41,17.08,0.559,0,14748.3,0,0.046,0.156,9,0,2
74.01,383.76,357.83,25.94,0.908,1,7100.2,0,0.438,0.83,9,0,4
62.59,328.84,306.47,22.36,0.981,1,81.7,5,0.208,0.794,2,1,0
15.83,363.12,321.71,41.41,0.854,0,5.2,2,0.629,0.24,2,10,1
23.54,318.96,316.59,2.37,0.774,1,229.9,6,0.559,0.6,2,5,3
27.71,344.21,310.02,34.19,0.847,1,53.8,1,0.96,0.338,2,17,1
7.51,319.49,310.71,8.78,0.846,0,12117.2,0,0.155,0.418,8,2,2
9.97,312.45,298.55,13.9,0.75,0,13882.7,0,0.148,0.376,16,0,2
69.16,352.7,325.64,27.06,0.769,1,16959.5,0,0.257,0.816,10,0,4
4.72,314.23,301.53,12.7,0.417,1,3752.5,0,0.285,0.124,2,0,5
59.62,346.34,328.52,17.82,0.948,0,39.4,1,0.301,0.892,3,2,0
8.68,327.94,319.0,8.94,0.643,0,8533.2,0,0.142,0.253,4,0,2
7.89,294.68,286.46,8.22,0.638,0,6032.1,0,0.156,0.338,9,1,2
9.69,340.72,337.36,3.37,0.736,0,10097.0,0,0.067,0.365,5,0,2
117.59,345.56,317.75,27.81,0.833,0,22171.5,0,0.356,0.663,12,0,4
4.88,320.26,309.37,10.89,0.303,0,744.0,7,0.261,0.107,0,0,5
15.12,342.53,317.28,25.25,0.773,0,12.1,3,0.221,0.875,5,2,0
68.6,393.52,369.29,24.23,0.899,0,22617.6,0,0.225,0.807,13,0,4
6.44,317.95,310.15,7.8,0.811,0,9102.0,0,0.03,0.41,12,3,2
12.14,308.12,299.04,9.09,0.85,0,7047.0,0,0.063,0.41,7,0,2
3.77,315.14,305.84,9.3,0.478,0,7524.2,0,0.206,0.13,0,0,5
18.78,316.24,307.73,8.51,0.795,0,9461.5,0,0.034,0.325,8,2,2
17.03,328.52,313.79,14.74,0.792,1,8178.6,0,0.201,0.104,8,1,2
4.96,345.11,331.3,13.81,0.667,1,9948.8,0,0.224,0.421,5,1,2
10.32,294.29,284.93,9.36,0.771,1,7652.9,0,0.147,0.337,5,1,2
71.55,340.24,331.02,9.22,0.75,1,128.7,2,0.378,0.845,4,1,0
22.01,334.15,319.39,14.76,0.865,1,211.3,3,0.685,0.511,5,13,1
12.16,348.0,310.38,37.62,0.949,1,310.3,1,0.722,0.321,2,16,1
22.76,331.39,308.87,22.52,0.859,0,812.3,6,0.64,0.369,5,3,3
71.6,378.01,354.31,23.71,0.811,0,29.8,1,0.103,0.732,2,3,0
9.31,353.89,323.61,30.28,0.869,1,149.3,1,0.789,0.502,3,9,1
21.85,354.18,322.85,31.34,0.996,1,52.7,1,0.966,0.205,3,13,1
8.09,313.69,296.23,17.46,0.623,1,2650.6,0,0.082,0.4,6,0,2
20.08,347.65,328.24,19.41,0.881,1,20.3,1,0.698,0.392,5,12,1
7.73,330.2,305.39,24.81,0.641,1,917.6,6,0.52,0.384,5,5,3
44.62,320.26,296.75,23.51,0.986,1,179.7,2,0.102,0.805,2,2,0
32.83,368.5,352.33,16.17,0.748,0,868.1,3,0.435,0.783,3,0,0
114.45,366.81,343.65,23.16,0.755,1,17278.7,0,0.185,0.749,13,2,4
6.51,332.71,331.41,1.3,0.601,0,10775.1,0,0.168,0.139,12,1,2
18.06,301.96,294.6,7.37,0.785,0,10055.1,0,0.096,0.314,7,3,2
10.14,304.21,287.77,16.44,0.892,0,5477.2,0,0.197,0.257,5,2,2
6.41,330.97,316.08,14.89,0.629,0,7673.1,0,0.211,0.3,10,0,2
12.25,333.01,318.21,14.79,0.512,0,2805.0,0,0.11,0.439,9,2,2
12.06,325.24,309.33,15.91,0.584,0,8929.3,0,0.096,0.39,10,2,2
16.23,350.41,304.26,46.15,0.839,1,87.1,1,0.615,0.396,4,10,1
6.03,321.4,312.47,8.93,0.542,1,7640.0,0,0.147,0.115,0,0,5
15.31,379.6,342.16,37.44,0.975,1,91.1,1,0.815,0.324,4,11,1
40.79,344.41,322.51,21.9,0.986,0,526.3,3,0.305,0.881,3,3,0
30.96,360.81,335.27,25.54,0.932,1,118.0,1,0.95,0.492,5,9,1
3.17,333.62,321.26,12.37,0.831,0,12837.5,0,0.063,0.264,7,1,2
116.95,372.9,337.49,35.41,0.824,0,5978.1,0,0.256,0.783,8,1,4
6.47,323.23,313.7,9.53,0.598,0,5447.3,0,0.121,0.107,7,2,2
34.73,378.34,334.68,43.66,0.841,1,104.1,3,0.688,0.221,3,8,1
37.67,359.09,328.55,30.54,0.87,1,394.6,3,0.375,0.928,5,0,0
18.12,362.34,348.12,14.22,0.816,1,141.1,6,0.494,0.398,4,3,3
72.04,382.49,343.3,39.19,0.9,1,3009.2,0,0.176,0.865,11,1,4
35.43,322.54,287.28,35.26,0.994,1,366.5,1,0.877,0.531,2,13,1
42.4,346.26,309.97,36.28,0.961,0,120.4,1,0.894,0.489,1,10,1
124.96,349.87,311.66,38.21,0.863,1,12549.1,0,0.351,0.886,8,0,4
15.48,309.98,287.14,22.83,0.664,1,13957.2,0,0.247,0.445,10,3,2
10.7,312.08,305.82,6.26,0.278,0,6959.0,0,0.196,0.317,0,0,5
22.76,314.17,295.83,18.33,0.741,0,703.6,6,0.823,0.432,2,10,3
10.11,314.62,305.66,8.96,0.659,0,4393.2,0,0.113,0.133,7,0,2
11.47,307.21,300.93,6.28,0.434,0,4348.2,0,0.135,0.118,0,0,5
26.79,321.69,305.01,16.68,0.61,0,8103.2,0,0.137,0.328,8,1,2
20.5,305.11,286.15,18.96,0.628,0,12363.9,0,0.115,0.346,11,1,2
76.14,330.28,304.43,25.84,0.879,1,44.8,2,0.289,0.805,2,2,0
26.96,359.45,319.97,39.48,0.821,0,196.1,2,0.646,0.306,4,14,1
70.27,355.19,326.08,29.11,0.811,1,17201.3,0,0.108,0.928,12,0,4
93.28,347.94,319.9,28.04,0.921,1,12250.8,0,0.471,0.877,12,0,4
6.21,318.21,307.66,10.55,0.583,0,5932.3,8,0.064,0.113,0,0,5
5.06,307.69,296.52,11.17,0.217,0,5877.9,0,0.225,0.311,3,0,5
20.75,330.1,323.14,6.96,0.804,1,8034.1,0,0.048,0.317,9,4,2
22.56,335.37,324.34,11.03,0.684,1,820.5,6,0.654,0.668,5,3,3
123.08,337.51,297.77,39.74,0.955,1,6554.3,0,0.317,0.653,14,2,4
8.38,296.84,284.5,12.34,0.785,1,11447.9,0,0.229,0.139,6,1,2
8.42,324.97,311.88,13.09,0.743,0,9628.9,0,0.161,0.234,9,1,2
59.54,339.97,319.61,20.36,0.787,0,109.0,6,0.438,0.427,3,4,3
13.27,357.42,341.4,16.02,0.842,0,1406.1,4,0.44,0.59,4,3,3
2.84,301.91,294.84,7.07,0.366,0,4701.5,0,0.097,0.355,0,0,5
24.94,326.85,313.64,13.22,0.658,0,3012.1,0,0.167,0.227,8,1,2
1.67,309.36,298.41,10.95,0.278,0,5316.3,0,0.073,0.379,3,0,5
17.9,334.84,305.44,29.4,0.979,1,153.6,1,0.937,0.521,2,17,1
4.25,301.25,295.98,5.27,0.433,1,1278.2,8,0.195,0.315,0,0,5
14.75,306.99,292.92,14.06,0.748,1,1561.0,0,0.244,0.204,9,2,2
1.93,303.02,294.9,8.12,0.495,1,3661.8,0,0.164,0.167,2,0,5
15.21,321.56,310.18,11.38,0.859,0,14422.0,0,0.116,0.16,7,3,2
2.77,304.5,299.19,5.32,0.532,1,918.3,0,0.02,0.165,1,1,5
4.42,316.98,309.01,7.98,0.277,0,874.8,8,0.125,0.331,3,1,5
16.98,307.9,292.06,15.84,0.668,0,2101.5,0,0.025,0.18,8,2,2
69.91,377.35,344.09,33.26,0.774,0,7589.7,0,0.168,0.915,13,1,4
19.01,324.14,305.11,19.03,0.897,1,1714.9,6,0.838,0.424,3,8,3
4.94,313.85,310.53,3.32,0.452,1,3420.8,0,0.123,0.366,2,1,5
1.56,319.59,313.1,6.49,0.425,0,5453.0,0,0.198,0.311,3,0,5
17.56,317.62,306.3,11.31,0.745,1,5131.8,0,0.078,0.214,9,2,2
2.56,305.83,296.7,9.13,0.239,1,3478.4,7,0.132,0.334,2,0,5
30.47,341.75,323.78,17.97,0.829,0,328.5,6,0.801,0.574,3,3,3
25.42,327.52,312.24,15.27,0.869,0,190.5,6,0.645,0.456,5,4,3
22.75,296.3,288.99,7.31,0.598,0,3390.3,0,0.109,0.177,1,0,5
14.95,341.66,325.07,16.58,0.608,0,8919.0,0,0.213,0.171,6,0,2
23.46,333.24,298.22,35.01,0.801,1,33.6,1,0.707,0.231,3,11,1
6.33,328.42,320.51,7.92,0.824,0,13144.0,0,0.245,0.212,11,2,2
15.87,348.67,322.19,26.48,0.814,0,131.5,2,0.857,0.393,3,12,1
8.85,329.09,316.74,12.35,0.887,0,5432.5,0,0.233,0.301,7,0,2
3.7,293.12,280.38,12.75,0.599,0,4728.3,0,0.039,0.396,9,2,2
8.43,330.08,322.24,7.84,0.802,0,7391.3,0,0.237,0.21,6,1,2
8.17,367.28,336.34,30.94,0.899,0,360.0,1,0.647,0.286,1,12,1
8.41,302.48,292.43,10.04,0.504,0,5638.6,0,0.068,0.09,2,0,5
1.75,295.75,288.63,7.12,0.511,0,7158.7,7,0.23,0.22,1,0,5
37.06,349.26,314.72,34.53,0.827,1,60.0,3,0.75,0.374,2,11,1
25.26,374.1,342.05,32.05,0.963,0,17.7,1,0.841,0.542,1,12,1
7.8,298.96,284.66,14.3,0.76,0,4458.0,0,0.142,0.108,9,1,2
111.37,348.53,313.76,34.77,0.837,1,22486.4,0,0.479,0.93,10,1,4
45.85,321.73,306.28,15.45,0.901,0,381.9,6,0.683,0.443,3,4,3
37.48,356.67,313.7,42.97,0.839,1,100.0,1,0.979,0.358,1,12,1
11.74,326.56,321.38,5.18,0.572,0,10065.7,0,0.199,0.4,11,3,2
34.66,322.77,307.63,15.14,0.779,0,159.1,6,0.634,0.396,3,4,3
6.46,308.11,296.28,11.83,0.535,0,8947.2,0,0.206,0.4,13,0,2
85.14,344.35,331.0,13.35,0.992,1,94.4,1,0.342,0.768,3,1,0
98.89,343.6,313.78,29.82,0.868,1,23053.1,0,0.479,0.913,9,1,4
8.34,320.3,306.67,13.63,0.541,0,2471.6,0,0.116,0.349,8,3,2
9.88,320.2,306.47,13.73,0.832,0,2947.1,0,0.18,0.326,8,0,2
57.28,352.22,316.09,36.13,0.9,1,84.4,5,0.115,0.776,1,1,0
130.54,365.25,334.81,30.45,0.792,0,4428.8,0,0.335,0.658,11,0,4
6.05,309.47,297.36,12.11,0.52,0,6751.8,0,0.219,0.392,8,2,2
48.4,346.66,305.17,41.48,0.847,0,11.1,1,0.603,0.406,2,17,1
2.8,313.18,303.13,10.04,0.504,1,4024.2,0,0.202,0.253,2,0,5
18.15,328.31,319.33,8.98,0.534,0,4798.0,0,0.075,0.104,5,0,2
42.05,365.78,343.64,22.14,0.984,1,252.0,2,0.083,0.918,4,1,0
1.89,301.89,296.84,5.06,0.516,0,7776.8,7,0.104,0.255,2,1,5
34.47,352.16,332.86,19.3,0.932,1,30.3,1,0.622,0.307,2,13,1
11.11,319.62,305.6,14.02,0.892,0,3041.6,0,0.192,0.249,9,1,2
39.19,356.24,316.98,39.26,0.971,1,322.8,3,0.679,0.291,1,13,1
106.23,370.22,343.69,26.53,0.774,0,10822.8,0,0.437,0.945,12,1,4
34.39,350.62,330.75,19.87,0.626,1,1530.3,6,0.627,0.46,3,3,3
11.58,323.04,314.21,8.83,0.787,0,3524.3,0,0.031,0.156,10,4,2
22.64,314.52,292.01,22.51,0.561,1,3311.1,0,0.156,0.211,14,1,2
67.32,346.3,322.04,24.25,0.924,1,428.6,1,0.132,0.834,4,1,0
21.72,361.45,325.7,35.75,0.919,1,60.1,2,0.961,0.507,1,10,1
27.12,352.7,329.51,23.19,0.912,1,75.2,1,0.651,0.347,2,9,1
27.77,342.08,320.16,21.92,0.6,0,245.0,6,0.696,0.666,3,5,3
109.71,393.14,374.87,18.26,0.874,0,21590.0,0,0.206,0.681,10,0,4
9.42,302.86,291.09,11.77,0.745,0,6352.2,0,0.068,0.196,6,5,2
20.84,315.27,296.81,18.45,0.81,1,712.1,6,0.403,0.629,5,7,3
6.01,331.45,319.74,11.71,0.707,1,10959.4,0,0.224,0.441,11,1,2
41.49,374.13,337.16,36.96,0.931,1,199.9,2,0.406,0.874,3,1,0
19.22,326.25,318.17,8.08,0.818,0,13221.4,0,0.056,0.349,5,1,2
18.01,329.74,317.6,12.13,0.763,1,657.6,7,0.782,0.363,2,4,3
31.01,332.51,309.18,23.33,0.642,0,350.6,6,0.484,0.605,4,2,3
6.6,305.06,295.8,9.26,0.512,1,2059.0,7,0.125,0.279,0,1,5
25.37,317.14,300.22,16.92,0.759,0,8829.7,0,0.104,0.172,8,0,2
38.0,354.88,316.56,38.32,0.735,1,22.4,1,0.107,0.894,2,1,0
61.05,335.52,311.85,23.67,0.969,1,27.0,3,0.3,0.815,5,0,0
15.03,318.42,311.95,6.48,0.516,0,12173.6,0,0.181,0.414,9,0,2
12.95,294.53,274.69,19.83,0.659,0,2235.8,0,0.128,0.192,5,3,2
16.34,330.06,319.73,10.33,0.864,0,8119.9,0,0.154,0.175,10,2,2
82.75,393.36,367.24,26.12,0.803,0,6638.8,0,0.102,0.799,8,1,4
27.4,342.7,316.24,26.46,0.83,1,29.9,1,0.897,0.431,2,15,1
4.29,309.61,299.37,10.24,0.834,0,9206.3,0,0.231,0.148,9,1,2
99.26,342.31,326.42,15.89,0.718,1,86.0,1,0.184,0.81,8,1,0
65.8,349.05,320.39,28.66,0.964,1,149.2,1,0.263,0.8,4,3,0
6.99,302.44,295.0,7.45,0.462,0,982.8,0,0.27,0.347,1,0,5
12.5,328.12,315.26,12.86,0.676,0,9616.0,0,0.021,0.11,10,1,2
7.99,288.98,269.97,19.0,0.876,0,10386.1,0,0.022,0.332,8,2,2
12.77,361.49,325.22,36.28,0.893,0,144.6,1,0.723,0.269,3,11,1
11.6,318.11,307.43,10.68,0.864,1,11970.8,0,0.101,0.242,9,1,2
68.77,313.34,283.03,30.32,0.804,1,275.6,2,0.299,0.941,4,0,0
84.27,371.14,338.13,33.01,0.877,0,7510.8,0,0.459,0.83,8,1,4
36.05,312.59,296.34,16.26,0.574,0,5540.2,0,0.218,0.367,5,2,2
155.94,373.55,351.12,22.43,0.763,0,11732.9,0,0.106,0.934,13,1,4
39.13,354.68,327.15,27.53,0.944,0,29.0,1,0.858,0.219,1,15,1
10.23,333.61,327.39,6.22,0.639,0,7229.5,0,0.096,0.287,7,3,2
23.83,364.65,338.61,26.04,0.88,1,84.3,2,0.827,0.423,2,10,1
32.72,329.12,319.01,10.11,0.849,0,12591.2,0,0.068,0.12,8,0,2
4.07,299.71,281.84,17.87,0.627,0,13457.0,0,0.036,0.348,9,5,2
30.36,326.77,308.81,17.96,0.641,0,452.0,7,0.564,0.59,3,2,3
50.19,394.17,363.44,30.73,0.985,1,8612.3,0,0.129,0.806,9,1,4
7.5,326.5,316.39,10.11,0.637,1,13836.5,0,0.04,0.218,6,1,2
10.46,325.42,309.07,16.35,0.767,0,147.2,6,0.715,0.591,5,3,3
12.33,323.67,308.85,14.82,0.654,0,11089.8,0,0.209,0.358,4,4,2
10.54,318.91,301.18,17.74,0.792,1,235.5,4,0.502,0.459,6,5,3
14.49,334.24,320.39,13.85,0.525,0,2988.8,0,0.08,0.37,10,0,2
16.68,343.35,325.16,18.2,0.613,0,821.5,6,0.505,0.362,4,5,3
6.66,313.84,305.55,8.3,0.531,0,11284.5,0,0.121,0.251,7,2,2
19.95,344.25,309.02,35.23,0.83,1,245.9,1,0.821,0.333,3,11,1
14.9,330.39,316.87,13.52,0.878,1,3459.7,0,0.107,0.269,8,1,2
35.57,381.43,357.03,24.4,0.744,0,158.8,1,0.25,0.805,3,1,0
40.08,352.32,334.33,17.99,0.938,0,258.9,1,0.055,0.952,3,4,0
7.28,318.63,299.85,18.78,0.784,0,7384.3,0,0.024,0.192,6,3,2
3.84,307.26,300.9,6.37,0.473,0,5880.2,0,0.259,0.284,0,1,5
77.87,387.55,348.16,39.4,0.994,1,23609.0,0,0.332,0.695,16,2,4
26.91,347.99,326.98,21.01,0.715,1,580.4,6,0.646,0.618,3,2,3
3.64,334.45,326.55,7.89,0.589,0,4828.2,7,0.069,0.231,2,0,5
5.16,303.29,301.35,1.94,0.229,1,2856.3,0,0.065,0.327,2,0,5
53.41,353.46,331.44,22.02,0.937,1,62.2,3,0.307,0.759,1,1,0
11.42,318.79,304.41,14.38,0.816,1,2217.7,0,0.093,0.359,5,2,2
10.66,333.38,324.28,9.1,0.514,0,13897.0,0,0.089,0.153,8,1,2
21.66,358.23,328.07,30.16,0.95,1,33.1,3,0.608,0.276,2,18,1
32.5,345.84,323.08,22.76,0.804,0,113.4,6,0.675,0.434,3,4,3
5.09,320.19,309.2,10.99,0.331,1,7316.7,0,0.273,0.154,1,0,5
162.09,354.65,315.55,39.11,0.774,0,5618.3,0,0.285,0.738,14,1,4
5.79,340.84,320.22,20.62,0.698,0,3310.2,7,0.42,0.369,4,4,3
38.25,363.82,322.83,40.99,0.935,0,129.4,1,0.965,0.413,3,11,1
71.58,375.75,345.12,30.63,0.965,0,23928.6,0,0.242,0.822,13,1,4
23.45,344.03,307.13,36.9,0.812,1,115.0,1,0.795,0.518,2,12,1
18.64,327.64,320.6,7.04,0.699,0,6355.1,0,0.032,0.137,7,2,2
18.29,365.29,332.0,33.29,0.963,1,0.7,1,0.616,0.436,3,15,1
7.07,321.72,309.74,11.99,0.625,0,8530.5,0,0.123,0.18,8,1,2
9.18,311.14,297.79,13.35,0.786,0,8775.4,0,0.06,0.186,7,3,2
3.38,323.62,320.73,2.89,0.527,1,590.8,0,0.012,0.242,1,1,5
47.48,351.95,321.93,30.03,0.834,1,41.1,3,0.193,0.979,6,2,0
12.33,356.05,318.86,37.19,0.975,0,90.7,1,0.636,0.386,3,11,1
3.1,315.51,306.07,9.44,0.319,0,5499.1,7,0.029,0.303,5,1,5
19.76,325.09,317.51,7.57,0.898,0,6737.0,0,0.215,0.425,11,2,2
16.46,317.24,299.53,17.71,0.847,1,629.5,4,0.693,0.615,1,2,3
11.32,336.35,314.9,21.45,0.878,0,324.6,6,0.706,0.59,1,3,3
21.53,362.2,333.55,28.65,0.878,0,88.9,2,0.704,0.529,1,14,1
26.98,333.48,308.39,25.09,0.712,1,2109.6,6,0.559,0.453,4,7,3
3.18,337.87,326.52,11.34,0.626,0,2082.9,0,0.241,0.44,10,3,2
18.02,340.77,293.97,46.8,0.819,0,80.2,1,0.892,0.454,1,12,1
36.98,368.29,357.71,10.58,0.856,0,175.4,1,0.298,0.777,1,2,0
21.54,333.92,308.31,25.61,0.814,1,89.2,1,0.829,0.392,2,10,1
40.11,354.0,335.73,18.27,0.955,0,196.1,2,0.976,0.355,3,9,1
5.79,325.97,316.17,9.8,0.398,1,2756.3,0,0.261,0.351,1,1,5
50.7,360.34,319.56,40.79,0.902,1,261.7,1,0.925,0.474,4,7,1
44.82,354.29,332.17,22.12,0.902,1,73.9,1,0.607,0.315,1,13,1
4.63,310.65,293.7,16.95,0.583,0,6198.1,0,0.168,0.189,11,0,2
10.12,333.1,320.65,12.44,0.717,0,10678.4,0,0.222,0.372,7,2,2
19.75,337.34,306.96,30.38,0.882,1,77.5,1,0.916,0.509,2,10,1
44.24,324.66,284.35,40.31,0.703,1,224.7,2,0.071,0.911,3,0,0
8.43,302.01,292.99,9.02,0.894,1,13587.1,0,0.035,0.162,4,3,2
13.18,324.09,310.2,13.89,0.66,0,1444.1,6,0.807,0.621,6,6,3
14.61,313.64,302.62,11.03,0.849,0,3782.9,0,0.168,0.26,6,2,2
1.98,308.3,297.97,10.32,0.392,1,7560.5,0,0.179,0.082,0,0,5
8.82,311.04,299.3,11.74,0.761,1,8497.3,0,0.181,0.373,10,0,2
14.61,379.1,346.3,32.81,0.967,1,77.3,1,0.673,0.251,4,12,1
21.49,335.85,326.69,9.16,0.648,1,133.5,7,0.655,0.385,4,3,3
63.78,357.86,323.5,34.36,0.728,1,7.9,1,0.316,0.728,8,1,0
67.71,355.63,337.12,18.51,0.969,0,216.0,7,0.332,0.978,2,1,0
12.33,371.29,326.6,44.69,0.841,1,97.1,2,0.642,0.355,4,9,1
7.81,309.22,305.28,3.94,0.823,0,14999.7,0,0.203,0.406,8,1,2
4.06,311.63,288.77,22.86,0.594,0,14056.4,0,0.202,0.273,6,1,2
8.03,300.66,285.52,15.14,0.846,1,332.4,6,0.795,0.398,4,5,3
18.96,329.93,296.88,33.05,0.889,1,53.3,1,0.944,0.481,2,11,1
10.48,312.69,302.85,9.84,0.84,0,10425.9,0,0.047,0.308,10,2,2
1.98,331.05,323.75,7.3,0.422,1,1184.2,0,0.143,0.365,3,1,5
7.95,319.07,295.84,23.23,0.791,1,5351.5,0,0.062,0.445,14,2,2
4.25,314.29,306.77,7.52,0.57,0,1164.2,0,0.027,0.21,1,0,5
60.21,313.24,288.8,24.43,0.919,0,200.2,5,0.429,0.812,4,2,0
2.29,314.48,309.64,4.84,0.598,0,5010.0,7,0.052,0.365,2,1,5
11.76,302.15,293.73,8.42,0.657,0,11520.0,0,0.066,0.385,8,2,2
7.56,316.4,293.13,23.27,0.724,0,11914.7,0,0.188,0.442,7,2,2
5.72,327.8,311.57,16.23,0.675,0,11311.9,0,0.207,0.404,14,0,2
11.2,331.32,317.81,13.51,0.884,0,5650.0,0,0.227,0.111,8,3,2
17.17,333.03,310.84,22.19,0.794,1,315.1,6,0.682,0.447,4,4,3
27.14,382.2,354.82,27.37,0.96,1,104.0,1,0.636,0.5,4,9,1
1.09,323.78,317.51,6.27,0.559,0,7354.1,0,0.22,0.128,0,1,5
11.41,317.9,302.95,14.95,0.751,0,7826.8,0,0.069,0.317,6,3,2
9.07,321.58,312.35,9.23,0.827,0,13858.4,0,0.214,0.167,6,2,2
10.54,373.45,342.08,31.36,0.863,1,72.9,2,0.605,0.203,3,10,1
3.55,301.11,294.79,6.32,0.214,1,3845.2,0,0.019,0.4,2,0,5
33.56,359.74,335.39,24.35,0.857,1,322.0,2,0.924,0.402,4,13,1
70.7,337.3,300.28,37.02,0.949,0,28.1,1,0.356,0.786,3,3,0
61.29,343.73,318.5,25.23,0.905,0,5187.9,0,0.182,0.656,14,0,4
108.88,364.25,340.5,23.75,0.908,0,172.6,1,0.362,0.978,4,1,0
107.89,355.35,322.13,33.21,0.919,1,22017.1,0,0.422,0.723,14,1,4
67.44,341.43,310.08,31.34,0.765,0,5427.3,0,0.362,0.825,6,0,4
18.3,315.96,307.42,8.53,0.264,0,1418.7,0,0.216,0.261,0,0,5
62.61,323.07,295.69,27.38,0.782,0,216.3,3,0.263,0.915,6,2,0
22.18,354.28,324.97,29.31,0.888,1,44.7,2,0.816,0.369,4,11,1
74.6,332.15,301.65,30.5,0.953,0,105.2,1,0.288,0.77,3,0,0
9.4,292.06,283.63,8.43,0.672,0,14584.2,0,0.168,0.134,9,3,2
21.13,374.2,352.79,21.41,0.987,1,100.3,2,0.802,0.252,3,9,1
104.11,362.58,337.9,24.68,0.77,1,14889.0,0,0.43,0.922,18,1,4
9.32,324.26,317.48,6.78,0.838,0,11393.0,0,0.168,0.35,6,3,2
16.93,300.31,280.5,19.8,0.805,0,1128.0,7,0.61,0.354,4,5,3
10.53,337.75,324.7,13.05,0.871,1,449.2,6,0.517,0.579,4,3,3
106.89,343.58,315.85,27.72,0.767,1,214.7,1,0.179,0.958,3,0,0
1.89,314.79,304.9,9.89,0.509,0,6923.5,7,0.125,0.218,1,0,5
5.37,297.72,291.81,5.91,0.433,1,580.1,7,0.237,0.309,1,1,5
20.29,322.03,308.0,14.03,0.67,1,256.8,6,0.412,0.461,6,5,3
34.45,327.81,298.59,29.22,0.739,1,168.6,2,0.203,0.952,2,0,0
6.02,315.33,306.42,8.91,0.518,0,1667.9,0,0.08,0.193,9,1,2
56.36,331.09,301.76,29.33,0.706,0,289.6,1,0.311,0.767,2,3,0
8.64,341.29,326.35,14.94,0.537,0,14207.1,0,0.201,0.318,9,1,2
10.53,346.01,332.28,13.72,0.608,0,513.1,6,0.447,0.462,4,3,3
54.84,342.75,326.41,16.34,0.763,0,83.1,1,0.357,0.817,5,1,0
10.16,325.97,318.61,7.36,0.739,0,4591.4,0,0.165,0.314,7,3,2
25.97,353.21,330.8,22.41,0.913,1,329.4,2,0.899,0.404,2,13,1
24.77,360.11,325.43,34.68,0.816,1,773.8,1,0.622,0.473,1,14,1
12.65,323.93,313.78,10.14,0.742,0,1998.4,0,0.096,0.415,15,2,2
5.63,293.73,277.96,15.77,0.291,1,4382.5,7,0.037,0.074,0,0,5
18.49,325.86,309.41,16.44,0.896,0,4385.4,0,0.078,0.242,11,2,2
14.55,310.01,306.09,3.92,0.602,0,3908.6,0,0.041,0.273,12,1,2
14.25,328.07,315.04,13.03,0.648,0,9815.8,0,0.211,0.214,11,1,2
11.27,314.67,299.13,15.54,0.851,0,6743.0,0,0.2,0.396,8,1,2
40.84,331.59,307.56,24.03,0.833,0,141.3,1,0.239,0.872,6,1,0
12.6,321.43,303.75,17.68,0.908,0,2168.9,7,0.824,0.368,6,4,3
12.29,331.4,325.41,6.0,0.888,1,5837.2,0,0.199,0.142,7,1,2
29.19,357.05,314.07,42.98,0.925,0,17.2,1,0.75,0.48,4,16,1
13.93,330.23,313.84,16.38,0.536,0,13738.4,0,0.208,0.371,8,1,2
135.3,352.78,312.13,40.65,0.947,1,12332.4,0,0.415,0.948,15,0,4
17.85,317.46,297.16,20.3,0.871,1,779.7,6,0.712,0.45,3,5,3
21.11,315.51,297.39,18.13,0.856,1,103.7,7,0.655,0.368,3,4,3
75.54,340.42,309.2,31.22,0.776,1,110.9,1,0.396,0.817,5,1,0
75.68,340.13,322.74,17.39,0.803,1,16.6,5,0.243,0.934,3,1,0
4.32,331.22,326.33,4.89,0.731,1,5656.2,0,0.249,0.13,11,5,2
20.52,353.6,323.96,29.65,0.905,1,206.1,1,0.929,0.453,5,15,1
79.27,385.51,347.19,38.32,0.8,1,17962.5,0,0.329,0.868,13,0,4
116.17,388.42,366.68,21.74,0.937,0,13657.8,0,0.362,0.737,11,1,4
25.93,321.86,286.25,35.61,0.861,1,327.7,2,0.799,0.509,3,10,1
9.5,303.87,294.0,9.87,0.541,0,12580.8,0,0.237,0.37,9,3,2
16.46,372.25,347.07,25.17,0.869,1,263.2,2,0.784,0.229,2,15,1
4.92,296.18,284.98,11.2,0.461,0,5729.3,7,0.287,0.115,3,0,5
65.94,424.59,390.67,33.92,0.986,1,16856.6,0,0.451,0.847,15,1,4
106.91,341.5,317.43,24.07,0.753,0,17480.8,0,0.154,0.932,8,3,4
17.01,353.32,323.81,29.51,0.907,0,87.0,1,0.894,0.49,3,18,1
25.22,347.86,308.22,39.64,0.997,1,136.0,1,0.7,0.509,3,9,1
99.93,378.32,338.46,39.86,0.845,1,10898.1,0,0.348,0.695,9,1,4
27.45,351.69,332.46,19.24,0.768,0,159.5,4,0.488,0.475,2,4,3
56.3,322.72,296.8,25.93,0.721,0,456.4,2,0.265,0.775,5,1,0
9.46,333.7,316.14,17.56,0.765,1,11641.1,0,0.096,0.219,7,0,2
15.51,317.61,306.01,11.6,0.614,0,7853.3,0,0.162,0.38,4,3,2
23.94,331.54,319.83,11.7,0.562,0,1621.6,0,0.126,0.203,9,2,2
21.56,354.81,334.41,20.4,0.612,0,208.8,6,0.789,0.675,7,2,3
49.63,332.11,305.96,26.15,0.918,1,269.0,1,0.311,0.783,4,0,0
17.03,322.42,309.05,13.37,0.876,0,10211.6,0,0.191,0.441,8,0,2
31.06,334.44,313.16,21.28,0.903,0,482.7,1,0.255,0.957,3,1,0
18.1,326.5,319.33,7.17,0.666,0,14633.6,0,0.178,0.117,7,2,2
14.59,306.05,290.5,15.55,0.542,0,10526.5,0,0.053,0.209,6,2,2
2.37,319.61,311.25,8.36,0.375,1,2922.0,0,0.183,0.278,1,1,5
19.95,338.91,322.58,16.33,0.755,1,606.5,6,0.412,0.583,4,2,3
24.86,316.96,299.8,17.16,0.891,0,13927.8,0,0.17,0.318,8,2,2
24.12,320.6,283.64,36.96,0.718,1,507.9,3,0.432,0.742,4,1,0
5.95,302.97,293.05,9.92,0.792,1,2913.9,0,0.14,0.42,12,1,2
3.34,302.0,294.69,7.31,0.374,0,5963.9,0,0.14,0.354,2,0,5
23.87,350.82,311.65,39.16,0.856,1,47.1,1,0.906,0.375,3,12,1
22.98,357.33,327.94,29.39,0.813,1,96.8,1,0.732,0.531,2,15,1
8.28,328.32,318.1,10.22,0.696,0,1937.3,0,0.233,0.394,8,1,2
2.89,310.52,301.32,9.2,0.314,1,7811.3,8,0.136,0.262,1,0,5
18.54,339.98,315.29,24.68,0.933,1,126.7,1,0.82,0.39,3,10,1
21.61,376.87,356.82,20.05,0.743,1,173.3,1,0.084,0.896,1,2,0
57.78,353.31,325.68,27.63,0.774,1,8509.1,0,0.261,0.939,11,1,4
75.82,344.53,320.68,23.85,0.808,1,286.8,5,0.21,0.82,2,1,0
9.96,345.36,303.49,41.88,0.853,1,155.4,3,0.923,0.488,2,16,1
14.45,350.49,339.47,11.02,0.75,0,3159.4,0,0.237,0.126,7,1,2
12.39,335.09,316.27,18.82,0.505,0,2251.0,0,0.063,0.135,8,1,2
16.89,306.6,295.14,11.47,0.601,0,12112.2,0,0.03,0.121,8,0,2
104.67,400.97,387.22,13.75,0.802,0,10502.8,0,0.188,0.677,13,0,4
3.48,312.94,300.41,12.53,0.558,0,2449.4,0,0.049,0.184,6,3,2
18.72,371.26,340.53,30.73,0.994,1,48.3,3,0.714,0.499,1,11,1
62.45,357.88,315.18,42.7,0.999,0,9117.5,0,0.132,0.841,11,0,4
1.42,316.77,310.39,6.38,0.587,1,2523.5,0,0.027,0.3,2,1,5
25.29,328.39,312.12,16.27,0.628,0,13404.4,0,0.151,0.346,8,1,2
48.44,353.53,332.15,21.38,0.718,1,513.1,3,0.135,0.801,5,1,0
45.44,341.52,311.14,30.38,0.705,1,34.5,3,0.06,0.812,3,1,0
16.81,312.26,298.13,14.13,0.816,0,6723.1,0,0.227,0.277,7,1,2
7.0,312.63,304.51,8.12,0.566,0,5820.7,0,0.088,0.11,9,1,2
61.71,365.79,340.02,25.77,0.724,1,62.5,3,0.066,0.871,3,2,0
42.95,360.02,322.38,37.64,0.966,1,40.7,1,0.688,0.531,2,7,1
72.02,361.1,335.97,25.13,0.794,0,186.5,3,0.143,0.813,2,2,0
10.7,320.89,310.0,10.89,0.723,0,7734.3,0,0.248,0.159,12,1,2
85.77,333.71,314.92,18.79,0.879,1,4746.6,0,0.19,0.785,12,1,4
46.21,336.31,299.43,36.88,0.888,0,3699.5,0,0.184,0.727,9,1,4
4.97,311.01,299.27,11.74,0.468,0,3522.9,7,0.055,0.163,0,0,5
25.42,313.01,297.73,15.29,0.747,1,793.6,7,0.54,0.523,4,7,3
2.5,296.58,288.67,7.91,0.348,0,1318.8,8,0.189,0.312,1,1,5
3.91,295.29,287.61,7.69,0.309,0,2415.3,7,0.042,0.083,1,0,5
14.4,325.09,307.43,17.66,0.667,0,13628.2,0,0.102,0.217,10,2,2
59.58,355.62,338.92,16.7,0.73,1,391.3,3,0.108,0.962,7,5,0
12.26,317.13,303.13,14.0,0.749,0,7387.2,0,0.176,0.135,6,2,2
14.09,342.28,323.64,18.64,0.648,1,467.9,6,0.41,0.426,1,6,3
4.58,326.43,322.69,3.73,0.793,0,14397.5,0,0.078,0.109,6,2,2
27.59,350.59,324.27,26.32,0.917,1,16.3,1,0.2,0.83,2,3,0
130.67,356.76,338.87,17.9,0.84,0,11920.8,0,0.489,0.942,10,0,4
19.92,303.21,288.89,14.32,0.546,0,12133.8,0,0.12,0.431,7,1,2
11.0,333.82,280.63,53.2,0.981,1,13.2,1,0.837,0.468,3,12,1
31.29,366.0,344.44,21.56,0.728,1,118.0,3,0.076,0.862,6,2,0
3.22,295.0,286.82,8.17,0.299,1,3780.4,0,0.096,0.118,0,3,5
4.95,294.15,289.0,5.15,0.404,0,3525.3,0,0.217,0.128,4,1,5
6.84,317.72,311.2,6.51,0.541,0,13178.6,0,0.097,0.183,7,0,2
13.65,323.8,308.29,15.51,0.53,0,10968.8,0,0.236,0.355,6,1,2
6.25,309.71,304.93,4.78,0.672,0,9243.1,0,0.227,0.15,7,0,2
113.85,371.12,343.22,27.9,0.988,1,23834.6,0,0.208,0.866,10,0,4
6.9,307.74,291.37,16.37,0.693,0,7293.5,0,0.103,0.252,5,0,2
16.8,301.76,292.06,9.71,0.87,0,2363.8,0,0.153,0.11,5,1,2
57.23,398.89,373.22,25.67,0.963,0,11556.2,0,0.46,0.752,15,2,4
86.43,341.18,298.85,42.33,0.992,0,10810.9,0,0.337,0.813,14,0,4
11.54,322.45,318.57,3.89,0.756,0,3347.9,0,0.144,0.268,12,1,2
9.54,304.66,290.72,13.94,0.773,0,12259.1,0,0.248,0.186,6,1,2
9.85,327.2,306.22,20.98,0.847,0,11892.1,0,0.041,0.151,9,1,2
26.09,351.06,333.32,17.75,0.872,0,2434.7,7,0.771,0.556,5,3,3
45.4,353.51,323.57,29.94,0.855,1,26.0,2,0.894,0.244,3,14,1
97.49,354.92,324.7,30.22,0.957,1,10723.5,0,0.276,0.941,9,1,4
11.49,318.9,301.01,17.89,0.759,0,7310.6,0,0.213,0.332,4,1,2
11.93,341.17,311.63,29.54,0.837,1,4.4,1,0.848,0.427,1,9,1
132.51,371.17,334.69,36.48,0.77,1,20985.3,0,0.4,0.702,18,0,4
30.61,332.44,306.69,25.74,0.909,1,45.7,1,0.735,0.32,2,7,1
9.05,350.21,331.85,18.36,0.859,0,553.0,4,0.441,0.444,2,1,3
68.29,346.51,320.21,26.29,0.871,1,105.3,2,0.241,0.961,1,2,0
62.59,350.88,319.14,31.73,0.793,0,3114.0,0,0.276,0.893,13,0,4
48.31,319.9,294.29,25.6,0.907,1,32.2,1,0.345,0.776,5,3,0
10.24,333.29,324.87,8.41,0.771,0,9185.9,0,0.201,0.427,10,2,2
19.55,327.73,312.89,14.84,0.661,0,10747.6,0,0.141,0.393,8,1,2
37.25,333.69,298.87,34.82,0.888,1,39.4,1,0.697,0.306,3,10,1
7.46,311.0,300.81,10.19,0.793,0,12678.5,0,0.133,0.257,11,0,2
4.69,308.6,289.81,18.79,0.636,0,9276.9,0,0.173,0.145,7,1,2
30.91,309.13,296.34,12.79,0.669,1,164.3,6,0.681,0.514,2,5,3
20.51,347.95,340.2,7.75,0.521,0,10213.5,0,0.219,0.384,5,1,2
9.17,317.68,305.56,12.12,0.707,0,12060.5,0,0.234,0.141,5,4,2
14.39,359.9,336.48,23.42,0.833,0,710.8,7,0.605,0.646,3,5,3
23.92,341.63,316.76,24.86,0.84,0,904.0,7,0.513,0.65,4,2,3
28.05,334.81,306.83,27.98,0.903,1,116.0,7,0.079,0.779,4,2,0
24.84,347.99,317.01,30.98,0.894,1,269.2,3,0.443,0.892,2,0,0
9.23,326.74,322.41,4.32,0.781,0,14427.8,0,0.195,0.389,9,2,2
4.97,327.87,320.19,7.68,0.22,1,3929.5,0,0.131,0.175,1,3,5
1.34,310.34,302.08,8.27,0.248,0,1308.8,7,0.116,0.392,3,0,5
19.49,359.99,327.73,32.26,0.983,1,208.1,1,0.653,0.311,2,9,1
97.29,329.83,307.2,22.62,0.889,0,14361.4,0,0.134,0.672,14,1,4
75.14,381.8,346.07,35.73,0.909,0,12831.0,0,0.262,0.811,12,0,4
34.07,319.03,283.74,35.29,0.927,0,322.4,3,0.281,0.949,3,1,0
20.48,369.29,349.92,19.37,0.664,1,1195.1,6,0.426,0.582,8,6,3
15.75,324.76,310.06,14.7,0.818,1,194.0,7,0.438,0.426,8,9,3
26.67,353.62,333.74,19.88,0.728,1,315.5,5,0.413,0.814,3,1,0
7.88,309.25,298.4,10.85,0.69,0,12129.8,0,0.173,0.263,3,1,2
7.17,316.03,300.85,15.18,0.582,0,10242.5,0,0.112,0.414,8,2,2
85.6,420.93,382.56,38.36,0.82,1,22680.8,0,0.446,0.71,14,1,4
31.59,325.49,300.08,25.41,0.808,0,701.2,1,0.153,0.95,2,1,0
127.48,360.31,334.83,25.49,0.908,0,3099.6,0,0.312,0.756,16,1,4
21.36,336.38,324.56,11.83,0.83,1,336.4,6,0.812,0.591,4,6,3
78.6,376.07,348.45,27.62,0.907,1,3754.0,0,0.288,0.776,15,1,4
20.82,351.22,315.06,36.16,0.854,1,31.4,1,0.937,0.214,8,18,1
32.18,342.7,318.81,23.89,0.851,1,356.4,3,0.421,0.84,5,1,0
44.82,333.5,310.73,22.77,0.797,1,86.4,3,0.12,0.819,2,2,0
12.32,353.29,304.38,48.91,0.99,1,185.8,2,0.95,0.275,4,15,1
23.92,327.09,313.84,13.25,0.756,0,732.4,4,0.767,0.634,4,5,3
15.7,329.69,286.7,42.99,0.9,1,84.0,1,0.673,0.443,4,11,1
29.54,358.17,329.01,29.16,0.884,1,14.7,1,0.149,0.977,4,0,0
69.39,334.6,320.86,13.75,0.98,0,16.4,3,0.096,0.797,6,0,0
42.04,346.08,315.38,30.7,0.912,0,106.5,1,0.132,0.7,1,1,0
15.28,343.21,309.82,33.39,0.876,1,14.9,1,0.755,0.234,2,17,1
49.89,350.06,326.38,23.67,0.885,1,142.0,2,0.083,0.754,4,0,0
15.99,324.79,308.58,16.21,0.744,0,497.4,6,0.525,0.682,2,9,3
14.87,318.26,296.9,21.36,0.702,1,7959.5,0,0.059,0.373,10,2,2
71.63,387.57,358.63,28.94,0.893,1,11036.0,0,0.254,0.819,11,1,4
13.64,341.52,321.5,20.02,0.87,0,715.2,6,0.712,0.693,3,0,3
8.89,333.13,318.42,14.7,0.821,0,5419.0,0,0.149,0.277,8,2,2
96.45,407.87,375.46,32.41,0.899,0,4095.6,0,0.121,0.8,14,2,4
41.53,355.06,322.44,32.63,0.793,1,128.3,6,0.404,0.433,6,9,3
122.05,356.88,314.22,42.65,0.943,0,19345.8,0,0.343,0.718,11,1,4
18.59,334.52,326.06,8.46,0.565,1,12346.0,0,0.087,0.359,5,1,2
24.71,340.31,300.09,40.22,0.866,1,100.9,1,0.781,0.318,3,15,1
19.39,320.82,294.6,26.22,0.632,1,551.3,6,0.486,0.54,2,6,3
11.6,305.99,302.9,3.09,0.288,0,5511.2,0,0.174,0.075,0,0,5
5.88,327.05,317.24,9.8,0.407,0,6919.3,0,0.136,0.131,1,0,5
6.73,319.04,311.37,7.67,0.724,0,3466.6,0,0.039,0.405,4,2,2
66.76,359.41,319.57,39.84,0.921,0,15661.0,0,0.431,0.917,13,1,4
11.19,313.15,309.54,3.6,0.698,0,6438.7,0,0.218,0.4,9,2,2
113.57,378.3,333.01,45.3,0.918,1,18829.3,0,0.231,0.884,11,0,4
14.59,312.25,295.26,16.99,0.798,0,435.5,4,0.847,0.621,3,4,3
12.41,338.85,328.76,10.08,0.822,0,13660.7,0,0.206,0.342,8,1,2
3.75,316.96,300.25,16.71,0.751,0,2636.3,0,0.141,0.249,7,3,2
32.98,357.5,317.06,40.44,0.799,1,574.1,1,0.312,0.712,1,1,0
34.11,346.05,305.67,40.38,0.916,1,34.4,1,0.822,0.478,3,13,1
55.86,376.06,354.25,21.8,0.785,1,3.3,3,0.156,0.787,4,2,0
5.22,342.35,334.37,7.98,0.824,0,9122.9,0,0.105,0.421,7,3,2
106.55,339.68,313.77,25.91,0.912,1,15.3,2,0.244,0.746,6,1,0
30.78,363.37,340.25,23.13,0.885,1,255.6,1,0.958,0.488,5,12,1
12.07,318.8,304.31,14.49,0.883,0,2882.7,6,0.697,0.418,7,4,3
28.23,332.42,313.97,18.44,0.668,0,140.1,6,0.716,0.427,4,4,3
4.45,335.42,319.68,15.74,0.749,0,10906.2,0,0.199,0.344,10,2,2
24.61,339.88,305.48,34.41,0.938,1,198.3,5,0.426,0.862,3,1,0
22.92,338.63,319.12,19.51,0.979,1,63.3,1,0.852,0.332,2,11,1
8.29,321.09,314.56,6.53,0.231,1,4364.0,8,0.182,0.299,0,1,5
7.78,324.8,309.62,15.19,0.576,1,12659.5,0,0.103,0.248,3,1,2
52.22,330.97,303.56,27.41,0.851,1,44.4,5,0.071,0.919,6,2,0
80.02,357.96,335.41,22.55,0.802,0,186.8,7,0.143,0.778,4,3,0
9.08,313.95,299.03,14.93,0.639,0,11821.2,0,0.151,0.389,4,4,2
38.25,333.9,307.05,26.85,0.765,1,513.1,2,0.191,0.766,1,0,0
123.37,356.3,316.6,39.71,0.894,1,18319.9,0,0.343,0.728,12,1,4
60.28,387.13,367.46,19.67,0.825,0,35.3,1,0.297,0.938,1,0,0
45.24,341.9,300.18,41.72,0.978,1,111.9,1,0.926,0.526,3,10,1
8.65,316.92,309.79,7.13,0.588,0,4766.5,0,0.021,0.107,6,1,2
20.61,337.02,303.81,33.21,0.995,0,183.2,1,0.442,0.897,2,3,0
8.42,328.92,313.55,15.37,0.802,0,14864.3,0,0.217,0.278,12,2,2
60.04,323.75,297.62,26.13,0.972,1,19598.4,0,0.285,0.741,9,1,4
10.81,329.17,316.44,12.73,0.853,0,7852.9,0,0.057,0.236,7,2,2
10.3,359.24,340.8,18.44,0.63,0,13274.4,0,0.139,0.347,10,5,2
84.52,302.81,273.88,28.93,0.915,1,77.1,5,0.329,0.894,4,1,0
27.26,320.31,303.95,16.35,0.866,1,844.5,6,0.684,0.355,2,3,3
13.93,317.75,289.82,27.93,0.845,1,15.8,1,0.877,0.284,3,9,1
123.29,345.67,329.94,15.73,0.961,1,24630.8,0,0.309,0.663,14,0,4
7.35,297.31,288.32,8.99,0.704,0,6072.5,0,0.046,0.261,9,0,2
6.88,317.29,308.64,8.65,0.451,0,1156.9,0,0.169,0.16,0,0,5
72.31,330.81,292.47,38.33,0.997,1,23827.0,0,0.102,0.882,16,1,4
10.17,312.49,305.03,7.46,0.582,1,5800.1,0,0.091,0.21,4,0,5
29.52,335.58,295.44,40.15,0.835,0,55.0,1,0.891,0.375,2,9,1
16.76,319.94,301.95,17.99,0.736,0,516.7,6,0.461,0.374,2,6,3
12.84,332.41,317.38,15.03,0.611,1,1078.8,6,0.425,0.528,4,9,3
3.3,289.34,279.22,10.12,0.518,0,3732.6,7,0.083,0.344,1,3,5
29.2,385.09,362.16,22.93,0.909,1,146.4,1,0.704,0.394,2,12,1
4.65,312.41,293.91,18.5,0.74,0,8973.8,0,0.162,0.339,7,2,2
10.64,344.44,323.58,20.87,0.627,1,326.8,4,0.607,0.44,3,4,3
7.04,304.67,296.1,8.57,0.389,1,6998.8,0,0.167,0.1,0,0,5
43.79,337.32,306.82,30.49,0.941,0,401.5,2,0.373,0.951,2,0,0
9.19,298.64,275.9,22.74,0.871,0,3767.3,0,0.202,0.181,6,4,2
20.92,324.82,320.09,4.73,0.743,0,4887.3,0,0.078,0.403,4,0,2
36.58,353.33,313.24,40.09,0.892,1,26.3,3,0.765,0.258,2,13,1
5.38,304.98,298.64,6.34,0.357,0,3267.5,0,0.064,0.254,1,0,5
4.72,312.89,304.38,8.51,0.233,0,2120.4,0,0.127,0.306,0,1,5
143.53,324.82,295.9,28.92,0.968,0,19852.3,0,0.11,0.816,17,0,4
116.37,377.58,343.25,34.32,0.843,1,8446.1,0,0.322,0.751,16,0,4
116.39,388.69,362.95,25.74,0.857,0,20627.6,0,0.217,0.776,12,1,4
6.19,325.35,316.02,9.33,0.488,0,1653.9,8,0.065,0.29,2,0,5
3.96,324.67,320.45,4.21,0.807,0,5892.4,0,0.075,0.397,8,2,2
6.65,307.37,298.33,9.04,0.699,0,5482.8,0,0.195,0.129,8,1,2
14.51,345.96,307.72,38.24,0.819,1,194.5,2,0.675,0.368,3,11,1
9.35,325.95,285.81,40.14,0.93,1,91.0,1,0.843,0.405,1,7,1
37.49,335.79,314.89,20.91,0.808,0,545.4,6,0.493,0.631,5,5,3
33.55,340.85,308.61,32.24,0.899,0,88.6,1,0.877,0.371,2,12,1
6.75,328.96,321.23,7.73,0.633,0,13734.6,0,0.044,0.367,6,2,2
11.9,317.88,309.54,8.35,0.694,0,9147.9,0,0.207,0.337,7,2,2
21.61,304.49,294.09,10.39,0.679,0,12474.4,0,0.039,0.363,7,0,2
28.91,362.75,327.87,34.88,0.904,1,37.2,1,0.719,0.544,4,12,1
4.27,325.38,315.12,10.26,0.857,0,9920.8,0,0.107,0.347,12,2,2
99.26,345.68,331.34,14.33,0.841,0,14923.8,0,0.258,0.689,11,0,4
39.83,315.79,303.62,12.17,0.645,0,2346.2,6,0.559,0.642,1,3,3
51.63,388.14,365.1,23.04,0.971,0,17192.5,0,0.121,0.768,9,2,4
36.57,356.44,329.89,26.55,0.834,1,314.8,2,0.897,0.324,3,12,1
68.42,352.74,332.56,20.18,0.801,0,564.3,3,0.365,0.875,5,2,0
5.16,325.28,311.88,13.41,0.528,0,2841.4,0,0.218,0.386,9,1,2
5.07,288.7,278.27,10.43,0.406,1,3684.3,8,0.024,0.324,1,0,5
5.85,303.57,293.87,9.71,0.713,1,11463.7,0,0.081,0.239,3,3,2
17.16,309.61,292.33,17.28,0.849,0,9611.7,0,0.182,0.369,8,1,2
7.41,299.66,296.77,2.89,0.376,1,7556.7,0,0.273,0.35,1,0,5
11.87,318.9,308.47,10.43,0.745,0,7191.4,0,0.164,0.402,7,4,2
33.6,327.35,298.29,29.06,0.727,0,128.0,7,0.394,0.971,5,1,0
4.55,291.85,284.92,6.93,0.265,1,6697.8,7,0.293,0.175,2,0,5
4.6,299.08,290.77,8.3,0.223,0,3588.4,0,0.126,0.151,0,0,5
23.52,362.79,335.75,27.04,0.909,1,218.5,1,0.797,0.431,2,8,1
32.07,311.41,288.64,22.78,0.908,0,272.4,7,0.476,0.638,3,4,3
70.39,352.03,323.9,28.13,0.86,0,8984.8,0,0.499,0.695,14,0,4
10.68,300.62,289.86,10.75,0.743,0,11779.2,0,0.124,0.384,5,3,2
7.56,328.18,311.44,16.74,0.598,0,11092.7,0,0.153,0.174,10,1,2
90.94,339.13,312.52,26.61,0.965,0,7272.2,0,0.215,0.723,11,1,4
99.26,332.64,312.88,19.76,0.869,0,96.1,3,0.327,0.977,3,2,0
14.13,348.0,323.18,24.82,0.972,0,199.4,1,0.613,0.238,2,14,1
7.86,323.53,319.94,3.59,0.769,0,7593.2,0,0.204,0.365,6,3,2
27.26,381.27,354.73,26.54,0.891,1,73.7,1,0.882,0.43,5,17,1
70.01,347.33,309.59,37.74,0.936,0,15450.7,0,0.446,0.706,13,2,4
126.28,367.57,339.51,28.06,0.932,1,17462.1,0,0.127,0.846,13,0,4
61.43,405.12,380.59,24.52,0.847,1,17833.6,0,0.485,0.692,14,1,4
7.44,316.61,307.6,9.01,0.614,0,4334.5,0,0.038,0.251,7,1,2
5.62,312.96,299.78,13.17,0.687,0,10260.9,0,0.116,0.24,6,0,2
75.18,335.07,315.59,19.48,0.881,1,122.3,1,0.115,0.712,3,2,0
24.34,337.5,318.39,19.11,0.63,1,245.3,4,0.606,0.628,7,3,3
35.59,353.11,319.15,33.96,0.811,1,171.4,2,0.883,0.521,3,12,1
17.26,340.02,298.59,41.44,0.989,1,131.1,1,0.907,0.514,3,13,1
22.18,363.71,320.7,43.0,0.814,0,271.2,1,0.632,0.249,3,11,1
110.59,371.95,336.9,35.04,0.935,0,6344.6,0,0.323,0.925,17,0,4
23.59,320.07,295.3,24.77,0.685,0,191.2,6,0.806,0.588,3,4,3
3.69,329.35,312.61,16.74,0.836,0,9293.5,0,0.024,0.298,8,0,2
13.77,327.43,310.92,16.51,0.859,0,7265.8,0,0.026,0.105,10,4,2
13.0,365.85,340.93,24.92,0.819,1,5.9,1,0.66,0.255,3,9,1
50.9,357.78,330.02,27.77,0.936,0,20179.0,0,0.309,0.777,15,1,4
54.36,331.27,300.06,31.22,0.943,0,106.4,3,0.327,0.976,5,2,0
10.72,325.44,317.41,8.03,0.797,0,14179.8,0,0.11,0.294,7,2,2
6.18,309.54,303.86,5.68,0.262,1,2524.9,0,0.185,0.325,0,1,5
15.05,348.0,301.01,46.99,0.975,0,181.5,1,0.839,0.498,2,14,1
28.95,335.85,314.82,21.03,0.864,1,49.6,1,0.753,0.517,2,13,1
15.49,322.94,312.27,10.67,0.558,0,7042.2,0,0.232,0.402,9,2,2
53.31,316.09,298.09,18.0,0.816,1,1566.4,6,0.816,0.643,5,8,3
38.57,364.66,320.3,44.36,0.816,1,337.5,1,0.779,0.325,1,13,1
77.64,355.04,330.77,24.27,0.751,0,12719.3,0,0.376,0.944,13,0,4
55.7,337.02,304.87,32.14,0.919,0,14394.7,0,0.239,0.945,10,0,4
115.22,351.5,316.83,34.67,0.836,1,22765.8,0,0.151,0.663,15,2,4
14.41,355.41,340.66,14.75,0.859,1,2278.3,7,0.65,0.631,3,5,3
70.71,358.56,310.65,47.91,0.93,0,19321.0,0,0.348,0.653,10,0,4
95.78,342.43,309.91,32.52,0.798,1,20323.6,0,0.145,0.685,15,3,4
19.55,346.16,328.42,17.74,0.824,0,231.9,6,0.813,0.61,7,2,3
25.67,342.33,325.23,17.1,0.763,1,180.8,6,0.688,0.358,2,2,3
49.26,363.95,341.97,21.97,0.738,1,0.0,2,0.259,0.715,3,1,0
17.48,325.31,315.19,10.12,0.726,0,4373.2,0,0.111,0.381,9,0,2
122.29,376.33,344.67,31.66,0.95,0,13211.2,0,0.327,0.769,14,2,4
15.41,326.96,317.42,9.55,0.871,0,14659.2,0,0.206,0.179,10,1,2
15.81,317.87,304.54,13.33,0.607,0,11969.7,0,0.12,0.392,6,1,2
6.71,317.39,310.16,7.24,0.824,0,9261.0,0,0.06,0.36,4,2,2
11.12,311.44,309.31,2.13,0.295,1,1336.8,0,0.144,0.204,2,1,5
7.61,321.59,313.77,7.82,0.339,1,2961.4,0,0.051,0.293,0,1,5
5.98,319.32,292.66,26.66,0.681,1,242.0,7,0.663,0.643,4,8,3
13.3,325.9,308.92,16.98,0.727,0,5498.0,0,0.036,0.29,7,2,2
35.52,374.9,352.75,22.15,0.865,1,194.3,1,0.432,0.907,4,1,0
14.49,330.28,317.93,12.35,0.868,1,10317.4,0,0.165,0.226,6,0,2
16.74,331.86,311.8,20.05,0.677,1,263.2,6,0.59,0.375,3,4,3
16.32,325.57,306.16,19.42,0.579,0,5108.4,0,0.21,0.159,9,2,2
7.62,321.3,315.34,5.96,0.594,0,13406.0,0,0.224,0.239,6,1,2
97.83,375.31,362.12,13.18,0.798,1,22406.9,0,0.331,0.783,13,2,4
30.03,339.39,305.68,33.71,0.94,1,21.5,1,0.779,0.539,2,16,1
50.54,354.28,321.8,32.48,0.944,0,598.5,1,0.357,0.97,5,2,0
6.07,304.19,290.64,13.55,0.615,0,7090.9,0,0.214,0.3,6,1,2
3.43,330.18,317.51,12.67,0.255,1,4820.2,0,0.047,0.056,1,1,5
38.33,309.29,301.71,7.58,0.701,0,6502.0,0,0.089,0.183,7,2,2
39.42,311.77,292.35,19.42,0.819,0,41.4,2,0.157,0.78,4,0,0
58.4,397.9,365.81,32.09,0.958,1,11322.3,0,0.335,0.826,16,2,4
80.66,360.21,315.0,45.21,0.874,1,19293.1,0,0.175,0.738,11,1,4
18.07,319.84,287.35,32.5,0.979,0,100.2,2,0.975,0.445,2,16,1
16.11,333.18,316.57,16.61,0.633,0,967.9,7,0.58,0.358,4,4,3
27.21,329.11,291.77,37.34,0.835,0,234.6,2,0.777,0.236,3,14,1
14.73,333.87,303.08,30.79,0.927,1,202.0,1,0.633,0.394,1,10,1
107.46,349.82,308.39,41.43,0.801,0,13906.4,0,0.479,0.774,12,1,4
11.45,314.38,306.73,7.66,0.258,1,6916.3,0,0.087,0.267,0,2,5
1.36,307.87,294.61,13.27,0.582,1,2380.9,0,0.067,0.213,3,0,5
16.4,327.47,312.49,14.98,0.603,0,1067.4,6,0.791,0.687,5,2,3
18.81,337.83,314.79,23.04,0.646,1,118.1,6,0.526,0.574,7,3,3
1.92,305.91,297.62,8.29,0.556,1,3377.4,0,0.199,0.284,2,0,5
42.0,340.24,319.19,21.05,0.866,0,291.6,3,0.059,0.807,1,3,0
37.8,359.87,330.41,29.46,0.976,0,62.5,3,0.216,0.866,2,2,0
50.34,364.22,334.72,29.51,0.763,1,16.8,3,0.389,0.73,5,3,0
7.93,322.98,309.15,13.83,0.793,0,2962.0,0,0.119,0.249,6,3,2
14.96,361.89,307.64,54.25,0.904,1,75.9,1,0.955,0.409,4,10,1
10.86,316.47,300.15,16.33,0.603,0,3934.9,0,0.184,0.16,10,0,2
130.54,384.63,365.96,18.66,0.91,1,22117.9,0,0.233,0.696,12,1,4
16.25,362.45,326.27,36.18,0.821,1,17.3,2,0.935,0.375,1,10,1
26.97,334.88,292.76,42.12,0.843,1,147.6,1,0.833,0.411,3,7,1
16.09,328.78,321.53,7.26,0.774,0,12767.6,0,0.18,0.166,7,1,2
12.19,315.39,299.3,16.09,0.789,0,8899.1,0,0.202,0.339,10,1,2
80.04,386.65,349.41,37.24,0.869,0,23869.7,0,0.195,0.795,8,0,4
22.62,323.59,317.96,5.62,0.503,0,3022.5,0,0.205,0.187,10,2,2
68.43,347.19,318.69,28.5,0.867,0,175.8,2,0.388,0.827,2,3,0
11.91,327.98,313.24,14.74,0.554,1,4486.4,0,0.09,0.176,10,1,2
15.42,326.03,284.38,41.66,0.952,1,152.2,1,0.755,0.482,3,13,1
6.32,334.95,324.75,10.2,0.864,0,2013.6,0,0.067,0.365,7,0,2
6.06,309.52,299.33,10.2,0.294,1,5990.8,0,0.097,0.169,1,1,5
47.93,426.83,400.46,26.37,0.936,0,22543.2,0,0.258,0.682,15,0,4
5.38,306.77,297.74,9.03,0.562,1,6281.9,0,0.253,0.156,1,0,5
45.2,329.57,301.62,27.95,0.771,1,272.3,1,0.153,0.786,3,2,0
91.25,373.53,337.42,36.11,0.909,0,19968.8,0,0.499,0.75,9,1,4
17.52,322.89,313.79,9.09,0.809,0,6202.7,0,0.056,0.384,4,0,2
40.69,335.35,318.44,16.91,0.826,0,45.7,1,0.784,0.252,1,17,1
46.21,346.9,321.94,24.97,0.829,1,212.8,1,0.073,0.853,6,1,0
22.0,351.27,312.83,38.44,0.915,1,35.5,1,0.844,0.474,1,13,1
106.94,352.79,328.67,24.12,0.77,0,578.8,3,0.273,0.816,5,1,0
7.54,308.2,300.79,7.42,0.572,0,1971.2,0,0.204,0.296,1,0,5
66.9,343.23,312.13,31.1,0.826,0,181.0,3,0.064,0.866,2,1,0
64.42,362.96,342.93,20.03,0.971,1,215.7,7,0.375,0.932,3,1,0
32.94,341.97,321.56,20.41,0.921,1,277.7,1,0.783,0.315,3,13,1
3.44,312.47,304.67,7.8,0.544,1,5516.9,0,0.128,0.052,2,1,5
25.1,357.1,331.42,25.68,0.87,1,2.3,2,0.639,0.223,4,9,1
53.1,330.32,297.38,32.94,0.876,1,8406.7,0,0.158,0.75,13,0,4
5.43,330.91,311.95,18.97,0.583,0,7498.6,0,0.023,0.101,5,2,2
14.88,300.97,285.65,15.32,0.848,0,3067.7,0,0.078,0.173,13,0,2
5.59,309.8,298.23,11.57,0.783,0,3366.1,0,0.215,0.183,8,5,2
63.88,342.28,302.58,39.7,0.811,1,19513.1,0,0.498,0.922,14,0,4
118.47,363.31,320.98,42.34,0.946,1,23282.1,0,0.214,0.686,10,0,4
19.33,344.93,304.55,40.38,0.847,0,357.3,1,0.623,0.222,3,12,1
30.62,352.21,318.39,33.82,0.971,1,44.8,1,0.761,0.291,2,14,1
8.94,325.9,307.55,18.35,0.744,0,442.1,4,0.629,0.554,7,6,3
13.37,322.92,310.85,12.07,0.712,0,3639.6,0,0.054,0.159,7,2,2
31.86,354.18,337.65,16.53,0.867,1,98.2,1,0.923,0.219,1,15,1
25.9,327.86,301.94,25.92,0.846,1,138.8,1,0.621,0.521,4,8,1
89.79,367.38,337.3,30.07,0.717,1,342.5,1,0.306,0.788,2,1,0
5.79,304.75,296.99,7.76,0.54,0,6015.5,0,0.262,0.226,2,0,5
27.45,357.32,314.9,42.42,0.974,0,8.8,1,0.682,0.225,2,7,1
41.12,358.32,326.69,31.64,0.724,0,267.4,2,0.421,0.82,8,1,0
7.06,309.23,298.75,10.48,0.899,0,8776.4,0,0.162,0.169,6,1,2
46.21,316.47,289.33,27.14,0.773,1,254.5,5,0.279,0.944,5,3,0
14.24,334.17,322.76,11.41,0.699,0,133.4,6,0.495,0.538,5,2,3
21.11,339.79,325.51,14.28,0.633,0,10167.3,0,0.099,0.439,5,0,2
19.47,334.07,320.42,13.65,0.658,0,254.9,6,0.61,0.422,2,5,3
5.96,306.88,296.91,9.97,0.39,1,2391.9,0,0.148,0.192,3,0,5
15.86,319.53,304.11,15.41,0.835,0,14059.1,0,0.137,0.172,6,2,2
48.99,350.78,330.21,20.57,0.934,1,546.1,3,0.327,0.773,4,0,0
4.07,301.27,294.23,7.03,0.295,1,5423.2,0,0.218,0.087,0,0,5
50.2,374.42,348.38,26.04,0.876,0,433.9,1,0.23,0.852,3,0,0
23.9,346.29,316.57,29.72,0.844,0,49.5,1,0.944,0.38,2,11,1
6.86,336.0,312.78,23.23,0.654,1,249.5,7,0.624,0.596,5,5,3
28.37,328.48,315.3,13.18,0.622,1,210.5,7,0.434,0.551,2,6,3
20.69,322.3,304.46,17.84,0.694,1,1139.4,6,0.596,0.377,4,2,3
26.98,329.44,279.36,50.08,0.94,0,164.8,1,0.61,0.382,2,11,1
6.1,296.57,290.8,5.77,0.281,1,5303.8,0,0.13,0.32,1,0,5
1.38,327.08,320.73,6.35,0.428,1,1955.0,8,0.077,0.189,1,1,5
62.15,344.19,308.18,36.02,0.839,0,3.4,3,0.418,0.73,2,1,0
6.21,318.03,308.51,9.52,0.455,1,5407.4,8,0.014,0.172,0,0,5
7.75,332.11,323.26,8.86,0.789,0,14055.1,0,0.234,0.239,7,0,2
39.64,327.01,308.84,18.18,0.808,0,596.5,6,0.782,0.669,5,4,3
19.44,340.08,325.39,14.68,0.87,1,440.7,7,0.705,0.698,3,6,3
35.17,336.19,304.93,31.26,0.903,1,55.9,5,0.369,0.884,9,2,0
64.86,364.39,346.49,17.9,0.989,0,11402.3,0,0.261,0.77,15,0,4
12.77,351.24,324.18,27.06,0.934,1,83.2,1,0.666,0.329,1,11,1
19.37,332.69,315.32,17.37,0.723,0,767.7,7,0.445,0.475,1,5,3
29.82,331.07,314.58,16.49,0.7,1,1066.1,4,0.634,0.355,2,5,3
135.69,384.73,355.45,29.27,0.968,0,11017.8,0,0.397,0.912,10,2,4
13.38,315.62,298.93,16.69,0.544,1,9211.1,0,0.217,0.235,3,1,2
9.54,368.48,340.39,28.09,0.803,0,100.5,1,0.85,0.435,1,15,1
15.39,320.97,312.0,8.97,0.666,1,4025.9,0,0.105,0.112,6,2,2
3.54,316.55,304.96,11.59,0.259,0,3111.6,8,0.235,0.225,1,0,5
7.32,342.94,308.37,34.57,0.959,1,124.5,1,0.927,0.459,3,10,1
5.62,321.95,314.57,7.38,0.734,0,8881.5,0,0.169,0.215,7,1,2
79.38,375.33,347.26,28.06,0.865,1,9046.8,0,0.494,0.937,10,1,4
8.58,342.71,330.3,12.41,0.71,0,107.8,6,0.747,0.57,3,7,3
66.38,336.44,303.69,32.74,0.982,0,65.8,2,0.249,0.852,4,0,0
3.15,292.39,283.12,9.27,0.436,0,6693.1,0,0.132,0.062,1,1,5
68.16,385.29,346.42,38.87,0.902,0,22433.2,0,0.104,0.775,15,0,4
80.97,416.26,387.76,28.5,0.842,1,9451.5,0,0.334,0.774,12,2,4
98.23,358.6,323.16,35.44,0.878,1,19930.7,0,0.423,0.72,9,2,4
9.34,327.77,314.93,12.84,0.788,0,2021.9,0,0.234,0.208,8,1,2
63.35,357.08,313.27,43.81,0.933,0,38.6,1,0.935,0.215,2,13,1
29.4,354.85,324.01,30.84,0.918,1,15.3,1,0.963,0.533,3,7,1
17.44,296.33,279.49,16.84,0.861,1,452.5,6,0.459,0.654,3,7,3
22.6,353.0,339.31,13.69,0.779,0,811.1,6,0.562,0.68,8,9,3
8.81,314.1,305.34,8.76,0.292,1,6150.4,0,0.201,0.286,0,0,5
19.61,313.73,306.37,7.37,0.799,0,7316.8,0,0.196,0.303,9,0,2
13.11,351.67,316.68,34.99,0.918,1,34.6,1,0.907,0.542,1,11,1
149.6,341.85,310.0,31.85,0.968,0,17464.4,0,0.442,0.836,9,0,4
9.71,291.73,285.41,6.32,0.208,1,4484.7,0,0.015,0.184,0,0,5
25.2,317.89,306.89,11.0,0.67,0,12375.0,0,0.075,0.371,11,1,2
63.85,354.08,325.32,28.76,0.805,0,137.3,1,0.146,0.758,3,0,0
84.76,399.73,362.6,37.13,0.823,1,5919.4,0,0.449,0.803,11,2,4
20.12,351.38,301.53,49.85,0.926,0,304.5,2,0.966,0.326,2,11,1
4.17,313.04,301.49,11.54,0.417,0,1212.1,0,0.235,0.358,1,2,5
5.87,307.73,296.19,11.54,0.724,1,2547.2,0,0.08,0.305,6,0,2
19.35,316.98,295.07,21.91,0.629,0,2824.7,0,0.22,0.364,6,1,2
38.71,332.46,298.14,34.32,0.772,1,13.9,1,0.237,0.812,4,3,0
10.78,332.9,319.3,13.6,0.735,0,9016.3,0,0.049,0.393,7,3,2
8.97,321.43,308.66,12.76,0.776,0,2975.9,0,0.216,0.294,7,1,2
20.69,348.72,319.17,29.55,0.962,1,23.1,7,0.077,0.85,2,1,0
69.66,367.88,332.32,35.56,0.869,1,23897.1,0,0.274,0.755,13,1,4
77.17,382.73,360.6,22.13,0.841,0,127.6,7,0.114,0.893,3,3,0
10.54,302.9,291.67,11.23,0.595,0,12127.4,0,0.034,0.281,7,1,2
74.37,349.35,322.53,26.82,0.928,0,9215.0,0,0.185,0.785,15,1,4
3.95,311.65,302.2,9.45,0.331,0,6646.3,0,0.149,0.329,1,0,5
5.34,327.22,325.23,1.99,0.595,0,3083.7,0,0.088,0.241,11,0,2
45.27,312.31,297.51,14.8,0.776,1,766.0,1,0.072,0.928,4,1,0
42.73,346.8,310.51,36.29,0.98,1,17.5,1,0.946,0.371,6,9,1
17.5,333.89,291.55,42.35,0.907,1,122.4,1,0.608,0.485,1,15,1
11.1,322.47,309.38,13.09,0.666,0,6994.1,0,0.202,0.164,5,1,2
9.12,301.92,281.66,20.26,0.858,1,679.2,7,0.611,0.407,7,3,3
2.73,299.57,291.97,7.6,0.37,1,6506.7,0,0.221,0.199,0,2,5
56.38,354.68,327.84,26.84,0.735,1,42.3,1,0.449,0.779,3,1,0
2.36,322.47,312.52,9.95,0.408,1,816.8,0,0.093,0.192,1,0,5
82.43,357.28,326.03,31.25,0.904,1,149.2,3,0.158,0.799,6,2,0
19.22,303.2,294.45,8.75,0.807,0,8020.9,0,0.108,0.323,8,2,2
45.09,346.53,321.52,25.0,0.819,1,16.5,2,0.2,0.798,2,0,0
12.09,308.39,288.51,19.88,0.729,0,2445.7,0,0.19,0.203,5,1,2
11.22,305.07,296.95,8.12,0.451,1,5819.1,7,0.071,0.23,1,0,5
27.2,367.48,329.69,37.79,0.942,1,467.8,2,0.829,0.343,3,11,1
14.7,354.91,317.32,37.59,0.957,1,60.8,1,0.805,0.277,1,13,1
49.29,353.25,319.45,33.81,0.721,1,5.6,3,0.354,0.967,1,1,0
13.31,307.21,299.71,7.5,0.275,0,1684.8,7,0.014,0.374,1,0,5
7.3,305.14,292.19,12.95,0.516,0,6190.3,0,0.117,0.259,9,5,2
39.86,331.49,311.3,20.19,0.656,0,572.5,6,0.608,0.553,4,4,3
1.85,313.95,302.85,11.1,0.392,1,1983.4,8,0.088,0.05,2,0,5
3.23,307.11,297.29,9.81,0.445,0,6318.7,8,0.292,0.091,3,0,5
24.15,291.83,269.97,21.86,0.992,1,189.1,1,0.252,0.848,3,2,0
34.43,351.03,344.15,6.88,0.876,1,13.4,3,0.147,0.9,5,1,0
31.91,328.04,284.75,43.29,0.896,1,55.1,1,0.653,0.384,1,13,1
23.53,322.29,306.63,15.66,0.788,0,626.1,4,0.434,0.397,5,7,3
9.87,329.69,315.46,14.22,0.863,1,6188.3,0,0.093,0.255,4,0,2
52.48,375.67,358.64,17.03,0.832,1,111.6,1,0.34,0.752,6,0,0
17.79,322.7,315.43,7.28,0.627,0,8384.6,0,0.174,0.358,6,2,2
86.13,356.17,326.92,29.25,0.96,1,15543.0,0,0.493,0.927,9,1,4
4.94,319.06,313.76,5.3,0.714,0,13194.0,0,0.125,0.415,10,2,2
53.31,317.04,292.76,24.27,0.815,1,14.2,3,0.422,0.938,1,2,0
19.06,297.44,275.29,22.16,0.741,0,9269.3,0,0.113,0.289,14,1,2
16.22,362.1,352.74,9.36,0.758,0,423.7,6,0.818,0.61,3,7,3
16.37,311.2,301.78,9.42,0.231,1,7828.6,0,0.262,0.354,1,1,5
23.7,325.75,315.87,9.88,0.814,0,12860.4,0,0.13,0.264,8,2,2
4.08,293.16,281.9,11.26,0.54,0,1625.0,7,0.113,0.279,0,0,5
97.73,329.26,302.03,27.23,0.915,1,12143.7,0,0.214,0.733,10,2,4
4.83,310.78,302.81,7.97,0.502,0,7630.7,0,0.255,0.395,3,1,5
5.44,299.3,292.56,6.74,0.49,1,2311.7,0,0.077,0.222,2,0,5
90.13,359.02,336.26,22.76,0.975,1,22996.2,0,0.38,0.836,12,0,4
5.34,309.75,300.15,9.6,0.433,1,2216.5,0,0.267,0.175,3,3,5
31.88,361.12,329.9,31.22,0.829,1,164.4,1,0.737,0.366,5,20,1
15.14,308.93,305.47,3.46,0.522,0,3357.2,7,0.218,0.389,1,1,5
8.76,320.62,312.98,7.64,0.311,1,5132.7,0,0.142,0.189,1,0,5
21.12,324.13,316.7,7.43,0.779,1,1309.5,6,0.592,0.39,5,2,3
8.04,311.45,293.14,18.31,0.678,0,11133.4,0,0.192,0.39,6,1,2
2.12,298.81,292.38,6.43,0.554,0,5462.8,8,0.028,0.298,0,2,5
3.51,307.54,297.72,9.83,0.289,1,2713.4,0,0.191,0.328,1,1,5
41.84,350.59,331.45,19.14,0.914,1,20.7,7,0.231,0.906,4,1,0
38.93,363.71,312.65,51.06,0.822,1,23.6,1,0.961,0.439,1,10,1
78.59,405.13,374.83,30.31,0.789,1,5095.4,0,0.253,0.836,15,2,4
63.91,357.82,338.63,19.19,0.935,1,215.6,2,0.114,0.811,3,1,0
5.06,329.52,322.85,6.67,0.415,0,1956.9,0,0.247,0.153,4,0,5
15.62,308.03,291.42,16.61,0.818,0,546.5,6,0.752,0.463,4,3,3
10.85,306.19,296.74,9.44,0.338,0,3679.8,0,0.237,0.332,1,1,5
11.55,311.1,301.92,9.18,0.491,0,2904.9,0,0.01,0.12,2,0,5
106.33,381.0,346.76,34.24,0.994,0,6505.2,0,0.336,0.795,8,2,4
107.42,340.45,306.74,33.72,0.933,0,14414.7,0,0.148,0.856,9,0,4
42.98,332.16,321.28,10.88,0.836,1,12867.7,0,0.201,0.401,11,1,2
20.89,346.25,326.05,20.2,0.895,1,185.8,3,0.194,0.75,2,1,0
96.77,355.74,333.46,22.27,0.751,0,23.7,2,0.148,0.8,5,1,0
3.42,332.71,324.18,8.53,0.573,0,7219.7,0,0.195,0.171,8,0,2
12.48,333.63,316.56,17.07,0.884,0,647.1,6,0.423,0.404,1,5,3
11.53,311.38,295.58,15.8,0.497,1,2347.2,8,0.274,0.124,0,0,5
27.47,319.01,304.35,14.66,0.396,0,2149.9,0,0.169,0.375,0,1,5
6.13,326.91,309.99,16.92,0.598,0,3394.3,0,0.199,0.125,7,1,2
81.57,347.54,308.42,39.13,0.934,0,14301.5,0,0.284,0.876,11,1,4
20.37,362.12,324.39,37.73,0.959,0,178.2,1,0.778,0.4,1,17,1
80.5,319.12,283.93,35.19,0.998,1,5729.4,0,0.175,0.651,13,0,4
10.7,330.9,321.91,8.99,0.528,0,10376.9,0,0.203,0.189,3,1,2
51.25,346.39,320.28,26.11,0.869,1,12.9,1,0.29,0.795,3,1,0
34.27,352.54,320.89,31.65,0.881,1,10.1,2,0.75,0.484,2,13,1
6.75,316.59,309.24,7.35,0.595,1,2546.8,0,0.255,0.156,1,0,5
21.84,317.38,298.32,19.06,0.895,1,1062.9,6,0.487,0.654,3,7,3
57.09,333.92,306.61,27.31,0.764,1,696.7,1,0.164,0.768,3,1,0
31.82,312.85,295.79,17.05,0.691,0,893.7,7,0.564,0.568,7,8,3
17.94,330.0,324.53,5.47,0.254,0,7146.4,7,0.229,0.213,3,0,5
56.08,292.39,274.25,18.14,0.87,0,114.0,5,0.056,0.776,1,2,0
6.58,315.69,302.07,13.61,0.783,0,9141.7,0,0.134,0.308,9,1,2
16.49,353.86,331.59,22.28,0.976,0,2.4,1,0.975,0.422,2,11,1
93.93,376.6,345.53,31.07,0.777,1,11046.7,0,0.228,0.789,16,1,4
15.53,330.29,321.87,8.42,0.867,0,4529.6,0,0.122,0.362,6,0,2
18.76,349.68,321.95,27.73,0.876,1,79.3,1,0.864,0.409,1,11,1
18.08,360.58,321.93,38.65,0.858,1,112.5,1,0.714,0.238,1,12,1
23.54,330.88,295.77,35.11,0.977,0,28.6,2,0.914,0.483,2,17,1
11.35,316.97,308.93,8.04,0.671,0,4712.0,0,0.181,0.45,12,1,2
25.1,368.79,337.73,31.06,0.935,1,146.4,1,0.672,0.261,4,13,1
14.07,310.47,294.76,15.71,0.848,1,3072.5,0,0.142,0.359,8,3,2
5.24,307.96,294.13,13.84,0.761,0,6903.7,0,0.16,0.399,13,3,2
59.58,356.28,331.58,24.71,0.983,1,165.9,2,0.192,0.965,3,0,0
42.85,319.98,294.62,25.36,0.867,1,123.7,1,0.295,0.901,3,0,0
12.85,307.56,292.07,15.49,0.618,1,6634.8,0,0.148,0.142,9,2,2
21.51,361.26,324.56,36.7,0.957,0,253.7,1,0.779,0.52,2,11,1
4.84,301.18,296.69,4.49,0.425,1,6017.9,0,0.288,0.233,1,0,5
190.91,371.15,343.31,27.84,0.787,1,13318.3,0,0.183,0.753,10,0,4
14.46,335.32,299.94,35.39,0.99,0,192.3,1,0.743,0.448,5,16,1
22.6,323.89,305.53,18.36,0.786,0,1360.7,6,0.586,0.628,1,5,3
35.53,337.07,300.24,36.84,0.724,1,253.3,2,0.381,0.722,5,1,0
8.0,319.17,304.87,14.3,0.621,1,13801.4,0,0.03,0.227,8,0,2
7.53,340.2,322.33,17.87,0.742,0,12967.5,0,0.092,0.401,3,3,2
8.17,337.85,321.85,16.0,0.843,0,10472.2,0,0.24,0.107,8,1,2
13.34,293.56,275.86,17.7,0.87,0,9203.9,0,0.222,0.311,12,1,2
21.67,330.6,321.88,8.72,0.703,0,2713.4,0,0.061,0.207,6,3,2
19.21,336.68,304.7,31.98,0.892,1,402.0,2,0.661,0.295,1,8,1
57.24,369.37,338.3,31.07,0.761,0,17953.1,0,0.16,0.688,13,3,4
49.55,359.0,338.87,20.14,0.908,0,329.2,2,0.305,0.762,5,3,0
28.75,382.55,347.84,34.71,0.839,1,230.6,3,0.751,0.484,2,8,1
3.66,313.5,308.77,4.73,0.682,1,7023.1,0,0.118,0.218,9,2,2
16.86,338.47,302.06,36.41,0.959,1,38.5,1,0.79,0.418,4,12,1
53.31,350.33,323.76,26.57,0.702,1,97.2,1,0.098,0.795,5,2,0
7.11,312.56,294.27,18.29,0.581,0,7780.4,0,0.166,0.125,9,0,2
87.81,372.42,337.06,35.36,0.936,1,18396.8,0,0.191,0.906,12,2,4
7.03,309.75,299.43,10.33,0.725,0,5071.8,0,0.25,0.154,9,3,2
22.89,369.86,331.52,38.33,0.962,0,74.5,1,0.886,0.375,3,8,1
53.53,339.81,324.78,15.03,0.972,0,13.0,1,0.666,0.226,2,8,1
41.87,350.31,296.86,53.45,0.932,1,78.6,3,0.948,0.221,2,8,1
58.9,342.4,300.59,41.81,0.702,0,4.5,3,0.108,0.943,3,3,0
92.39,394.63,357.56,37.07,0.973,0,21037.8,0,0.331,0.714,15,2,4
34.72,351.31,326.61,24.69,0.722,1,98.6,2,0.068,0.801,4,1,0
13.43,359.98,325.85,34.13,0.938,1,18.8,1,0.604,0.534,2,14,1
22.53,327.46,325.9,1.56,0.578,0,8923.3,0,0.087,0.256,10,3,2
10.33,330.42,318.62,11.8,0.647,1,128.7,6,0.84,0.427,1,5,3
48.34,338.43,318.79,19.65,0.775,0,3392.3,0,0.13,0.876,10,0,4
13.28,319.21,310.39,8.81,0.644,0,1765.7,0,0.211,0.246,8,4,2
4.93,312.15,301.12,11.03,0.55,1,7128.5,0,0.293,0.135,0,1,5
10.81,320.5,312.17,8.33,0.537,0,12881.8,0,0.142,0.258,5,2,2
57.31,300.57,281.76,18.81,0.875,1,224.5,5,0.198,0.721,6,3,0
6.99,313.93,305.33,8.6,0.271,1,3239.0,0,0.146,0.221,1,0,5
34.24,377.45,347.93,29.52,0.886,0,9.3,1,0.818,0.339,2,10,1
11.23,327.63,313.52,14.11,0.815,0,11624.5,0,0.185,0.21,7,5,2
57.68,341.36,313.25,28.12,0.997,1,246.5,1,0.4,0.847,3,1,0
38.89,329.1,310.07,19.03,0.908,0,1111.2,6,0.506,0.52,3,4,3
151.12,398.92,368.75,30.17,0.779,1,16647.4,0,0.136,0.93,10,1,4
3.98,295.48,288.16,7.32,0.307,1,3872.8,0,0.292,0.101,2,1,5
119.64,370.35,335.78,34.57,0.922,1,11005.6,0,0.189,0.884,16,0,4
12.12,325.88,289.19,36.69,0.939,1,385.3,1,0.874,0.493,2,6,1
55.55,363.8,331.86,31.94,0.821,0,11922.1,0,0.309,0.749,16,1,4
33.38,347.64,316.53,31.11,0.988,1,90.9,3,0.632,0.238,5,10,1
19.03,345.5,313.72,31.78,0.962,1,82.9,1,0.686,0.363,1,18,1
42.1,355.81,333.12,22.69,0.867,1,173.9,1,0.05,0.912,6,1,0
12.4,333.99,317.84,16.15,0.573,0,5833.7,0,0.161,0.265,6,2,2
56.94,335.39,314.31,21.08,0.848,1,42.8,1,0.354,0.84,4,0,0
38.44,316.52,291.03,25.49,0.736,0,437.4,6,0.693,0.582,6,4,3
50.9,371.17,342.76,28.42,0.914,1,11622.1,0,0.116,0.948,16,1,4
13.37,318.72,310.31,8.41,0.602,0,14032.1,0,0.12,0.227,11,1,2
7.56,325.02,315.68,9.35,0.392,1,5195.7,7,0.136,0.208,1,1,5
129.11,360.51,329.76,30.74,0.982,1,11939.0,0,0.467,0.7,11,4,4
9.67,329.74,318.19,11.55,0.709,0,9890.5,0,0.112,0.199,7,2,2
63.67,348.05,331.53,16.52,0.729,1,254.0,1,0.316,0.923,4,4,0
21.37,328.54,316.38,12.16,0.693,0,11582.6,0,0.131,0.214,8,1,2
31.46,370.95,338.4,32.55,0.829,1,136.2,1,0.795,0.519,2,8,1
7.13,319.57,308.3,11.27,0.563,0,4140.7,0,0.106,0.138,12,4,2
18.77,332.78,307.92,24.85,0.642,0,7110.5,0,0.139,0.38,7,4,2
84.52,373.74,343.5,30.24,0.975,0,20658.1,0,0.321,0.742,11,1,4
30.67,334.04,319.72,14.31,0.61,0,6316.7,0,0.196,0.192,9,2,2
15.31,352.29,318.13,34.16,0.921,1,12.8,2,0.645,0.434,3,13,1
6.27,310.0,301.44,8.56,0.484,1,4204.3,7,0.055,0.188,0,1,5
9.9,321.99,307.24,14.75,0.523,0,7559.5,0,0.109,0.144,7,2,2
2.89,309.77,304.62,5.15,0.83,0,6886.0,0,0.127,0.397,10,2,2
32.06,323.86,309.48,14.38,0.523,0,6038.5,0,0.249,0.262,6,3,2
20.17,370.05,344.64,25.41,0.983,1,64.2,3,0.97,0.222,2,11,1
58.58,328.45,309.78,18.66,0.918,0,0.2,3,0.118,0.729,3,0,0
1.26,324.38,316.56,7.82,0.451,0,2026.8,0,0.073,0.061,3,1,5
4.87,310.58,308.24,2.34,0.257,0,6599.1,7,0.282,0.117,0,0,5
80.94,364.82,339.96,24.86,0.808,1,14177.0,0,0.252,0.65,5,2,4
5.5,319.37,308.67,10.69,0.799,1,2192.3,0,0.201,0.229,8,1,2
7.7,323.21,305.66,17.56,0.531,1,6799.7,0,0.118,0.273,11,0,2
11.0,329.77,309.22,20.55,0.906,1,815.4,7,0.547,0.366,4,4,3
19.54,332.28,304.52,27.76,0.913,0,1426.8,6,0.83,0.451,3,8,3
19.65,334.3,305.24,29.06,0.843,1,125.0,6,0.594,0.688,4,7,3
28.96,321.01,305.78,15.22,0.689,1,2071.2,7,0.431,0.641,7,9,3
15.47,310.7,304.43,6.28,0.627,0,5206.2,0,0.096,0.438,3,2,2
58.44,356.16,336.02,20.14,0.785,0,254.1,2,0.081,0.705,2,3,0
28.75,366.22,340.02,26.2,0.833,1,48.7,3,0.832,0.437,1,16,1
24.35,314.14,297.17,16.97,0.873,0,1013.4,6,0.621,0.638,4,3,3
70.39,354.91,330.35,24.56,0.926,0,24119.6,0,0.474,0.87,15,1,4
20.67,347.08,334.72,12.36,0.837,0,11657.1,0,0.121,0.236,8,0,2
8.39,332.19,323.75,8.44,0.723,0,4289.3,0,0.078,0.135,8,1,2
35.29,343.65,304.16,39.48,0.851,1,20.0,2,0.724,0.213,1,12,1
11.55,318.05,308.67,9.38,0.889,0,14577.8,0,0.186,0.249,9,0,2
4.71,331.04,322.78,8.26,0.23,1,1608.5,0,0.092,0.222,0,1,5
12.09,300.56,293.7,6.86,0.452,1,7607.6,7,0.125,0.321,0,0,5
17.07,328.96,320.14,8.82,0.515,1,14834.3,0,0.057,0.24,6,4,2
13.77,297.74,282.42,15.32,0.584,0,14876.4,0,0.223,0.193,6,2,2
13.91,332.17,308.48,23.69,0.818,1,223.4,6,0.789,0.43,6,3,3
17.98,347.62,329.88,17.74,0.839,0,508.8,6,0.407,0.462,1,4,3
55.68,342.87,322.23,20.64,0.712,1,72.3,3,0.333,0.85,5,0,0
3.11,318.2,309.5,8.7,0.342,0,6887.7,0,0.183,0.055,1,1,5
40.04,335.61,320.04,15.56,0.821,0,786.8,5,0.205,0.956,5,0,0
6.68,298.43,292.36,6.07,0.34,0,3166.5,0,0.281,0.06,1,0,5
17.03,323.63,322.94,0.69,0.266,0,4847.5,0,0.102,0.141,1,0,5
19.77,325.73,304.62,21.11,0.611,0,1745.1,6,0.68,0.495,5,2,3
69.76,332.58,308.24,24.33,0.937,1,5.3,1,0.295,0.926,5,2,0
36.74,343.7,299.62,44.08,0.945,1,41.0,3,0.68,0.465,2,13,1
24.84,335.38,311.23,24.16,0.94,0,214.5,3,0.967,0.351,3,11,1
86.57,392.14,360.51,31.63,0.876,0,24394.0,0,0.319,0.841,11,0,4
25.82,345.64,327.16,18.48,0.784,0,100.0,1,0.33,0.828,2,0,0
26.69,331.95,312.33,19.63,0.864,0,25.9,7,0.372,0.751,4,0,0
43.27,364.29,327.17,37.12,0.887,1,159.1,2,0.446,0.912,4,3,0
17.59,326.99,296.08,30.9,0.978,0,169.7,1,0.78,0.302,3,11,1
26.01,351.94,327.14,24.8,0.862,1,34.6,3,0.716,0.429,1,14,1
10.43,313.89,303.08,10.8,0.58,0,5174.5,0,0.167,0.223,8,1,2
2.37,315.69,311.92,3.78,0.207,0,5611.9,0,0.071,0.379,1,2,5
59.97,328.71,301.2,27.51,0.71,0,53.6,2,0.346,0.869,2,1,0
49.81,346.94,315.95,30.99,0.894,1,9.5,3,0.252,0.881,3,0,0
27.78,318.08,301.65,16.43,0.806,0,270.5,6,0.638,0.538,2,5,3
49.45,349.91,321.75,28.16,0.9,1,21481.7,0,0.393,0.824,9,4,4
25.62,361.1,329.09,32.01,0.908,0,4.2,1,0.709,0.292,3,12,1
30.97,363.97,343.31,20.66,0.932,1,671.4,1,0.057,0.916,3,0,0
19.8,314.01,302.08,11.92,0.856,1,1199.5,6,0.606,0.596,5,3,3
8.28,303.64,294.88,8.76,0.486,1,4118.8,0,0.13,0.23,1,0,5
9.59,331.57,315.64,15.93,0.572,1,4058.9,0,0.245,0.198,12,2,2
17.3,301.92,286.85,15.07,0.872,0,8467.9,0,0.066,0.442,10,1,2
53.58,346.59,321.27,25.32,0.902,0,86.2,3,0.333,0.711,2,2,0
46.66,351.52,327.63,23.89,0.989,0,660.4,1,0.137,0.824,7,1,0
28.61,334.45,315.17,19.28,0.567,1,1887.4,0,0.099,0.38,10,1,2
99.65,377.38,346.53,30.84,0.958,1,20345.7,0,0.27,0.749,9,2,4
15.5,303.18,297.2,5.97,0.875,0,5735.2,0,0.19,0.33,7,2,2
15.86,341.07,317.46,23.61,0.869,0,544.5,6,0.78,0.519,3,7,3
4.96,300.57,277.76,22.81,0.809,0,11007.7,0,0.179,0.28,11,2,2
34.27,364.89,331.86,33.03,0.876,1,91.5,2,0.814,0.284,1,10,1
11.37,367.13,339.42,27.72,0.91,1,145.6,1,0.884,0.524,5,11,1
15.13,322.25,310.55,11.7,0.747,0,13882.7,0,0.071,0.297,12,0,2
3.99,309.52,300.54,8.97,0.48,0,7901.5,0,0.117,0.175,1,1,5
2.21,305.02,301.07,3.95,0.596,0,7493.3,7,0.22,0.397,2,0,5
90.48,399.3,373.08,26.23,0.759,0,23126.1,0,0.457,0.863,12,2,4
10.63,318.57,304.81,13.76,0.846,0,6611.2,0,0.033,0.209,13,1,2
15.54,313.85,304.8,9.05,0.705,0,13246.7,0,0.199,0.12,4,0,2
5.23,315.86,311.53,4.33,0.459,0,6075.9,7,0.209,0.07,0,0,5
19.07,322.34,308.19,14.15,0.888,0,584.3,6,0.701,0.687,3,3,3
27.22,314.43,296.93,17.49,0.677,0,1288.6,4,0.43,0.495,4,6,3
33.56,364.19,327.0,37.19,0.882,1,3.6,2,0.624,0.493,5,9,1
40.12,364.96,352.68,12.27,0.958,0,19.8,2,0.756,0.448,2,9,1
28.5,333.35,304.43,28.92,0.904,0,1282.0,6,0.733,0.519,4,6,3
25.35,356.15,332.47,23.68,0.731,1,7.1,3,0.159,0.944,3,1,0
16.85,346.47,309.68,36.79,0.812,1,379.8,1,0.735,0.549,2,10,1
15.04,343.34,328.54,14.8,0.655,0,284.8,6,0.665,0.542,5,6,3
22.03,346.75,323.27,23.49,0.997,1,147.7,1,0.715,0.285,2,8,1
15.9,351.81,320.77,31.04,0.941,1,215.8,1,0.968,0.52,3,18,1
68.47,323.93,295.76,28.17,0.949,1,4759.7,0,0.232,0.849,12,2,4
12.58,319.14,308.83,10.31,0.886,0,14107.4,0,0.044,0.368,8,0,2
22.55,354.97,324.08,30.89,0.972,0,87.5,1,0.94,0.491,4,11,1
3.61,299.24,298.84,0.4,0.363,0,1901.4,0,0.292,0.312,1,0,5
41.92,371.92,332.94,38.98,0.977,1,51.7,1,0.613,0.304,5,14,1
97.16,363.35,340.99,22.36,0.972,1,5776.5,0,0.157,0.836,12,3,4
2.84,299.77,300.64,-0.88,0.354,0,4102.8,8,0.193,0.35,1,0,5
65.18,344.1,310.27,33.83,0.726,1,256.0,1,0.277,0.928,8,1,0
13.5,326.68,317.69,8.99,0.64,0,10218.0,0,0.179,0.44,13,2,2
5.67,323.39,310.39,13.0,0.855,1,6301.7,0,0.173,0.211,10,4,2
43.87,350.45,322.15,28.3,0.758,0,10914.0,0,0.399,0.867,11,3,4
23.52,347.54,305.53,42.01,0.927,0,420.5,1,0.767,0.388,2,8,1
138.04,350.89,322.73,28.16,0.816,0,19995.6,0,0.487,0.742,11,0,4
49.8,373.2,346.18,27.02,0.885,1,18997.8,0,0.185,0.78,11,0,4
55.86,349.08,317.83,31.24,0.965,1,242.2,1,0.318,0.815,2,0,0
18.64,354.9,303.68,51.22,0.987,0,54.3,1,0.69,0.548,3,9,1
5.94,308.59,305.26,3.33,0.216,1,7711.1,8,0.265,0.365,0,0,5
47.07,352.97,322.74,30.23,0.775,1,107.9,1,0.094,0.881,2,3,0
34.71,318.92,302.23,16.69,0.697,1,689.3,7,0.827,0.351,2,3,3
12.45,307.39,286.09,21.3,0.889,1,1610.5,6,0.848,0.4,4,10,3
4.45,324.2,312.74,11.46,0.702,0,13510.9,0,0.198,0.233,7,4,2
26.25,351.42,312.43,38.99,0.964,1,336.5,3,0.616,0.47,1,10,1
47.28,330.64,316.31,14.33,0.884,1,560.1,2,0.067,0.971,3,0,0
70.23,348.47,322.45,26.02,0.751,1,206.0,3,0.444,0.721,3,3,0
9.77,299.47,282.14,17.32,0.867,0,8508.6,0,0.196,0.212,9,0,2
33.34,362.66,333.65,29.02,0.789,1,98.4,2,0.143,0.738,2,0,0
12.16,324.56,313.29,11.27,0.681,0,10194.0,0,0.121,0.191,10,1,2
24.8,352.24,339.45,12.78,0.641,1,740.4,6,0.721,0.648,3,3,3
18.22,343.89,318.77,25.12,0.893,1,72.3,3,0.708,0.431,1,10,1
1.97,310.2,300.91,9.28,0.324,0,7708.7,0,0.28,0.125,1,0,5
159.97,373.4,350.64,22.76,0.995,1,20268.2,0,0.181,0.914,16,1,4
14.06,342.73,310.14,32.6,0.963,0,168.7,1,0.782,0.426,1,9,1
64.34,355.75,328.62,27.14,0.947,0,138.5,1,0.115,0.835,6,3,0
7.54,328.39,312.19,16.19,0.795,0,223.4,7,0.441,0.434,1,11,3
3.73,310.19,302.61,7.58,0.227,0,7977.2,0,0.119,0.145,1,0,5
112.55,378.66,362.29,16.37,0.906,1,3632.1,0,0.313,0.84,11,1,4
35.1,306.42,283.42,23.0,0.762,1,706.6,7,0.622,0.536,7,3,3
54.24,353.79,324.54,29.25,0.944,0,125.2,3,0.112,0.882,2,2,0
11.76,324.18,312.23,11.95,0.726,0,3077.6,0,0.171,0.151,8,0,2
34.43,343.99,317.47,26.52,0.768,0,198.3,3,0.307,0.725,4,3,0
52.09,350.73,329.06,21.67,0.743,1,79.5,2,0.333,0.892,4,1,0
9.4,318.22,308.33,9.89,0.575,1,4940.5,0,0.163,0.174,2,0,5
3.38,297.89,286.38,11.51,0.219,0,3191.0,7,0.211,0.202,2,0,5
19.04,319.12,310.04,9.08,0.562,0,11236.4,0,0.198,0.359,10,2,2
14.86,319.72,301.11,18.61,0.602,1,161.5,6,0.546,0.466,2,3,3
14.27,328.44,316.88,11.55,0.618,0,2804.6,0,0.124,0.307,8,1,2
9.15,320.1,306.44,13.66,0.685,0,13733.3,0,0.246,0.122,7,1,2
7.88,316.2,308.42,7.79,0.59,0,11205.0,0,0.224,0.139,6,0,2
12.73,336.44,319.42,17.02,0.777,0,1029.4,6,0.555,0.438,3,4,3
6.67,301.05,294.49,6.56,0.265,1,7153.2,7,0.128,0.345,0,1,5
19.8,355.62,331.11,24.51,0.814,1,111.7,1,0.863,0.273,2,13,1
6.39,310.08,291.47,18.61,0.575,0,8653.3,0,0.171,0.342,9,2,2
96.92,357.03,322.52,34.51,0.911,0,20986.8,0,0.49,0.714,14,3,4
79.22,418.21,391.68,26.54,0.919,1,16135.2,0,0.487,0.948,14,1,4
24.89,350.89,335.02,15.88,0.655,0,301.4,6,0.692,0.456,6,4,3
6.22,336.25,326.65,9.59,0.884,0,7526.2,0,0.101,0.391,11,3,2
83.55,317.56,292.51,25.05,0.777,1,6512.2,0,0.443,0.747,12,3,4
36.42,317.82,293.83,23.98,0.848,1,274.5,6,0.589,0.674,4,6,3
86.97,370.77,351.52,19.26,0.834,1,17950.7,0,0.32,0.934,11,1,4
19.95,354.24,318.84,35.4,0.831,1,203.6,1,0.643,0.227,1,10,1
77.79,366.99,343.78,23.21,0.762,0,18310.0,0,0.28,0.66,12,1,4
15.76,328.61,320.07,8.54,0.713,0,7040.8,0,0.054,0.175,7,1,2
43.82,334.4,312.49,21.92,0.807,1,48.0,1,0.054,0.832,3,2,0
4.75,316.44,304.13,12.31,0.527,0,14981.6,0,0.059,0.339,7,0,2
36.72,367.67,330.98,36.7,0.801,1,80.7,1,0.75,0.498,2,12,1
49.36,335.1,293.84,41.26,0.982,0,5.4,2,0.814,0.286,4,9,1
14.71,341.1,328.75,12.36,0.525,0,14504.6,0,0.247,0.197,6,2,2
11.6,342.76,299.88,42.88,0.966,1,139.4,1,0.794,0.415,1,11,1
24.92,331.99,307.88,24.11,0.869,0,630.8,6,0.5,0.362,1,3,3
95.25,358.72,325.16,33.56,0.897,0,5652.7,0,0.355,0.875,11,0,4
43.71,360.47,336.2,24.26,0.873,1,22.7,7,0.136,0.719,3,2,0
35.02,326.6,305.1,21.49,0.915,0,274.2,1,0.363,0.886,4,1,0
26.99,307.34,258.71,48.63,0.872,1,67.7,1,0.632,0.377,1,9,1
17.85,352.45,340.09,12.36,0.695,0,1513.4,7,0.683,0.464,8,6,3
41.73,354.43,327.12,27.3,0.993,0,111.6,1,0.348,0.733,2,2,0
21.32,352.5,309.3,43.2,0.866,1,197.4,2,0.834,0.281,2,13,1
86.51,334.61,300.66,33.95,0.794,1,166.5,2,0.273,0.861,2,1,0
48.04,345.39,313.28,32.1,0.847,0,926.2,1,0.286,0.891,4,1,0
25.38,315.52,306.14,9.38,0.669,0,4027.4,0,0.056,0.313,4,0,2
32.47,358.84,316.57,42.26,0.959,1,63.4,1,0.767,0.414,4,11,1
12.88,291.82,279.54,12.28,0.753,0,10316.0,0,0.211,0.308,3,1,2
31.66,360.1,332.73,27.37,0.933,1,60.3,1,0.908,0.355,5,13,1
15.79,318.74,301.53,17.21,0.701,0,5691.3,0,0.187,0.18,5,0,2
49.8,346.0,325.95,20.05,0.8,0,320.5,5,0.303,0.799,1,5,0
33.15,337.99,311.78,26.2,0.984,0,96.2,1,0.622,0.231,2,13,1
26.44,350.74,338.48,12.26,0.772,0,677.5,6,0.559,0.484,4,3,3
2.11,301.8,296.48,5.32,0.334,0,5441.6,0,0.111,0.175,2,0,5
34.37,356.69,326.82,29.87,0.719,0,59.8,1,0.443,0.88,6,0,0
38.02,334.7,285.13,49.58,0.978,1,80.1,1,0.921,0.2,2,13,1
34.02,360.72,321.4,39.32,0.905,1,500.2,1,0.809,0.387,4,13,1
3.87,309.58,301.67,7.91,0.322,1,1483.4,0,0.17,0.19,2,1,5
16.97,376.74,349.38,27.36,0.993,1,94.1,1,0.749,0.213,2,14,1
44.48,363.55,317.72,45.84,0.922,1,36.3,1,0.648,0.37,1,15,1
9.84,325.9,314.49,11.41,0.849,0,2920.2,0,0.14,0.254,9,1,2
62.21,393.53,366.04,27.49,0.832,1,13897.5,0,0.286,0.769,12,1,4
15.31,321.33,314.67,6.66,0.535,1,9001.6,0,0.207,0.297,6,3,2
39.78,350.77,322.29,28.48,0.754,1,159.6,2,0.382,0.765,4,0,0
27.54,337.4,327.61,9.8,0.747,0,757.4,6,0.512,0.493,10,3,3
27.17,339.24,308.29,30.95,0.853,1,383.7,1,0.777,0.547,3,11,1
21.44,336.56,315.75,20.8,0.756,1,318.9,6,0.497,0.491,4,4,3
5.8,311.91,302.34,9.56,0.211,0,6770.7,0,0.187,0.162,0,0,5
10.69,330.44,306.33,24.11,0.821,0,1195.4,6,0.806,0.49,2,6,3
51.69,336.54,316.98,19.56,0.825,1,82.5,1,0.174,0.886,4,0,0
16.93,332.65,315.33,17.32,0.824,0,4658.4,0,0.21,0.389,9,0,2
34.67,316.02,291.11,24.9,0.985,1,35.9,1,0.115,0.921,1,0,0
6.18,326.2,315.21,10.99,0.808,0,4525.9,0,0.097,0.146,9,1,2
58.24,336.66,307.05,29.62,0.986,0,29.2,2,0.28,0.881,1,1,0
13.58,317.06,314.75,2.32,0.353,1,2023.2,0,0.115,0.092,1,0,5
49.08,350.57,322.22,28.36,0.993,0,24657.8,0,0.284,0.7,12,1,4
27.02,355.61,320.25,35.36,0.964,0,81.2,3,0.889,0.201,2,14,1
61.79,355.99,341.71,14.27,0.933,0,480.6,5,0.222,0.91,2,3,0
19.17,361.81,328.83,32.98,0.891,1,35.5,2,0.754,0.211,3,10,1
12.01,357.76,338.94,18.82,0.951,1,462.0,2,0.622,0.378,3,10,1
50.43,349.39,322.75,26.64,0.737,1,96.2,1,0.398,0.821,3,1,0
5.2,286.04,276.3,9.74,0.314,0,1987.6,0,0.164,0.159,2,1,5
27.52,312.1,299.68,12.42,0.51,0,10295.7,0,0.209,0.267,9,1,2
36.91,361.42,335.94,25.48,0.906,1,140.2,2,0.166,0.785,3,0,0
136.54,372.63,351.72,20.91,0.75,1,14977.8,0,0.306,0.872,10,2,4
25.24,351.22,304.85,46.37,0.841,1,2.4,1,0.742,0.361,3,6,1
5.61,295.97,282.96,13.01,0.609,0,9959.3,0,0.154,0.175,12,1,2
27.38,368.53,335.5,33.04,0.853,0,57.7,3,0.661,0.491,2,17,1
32.27,355.07,336.75,18.32,0.794,0,417.9,2,0.148,0.826,6,0,0
17.86,330.86,320.3,10.56,0.654,1,10579.8,0,0.122,0.27,10,3,2
5.75,320.57,303.98,16.59,0.669,0,7151.0,0,0.157,0.308,8,1,2
19.5,353.0,319.05,33.96,0.943,0,16.7,1,0.893,0.237,2,14,1
12.86,330.83,311.74,19.09,0.794,1,4799.5,0,0.201,0.447,6,2,2
51.17,334.89,319.72,15.17,0.936,0,308.9,3,0.218,0.828,4,2,0
4.6,328.46,319.03,9.43,0.739,0,4760.5,0,0.204,0.26,5,1,2
6.81,325.13,307.17,17.96,0.697,0,13307.7,0,0.099,0.412,7,1,2
14.83,309.01,297.35,11.65,0.691,0,9930.0,0,0.035,0.257,8,2,2
8.21,334.88,324.13,10.75,0.783,1,5988.7,0,0.091,0.262,3,0,2
27.3,327.4,310.52,16.88,0.903,0,1196.9,6,0.706,0.57,3,3,3
17.81,377.01,338.08,38.93,0.988,1,6.5,1,0.857,0.523,2,11,1
36.33,338.71,313.65,25.06,0.923,1,341.4,1,0.352,0.947,2,2,0
11.39,319.85,315.37,4.48,0.263,1,2889.2,0,0.144,0.121,1,0,5
34.79,327.71,303.92,23.79,0.781,1,465.7,4,0.79,0.425,4,4,3
48.86,342.81,309.06,33.75,0.861,1,194.9,2,0.408,0.746,3,1,0
7.47,324.31,312.41,11.9,0.667,0,12277.9,0,0.098,0.251,10,2,2
76.49,328.31,296.98,31.33,0.882,0,14788.8,0,0.171,0.755,8,1,4
7.24,314.9,296.99,17.9,0.685,0,12186.3,0,0.178,0.429,6,1,2
3.23,302.23,294.17,8.06,0.47,0,7610.5,7,0.156,0.382,2,0,5
12.86,304.16,292.34,11.82,0.217,0,2324.2,0,0.299,0.383,1,0,5
3.77,310.25,303.24,7.01,0.361,0,5935.7,0,0.19,0.343,1,0,5
5.24,333.99,319.24,14.75,0.613,0,11488.8,0,0.086,0.333,6,1,2
12.83,306.26,300.13,6.12,0.813,0,12869.8,0,0.189,0.204,8,2,2
10.6,327.53,315.48,12.05,0.797,0,6480.0,0,0.061,0.224,6,1,2
10.0,309.09,304.12,4.97,0.475,0,5084.4,0,0.132,0.339,1,0,5
4.95,307.14,303.43,3.71,0.452,0,4871.4,0,0.022,0.181,1,2,5
10.32,368.03,339.37,28.66,0.994,1,49.7,2,0.625,0.233,2,14,1
22.37,327.78,307.04,20.74,0.787,1,258.5,6,0.495,0.696,5,5,3
3.55,294.58,291.45,3.12,0.266,0,754.7,7,0.095,0.36,3,0,5
10.82,308.26,294.68,13.58,0.787,0,12146.0,0,0.082,0.436,4,1,2
8.97,324.08,308.55,15.53,0.564,0,3509.4,0,0.037,0.199,12,3,2
2.98,322.3,313.45,8.85,0.264,1,3420.6,0,0.253,0.126,1,0,5
59.18,355.17,326.06,29.11,0.779,0,607.6,1,0.402,0.756,5,1,0
13.41,301.73,284.27,17.46,0.721,0,13981.9,0,0.089,0.163,8,1,2
18.94,339.54,333.97,5.57,0.777,0,9477.6,0,0.139,0.308,4,2,2
1.9,323.89,312.73,11.15,0.205,0,5673.5,7,0.211,0.34,2,0,5
20.87,350.29,335.33,14.96,0.743,0,4450.3,0,0.149,0.431,8,0,2
12.31,337.67,329.11,8.56,0.739,0,6688.2,0,0.11,0.446,11,3,2
22.31,311.48,296.26,15.21,0.664,0,14036.0,0,0.098,0.366,13,0,2
21.65,304.19,292.7,11.49,0.866,1,12933.4,0,0.163,0.183,10,2,2
127.45,337.8,290.86,46.94,0.875,0,12774.7,0,0.352,0.669,9,2,4
14.88,314.27,301.95,12.31,0.861,0,4092.6,0,0.057,0.34,6,1,2
16.64,359.38,321.64,37.75,0.861,1,57.9,1,0.61,0.219,2,11,1
32.97,319.15,289.18,29.97,0.613,1,578.4,7,0.593,0.503,3,5,3
38.73,349.6,323.15,26.46,0.883,1,29.1,3,0.885,0.476,1,14,1
4.34,318.18,305.26,12.92,0.522,1,6281.2,0,0.146,0.393,8,0,2
67.26,345.19,328.21,16.98,0.955,0,167.0,1,0.395,0.779,4,1,0
57.42,354.95,320.72,34.23,0.948,0,58.0,1,0.264,0.826,2,1,0
133.45,399.29,371.96,27.33,0.949,0,6277.1,0,0.25,0.793,13,0,4
79.73,327.26,292.96,34.29,0.758,1,23928.6,0,0.298,0.705,14,0,4
2.89,331.33,323.96,7.36,0.475,0,4956.7,0,0.128,0.362,1,0,5
22.02,334.5,318.64,15.87,0.872,1,268.0,6,0.413,0.358,4,6,3
51.53,317.25,291.69,25.56,0.823,1,135.0,1,0.133,0.924,3,2,0
89.3,351.32,316.05,35.27,0.795,1,21366.0,0,0.366,0.669,10,1,4
38.04,319.75,297.23,22.52,0.734,1,602.2,6,0.64,0.621,6,4,3
73.33,325.18,295.78,29.39,0.853,1,213.0,2,0.199,0.828,3,3,0
33.87,326.44,318.87,7.58,0.724,1,225.2,6,0.706,0.603,5,2,3
24.29,357.36,324.97,32.39,0.966,1,33.6,2,0.637,0.326,3,13,1
52.76,357.24,333.44,23.81,0.863,0,218.2,3,0.446,0.774,2,0,0
9.01,315.37,295.8,19.57,0.851,0,821.9,6,0.611,0.624,4,6,3
8.32,322.32,307.84,14.48,0.695,0,14970.4,0,0.039,0.328,6,1,2
41.25,364.13,341.38,22.75,0.893,1,362.9,5,0.418,0.727,5,2,0
4.4,323.42,312.84,10.59,0.222,0,7887.1,0,0.026,0.165,0,0,5
11.72,357.78,328.23,29.55,0.815,0,116.6,1,0.616,0.361,3,16,1
164.16,354.18,334.1,20.08,0.996,1,6476.3,0,0.414,0.826,11,0,4
15.24,345.55,303.01,42.53,0.943,1,297.9,1,0.664,0.345,2,9,1
3.74,312.23,300.81,11.42,0.458,0,6742.3,0,0.059,0.065,1,1,5
7.91,328.33,314.03,14.3,0.892,0,12618.3,0,0.163,0.285,4,2,2
67.1,315.89,288.45,27.44,0.722,1,64.0,2,0.101,0.925,8,1,0
3.47,315.19,305.85,9.33,0.38,0,7008.0,0,0.177,0.318,1,0,5
3.14,314.52,307.25,7.26,0.336,0,5441.1,8,0.084,0.116,0,0,5
56.97,396.46,376.98,19.48,0.77,1,10365.3,0,0.186,0.864,12,1,4
34.37,334.01,315.28,18.73,0.714,1,186.3,4,0.765,0.355,6,3,3
69.89,319.02,296.91,22.1,0.706,1,606.6,1,0.185,0.702,4,2,0
9.5,311.93,299.55,12.38,0.566,1,11554.0,0,0.161,0.173,5,0,2
2.16,291.48,278.19,13.29,0.508,1,7733.0,0,0.296,0.304,1,1,5
44.99,298.79,273.38,25.41,0.907,0,217.7,1,0.108,0.932,5,1,0
20.65,313.45,294.23,19.22,0.868,1,1422.3,7,0.635,0.547,2,5,3
5.16,319.54,307.9,11.64,0.611,0,4796.5,0,0.105,0.416,13,1,2
6.96,295.62,285.59,10.03,0.702,1,6999.7,0,0.159,0.134,10,0,2
77.67,374.93,338.78,36.15,0.951,1,19252.5,0,0.205,0.878,9,1,4
27.72,347.73,308.6,39.13,0.878,0,122.5,2,0.971,0.327,3,13,1
13.4,311.05,298.68,12.36,0.525,0,4352.1,0,0.224,0.372,11,1,2
23.71,342.15,290.11,52.04,0.932,1,36.3,2,0.949,0.311,1,7,1
49.45,340.99,326.09,14.91,0.77,1,461.9,3,0.317,0.863,3,0,0
8.01,289.3,285.14,4.16,0.547,0,7945.4,0,0.228,0.228,0,2,5
11.76,324.31,311.58,12.73,0.755,0,6174.6,0,0.069,0.445,12,3,2
5.82,317.94,315.3,2.64,0.389,1,5795.3,8,0.043,0.25,1,0,5
11.02,293.76,286.64,7.12,0.284,0,5472.8,0,0.118,0.353,3,0,5
31.17,320.01,304.35,15.66,0.698,1,967.9,6,0.582,0.435,4,4,3
5.66,311.19,297.22,13.97,0.64,0,6531.0,0,0.109,0.337,8,1,2
29.68,350.83,316.26,34.56,0.847,1,392.2,1,0.646,0.446,2,10,1
40.73,327.1,300.6,26.5,0.828,0,216.9,3,0.092,0.842,6,2,0
21.44,337.55,312.61,24.94,0.89,1,1713.2,6,0.494,0.545,3,3,3
140.93,373.69,340.35,33.34,0.872,0,10354.6,0,0.271,0.698,12,3,4
16.42,328.3,317.81,10.49,0.805,0,7655.7,0,0.224,0.3,10,1,2
54.09,330.82,309.54,21.27,0.717,0,56.7,7,0.273,0.797,2,1,0
77.13,378.39,339.17,39.22,0.926,0,16198.1,0,0.292,0.892,12,2,4
6.13,315.08,307.76,7.32,0.632,1,1911.3,0,0.075,0.124,8,3,2
67.04,330.89,291.95,38.94,0.934,0,23026.0,0,0.295,0.804,11,0,4
42.19,379.33,362.95,16.38,0.727,0,16.9,7,0.373,0.829,3,0,0
4.08,313.81,301.2,12.6,0.597,0,2726.4,0,0.24,0.159,3,0,5
4.09,332.54,327.57,4.97,0.718,0,12494.8,0,0.193,0.291,9,2,2
10.64,308.9,294.93,13.97,0.823,1,2575.4,0,0.244,0.198,6,1,2
8.51,328.15,315.85,12.3,0.81,0,7619.0,0,0.053,0.424,11,3,2
4.38,323.31,308.87,14.45,0.513,0,14717.9,0,0.228,0.438,8,0,2
11.86,331.7,314.05,17.65,0.627,0,11236.3,0,0.145,0.276,12,3,2
31.95,327.4,287.15,40.25,0.728,0,68.6,2,0.314,0.897,3,4,0
14.74,330.93,312.47,18.46,0.684,1,490.2,6,0.822,0.513,6,7,3
72.65,376.3,347.23,29.07,0.756,1,644.6,1,0.125,0.827,3,2,0
19.87,317.58,311.93,5.65,0.839,0,11336.6,0,0.12,0.28,5,1,2
54.71,384.29,363.19,21.09,0.962,0,670.3,1,0.123,0.921,5,3,0
19.16,344.62,306.15,38.47,0.846,1,262.5,1,0.835,0.316,3,12,1
44.05,321.57,304.52,17.05,0.852,0,2101.4,6,0.627,0.408,3,5,3
1.6,310.34,304.78,5.56,0.347,0,3459.8,0,0.254,0.154,2,1,5
2.47,311.52,303.57,7.95,0.597,1,1745.3,0,0.252,0.251,2,1,5
57.43,378.43,343.36,35.07,0.934,0,24706.0,0,0.438,0.843,14,0,4
22.28,331.86,315.04,16.83,0.747,0,485.3,6,0.437,0.635,1,1,3
25.89,345.88,328.99,16.89,0.728,1,75.9,7,0.428,0.702,2,2,0
38.27,359.11,320.81,38.3,0.929,1,35.2,1,0.711,0.527,2,11,1
16.66,315.27,304.59,10.69,0.675,0,12555.5,0,0.195,0.215,10,3,2
11.12,311.56,300.27,11.29,0.753,0,7736.5,0,0.039,0.133,9,4,2
1.59,300.62,291.36,9.25,0.402,1,5837.2,0,0.216,0.226,2,2,5
106.32,339.94,326.03,13.9,0.873,0,15651.5,0,0.36,0.702,16,2,4
10.25,326.55,315.48,11.08,0.589,0,7243.7,0,0.108,0.121,7,3,2
14.91,335.05,316.06,18.99,0.743,0,1250.5,6,0.485,0.6,6,4,3
70.19,345.23,321.55,23.68,0.924,1,305.5,7,0.367,0.869,2,2,0
39.63,390.71,361.84,28.87,0.815,0,225.8,3,0.17,0.815,3,1,0
26.98,319.16,299.91,19.25,0.718,1,1233.5,6,0.484,0.39,3,5,3
1.38,306.17,298.99,7.19,0.485,0,6743.9,0,0.128,0.155,0,1,5
6.86,318.84,301.08,17.76,0.775,1,13512.2,0,0.161,0.13,6,1,2
40.9,346.22,317.03,29.19,0.821,1,34.1,3,0.667,0.207,3,12,1
2.93,309.94,305.47,4.47,0.47,0,3486.0,0,0.068,0.295,0,0,5
43.72,352.1,332.99,19.11,0.807,0,164.1,6,0.403,0.387,2,4,3
3.8,325.62,309.32,16.3,0.87,0,7387.5,0,0.068,0.104,6,1,2
12.89,328.57,287.95,40.62,0.886,1,287.4,1,0.975,0.407,1,9,1
77.35,394.34,368.3,26.03,0.983,1,24496.3,0,0.311,0.868,9,0,4
94.19,313.21,277.01,36.2,0.956,1,24045.0,0,0.395,0.72,10,2,4
60.49,333.75,321.17,12.58,0.766,1,247.9,4,0.839,0.499,3,6,3
4.4,317.92,307.06,10.86,0.764,0,9780.2,0,0.027,0.128,9,2,2
88.41,359.89,328.89,31.0,0.873,1,15331.4,0,0.488,0.74,8,1,4
62.39,372.38,340.22,32.16,0.769,1,16218.7,0,0.348,0.655,12,1,4
3.43,325.09,323.3,1.79,0.224,0,4868.3,8,0.249,0.247,2,0,5
18.66,336.3,320.77,15.52,0.538,0,7702.0,0,0.159,0.381,6,3,2
94.71,335.22,307.89,27.34,0.876,1,18815.5,0,0.14,0.833,11,2,4
27.48,372.01,341.18,30.83,0.828,1,206.6,2,0.97,0.216,2,8,1
3.96,316.37,306.31,10.06,0.552,0,4396.4,0,0.011,0.095,2,1,5
29.18,336.47,299.84,36.63,0.846,1,37.7,2,0.79,0.298,2,10,1
14.11,308.06,288.95,19.11,0.688,1,1836.7,6,0.526,0.541,6,3,3
2.65,308.58,297.76,10.82,0.37,0,5424.8,0,0.244,0.271,2,1,5
43.98,353.52,331.16,22.37,0.869,1,24208.0,0,0.218,0.686,16,2,4
80.73,353.65,328.35,25.3,0.884,1,17.7,3,0.349,0.787,3,1,0
66.98,331.64,314.07,17.57,0.7,0,187.2,7,0.389,0.707,6,0,0
94.02,381.04,358.25,22.79,0.899,1,17344.1,0,0.166,0.816,20,1,4
7.24,325.21,318.84,6.37,0.499,0,1255.0,0,0.126,0.385,1,1,5
6.77,311.95,306.39,5.57,0.473,1,6198.7,0,0.189,0.296,0,1,5
30.97,321.36,314.71,6.64,0.377,1,2325.0,7,0.021,0.337,0,0,5
38.9,364.06,331.22,32.84,0.936,1,65.7,1,0.687,0.344,2,10,1
7.49,316.38,297.11,19.28,0.633,0,14849.0,0,0.07,0.411,10,1,2
25.14,325.13,305.87,19.25,0.818,0,127.6,3,0.302,0.925,4,2,0
2.61,295.21,286.88,8.34,0.254,1,5441.5,0,0.107,0.295,0,0,5
17.59,336.24,325.15,11.09,0.598,0,4675.9,0,0.192,0.406,6,1,2
14.08,360.28,329.19,31.09,0.905,1,42.9,1,0.721,0.35,5,13,1
13.07,315.66,308.47,7.19,0.599,0,2941.3,0,0.152,0.424,11,2,2
13.34,312.82,301.65,11.18,0.502,0,14136.8,0,0.141,0.252,9,3,2
9.57,329.13,313.35,15.78,0.699,0,6235.3,0,0.189,0.13,6,1,2
79.64,380.88,355.5,25.38,0.899,0,7728.1,0,0.194,0.891,18,1,4
31.74,349.97,313.76,36.22,0.822,1,31.8,1,0.655,0.268,2,14,1
14.82,360.03,328.24,31.8,0.814,0,50.3,1,0.781,0.34,4,15,1
18.53,305.46,292.19,13.26,0.751,0,4031.5,0,0.166,0.241,11,1,2
16.42,338.12,314.94,23.18,0.78,1,377.6,6,0.531,0.586,3,4,3
19.23,370.4,333.06,37.33,0.968,1,8.4,1,0.778,0.372,3,10,1
77.99,348.45,313.59,34.85,0.897,0,76.6,5,0.353,0.79,2,0,0
11.52,345.84,296.15,49.69,0.897,1,230.4,1,0.725,0.353,3,14,1
1.27,313.18,304.42,8.75,0.409,1,1603.0,7,0.187,0.298,3,2,5
5.06,310.79,298.34,12.45,0.719,0,8289.9,0,0.103,0.372,11,1,2
7.41,315.51,303.43,12.08,0.679,0,9889.4,0,0.125,0.37,7,1,2
62.83,334.36,303.56,30.8,0.816,1,7542.5,0,0.17,0.804,9,0,4
11.44,336.35,328.67,7.68,0.621,1,1286.9,6,0.65,0.653,3,5,3
4.39,335.26,323.31,11.95,0.838,0,7566.1,0,0.085,0.399,10,0,2
41.03,315.02,286.1,28.92,0.728,0,222.2,1,0.313,0.746,1,0,0
45.95,346.25,320.05,26.21,0.971,0,118.8,7,0.179,0.971,3,0,0
34.52,350.26,321.11,29.15,0.806,1,278.8,1,0.213,0.794,7,3,0
16.2,363.78,326.96,36.82,0.966,1,45.3,1,0.959,0.208,2,13,1
12.42,365.68,335.31,30.37,0.853,0,20.2,3,0.722,0.238,1,9,1
2.76,316.25,306.47,9.79,0.499,0,5465.0,0,0.276,0.31,3,1,5
22.71,311.76,289.33,22.43,0.815,1,248.8,1,0.097,0.771,5,2,0
38.03,351.68,326.57,25.11,0.718,1,267.7,1,0.295,0.767,4,0,0
5.63,307.62,294.45,13.18,0.574,1,14410.2,0,0.021,0.402,6,2,2
2.98,295.01,283.29,11.72,0.421,0,6362.1,7,0.157,0.245,0,1,5
27.49,335.24,311.19,24.05,0.897,0,102.7,3,0.204,0.8,1,4,0
7.93,344.71,331.37,13.34,0.525,0,5299.5,0,0.139,0.271,9,1,2
15.59,320.78,301.66,19.12,0.603,0,1351.1,6,0.487,0.684,3,4,3
26.95,319.98,298.31,21.68,0.768,1,839.7,7,0.843,0.693,6,3,3
58.07,361.14,326.16,34.97,0.813,0,108.5,1,0.756,0.491,1,15,1
9.19,317.34,301.83,15.51,0.858,0,2975.6,0,0.063,0.185,11,1,2
49.74,345.46,316.24,29.22,0.911,1,94.6,3,0.236,0.877,3,3,0
69.32,332.01,320.32,11.69,0.998,1,24413.4,0,0.355,0.881,8,0,4
16.63,344.82,304.53,40.29,0.977,1,33.2,2,0.84,0.277,3,12,1
56.95,340.09,316.89,23.2,0.959,0,0.8,1,0.289,0.924,2,4,0
120.32,394.48,373.52,20.95,0.917,1,3465.4,0,0.217,0.862,9,0,4
7.17,314.41,310.28,4.13,0.406,1,1663.2,7,0.075,0.127,0,0,5
7.16,345.83,306.84,38.99,0.813,1,115.3,1,0.906,0.43,2,10,1
27.87,363.26,340.76,22.5,0.954,1,11.4,2,0.668,0.261,2,10,1
28.5,323.88,304.9,18.98,0.846,0,2982.1,6,0.788,0.541,5,2,3
25.5,317.03,307.64,9.38,0.782,1,198.1,6,0.474,0.413,10,4,3
5.21,339.48,322.56,16.92,0.578,0,2432.8,0,0.046,0.349,5,1,2
85.51,335.95,297.59,38.36,0.851,1,15877.3,0,0.451,0.79,13,1,4
35.85,354.74,323.34,31.4,0.821,1,15.9,1,0.893,0.463,2,16,1
32.45,365.78,357.53,8.25,0.634,1,158.0,7,0.564,0.442,2,3,3
1.62,321.89,314.74,7.16,0.565,1,7370.4,0,0.233,0.206,1,0,5
20.02,353.17,317.81,35.37,0.848,1,18.8,2,0.822,0.459,3,10,1
9.93,296.65,284.95,11.7,0.638,0,6297.5,0,0.234,0.196,7,2,2
15.48,317.94,305.36,12.58,0.821,0,5946.9,0,0.179,0.389,6,1,2
62.22,356.18,331.76,24.42,0.752,0,50.9,1,0.273,0.752,1,0,0
53.77,353.21,325.45,27.76,0.782,1,1.0,2,0.186,0.79,5,1,0
35.93,315.9,306.91,8.99,0.705,0,9283.2,0,0.178,0.327,9,1,2
7.53,312.32,298.72,13.6,0.895,1,7033.5,0,0.213,0.335,9,1,2
11.32,310.14,291.72,18.42,0.842,1,11387.5,0,0.112,0.304,5,0,2
2.68,320.47,310.43,10.04,0.461,1,3325.7,7,0.15,0.312,1,0,5
103.72,359.59,336.17,23.42,0.751,0,3907.2,0,0.4,0.732,12,2,4
11.45,305.25,297.57,7.68,0.664,1,585.2,6,0.84,0.478,1,3,3
6.73,313.53,302.41,11.12,0.708,1,6185.5,0,0.027,0.227,11,2,2
26.26,351.81,319.43,32.39,0.888,1,13.3,1,0.612,0.29,4,11,1
27.11,307.35,271.24,36.11,0.943,0,386.5,2,0.294,0.945,6,0,0
57.93,354.72,327.39,27.33,0.838,1,64.8,3,0.616,0.481,1,12,1
18.15,359.7,315.91,43.78,0.972,1,177.3,1,0.791,0.207,4,9,1
122.51,376.32,349.51,26.81,0.814,0,22443.3,0,0.24,0.85,14,0,4
41.48,343.39,318.62,24.77,0.877,0,655.6,2,0.16,0.899,4,0,0
29.55,316.34,303.6,12.73,0.685,0,7743.4,0,0.126,0.283,5,0,2
35.7,368.69,336.42,32.27,0.714,0,75.7,5,0.437,0.829,5,2,0
97.32,355.49,324.6,30.88,0.877,1,18632.7,0,0.304,0.796,15,2,4
7.74,314.69,299.18,15.51,0.706,0,12609.0,0,0.155,0.233,8,1,2
10.8,312.87,283.97,28.9,0.762,0,716.9,4,0.829,0.642,3,5,3
14.27,341.79,321.63,20.16,0.907,0,693.9,7,0.806,0.608,6,5,3
123.23,385.57,365.57,19.99,0.808,1,24263.5,0,0.482,0.799,13,2,4
8.22,323.69,308.07,15.62,0.827,0,13610.0,0,0.151,0.278,7,1,2
124.09,384.02,345.7,38.32,0.93,1,11393.8,0,0.335,0.732,13,1,4
84.59,350.93,315.03,35.9,0.805,0,18412.4,0,0.157,0.667,11,0,4
1.81,312.72,301.47,11.25,0.566,0,4953.8,8,0.081,0.081,1,0,5
28.23,345.89,333.19,12.7,0.696,0,424.9,4,0.773,0.447,5,4,3
6.42,338.66,327.12,11.54,0.896,0,13590.4,0,0.231,0.243,7,1,2
5.2,331.44,324.51,6.94,0.856,0,5089.4,0,0.137,0.327,9,1,2
1.27,314.81,306.15,8.65,0.416,1,5785.5,0,0.217,0.106,1,0,5
8.75,343.94,321.4,22.53,0.813,0,3658.1,0,0.071,0.29,6,1,2
92.67,367.39,327.57,39.82,0.762,1,13362.6,0,0.244,0.698,11,2,4
13.52,306.24,298.05,8.19,0.646,0,10542.7,0,0.141,0.371,6,1,2
17.87,363.08,328.96,34.12,0.948,0,14.4,1,0.974,0.41,5,14,1
59.77,350.99,333.99,17.0,0.978,0,636.4,7,0.404,0.76,5,1,0
10.18,307.69,297.04,10.65,0.737,0,4544.6,0,0.042,0.253,9,1,2
14.77,321.3,305.12,16.18,0.862,0,13622.7,0,0.238,0.41,5,2,2
92.69,344.3,312.76,31.54,0.911,1,443.5,2,0.23,0.756,2,1,0
84.85,336.73,310.96,25.77,0.88,1,24526.3,0,0.442,0.663,13,2,4
15.61,323.87,311.97,11.9,0.769,1,1424.1,6,0.702,0.373,3,6,3
51.08,356.94,336.29,20.65,0.776,1,19.5,1,0.442,0.889,5,2,0
16.29,339.59,329.03,10.56,0.858,0,8404.5,0,0.064,0.124,6,2,2
10.07,328.0,314.51,13.49,0.66,0,191.4,7,0.631,0.389,4,1,3
66.69,357.19,338.67,18.52,0.941,1,243.1,3,0.192,0.926,4,1,0
10.68,373.8,323.93,49.87,0.862,0,58.9,1,0.85,0.402,4,10,1
34.72,367.85,341.57,26.28,0.889,1,164.3,2,0.433,0.852,4,0,0
32.38,339.63,317.99,21.64,0.825,0,264.1,6,0.608,0.445,3,5,3
11.75,320.67,316.36,4.31,0.551,0,3072.7,0,0.255,0.357,3,1,5
29.83,336.9,301.55,35.35,0.93,1,54.6,1,0.611,0.329,2,15,1
15.68,365.82,334.16,31.66,0.834,0,25.2,2,0.631,0.394,1,9,1
89.57,369.91,346.15,23.77,0.914,1,24818.2,0,0.277,0.719,13,0,4
10.96,319.7,295.89,23.81,0.77,0,9214.1,0,0.045,0.193,4,0,2
27.81,347.61,309.85,37.75,0.959,0,91.2,1,0.939,0.274,3,13,1
13.23,338.35,328.14,10.21,0.825,1,211.3,6,0.484,0.525,3,4,3
56.27,371.94,349.89,22.05,0.717,1,330.3,1,0.07,0.86,4,0,0
92.23,401.34,364.72,36.62,0.914,1,24735.3,0,0.352,0.831,10,1,4
23.54,376.16,356.76,19.4,0.905,1,11.2,2,0.841,0.469,1,10,1
8.38,314.71,302.07,12.64,0.593,0,2828.5,0,0.245,0.121,9,1,2
10.95,330.58,318.32,12.26,0.842,0,5184.6,0,0.065,0.329,6,3,2
2.54,321.4,307.12,14.28,0.387,0,4913.7,7,0.146,0.15,0,0,5
12.1,342.74,327.89,14.85,0.654,0,8223.3,0,0.195,0.106,4,1,2
19.16,345.2,312.25,32.95,0.832,0,56.1,2,0.678,0.346,3,10,1
19.14,302.55,291.96,10.59,0.825,0,4069.2,6,0.48,0.379,6,6,3
3.94,317.18,303.02,14.16,0.211,0,2023.0,0,0.267,0.256,0,2,5
4.41,316.18,311.14,5.03,0.245,1,2877.9,0,0.247,0.205,0,0,5
12.4,314.13,295.93,18.19,0.785,1,252.3,6,0.586,0.493,6,6,3
69.96,370.73,340.81,29.92,0.809,1,8926.3,0,0.357,0.95,13,0,4
14.46,370.77,347.67,23.11,0.826,1,27.4,2,0.617,0.325,5,18,1
4.47,326.89,318.86,8.03,0.539,1,7496.9,0,0.254,0.116,0,1,5
5.91,311.71,299.59,12.12,0.534,0,1698.9,0,0.087,0.347,5,6,2
18.89,292.65,272.63,20.02,0.821,0,1023.2,7,0.483,0.646,3,2,3
66.43,376.44,350.68,25.75,0.815,0,18894.1,0,0.384,0.804,14,0,4
81.99,373.82,353.97,19.84,0.999,1,19606.1,0,0.113,0.719,9,0,4
8.92,302.63,297.58,5.05,0.499,1,1319.4,0,0.196,0.314,1,2,5
97.03,330.76,305.56,25.2,0.888,0,293.1,5,0.442,0.841,3,1,0
6.57,304.51,296.08,8.43,0.56,0,3432.0,0,0.266,0.331,3,0,5
2.69,323.27,314.29,8.97,0.436,0,5571.9,7,0.237,0.357,3,0,5
15.14,312.02,299.89,12.13,0.736,0,14039.5,0,0.236,0.341,6,2,2
20.09,338.42,330.33,8.08,0.622,0,8928.8,0,0.086,0.387,7,1,2
55.5,360.06,332.85,27.2,0.901,1,9648.3,0,0.353,0.689,11,1,4
5.58,310.09,299.39,10.7,0.594,0,4982.4,0,0.241,0.371,0,0,5
43.93,337.97,313.4,24.57,0.85,0,4.2,3,0.851,0.472,1,10,1
19.58,322.9,307.74,15.16,0.73,0,397.6,7,0.516,0.609,3,5,3
4.85,313.1,308.85,4.25,0.404,1,2332.3,0,0.237,0.397,1,1,5
7.0,318.69,310.27,8.42,0.577,0,1799.6,7,0.078,0.254,2,1,5
11.87,338.88,323.26,15.62,0.624,0,8706.4,0,0.237,0.245,9,2,2
6.81,305.4,295.9,9.5,0.328,1,560.6,0,0.25,0.345,1,2,5
35.48,347.69,304.92,42.77,0.822,1,172.5,2,0.946,0.371,1,8,1
40.86,336.96,314.8,22.16,0.877,1,30.1,3,0.364,0.766,5,1,0
54.34,361.96,328.36,33.6,0.993,1,37.5,1,0.711,0.232,1,9,1
23.5,369.64,319.6,50.04,0.894,0,38.1,1,0.767,0.427,2,11,1
14.32,339.9,323.49,16.42,0.636,0,177.5,6,0.447,0.462,3,4,3
5.92,314.58,302.07,12.51,0.778,0,12394.6,0,0.1,0.11,13,0,2
22.32,330.85,313.01,17.84,0.88,1,268.4,6,0.475,0.419,6,7,3
4.25,318.32,313.38,4.93,0.461,1,4443.1,0,0.252,0.083,2,0,5
29.38,366.53,337.57,28.97,0.987,1,259.1,2,0.711,0.229,2,14,1
70.18,360.9,331.82,29.08,0.986,0,17748.8,0,0.406,0.883,10,2,4
17.19,340.17,331.1,9.07,0.643,0,5899.3,0,0.176,0.437,8,1,2
9.82,314.76,306.94,7.82,0.688,0,8902.9,0,0.22,0.415,9,1,2
23.25,305.46,287.31,18.15,0.826,0,1725.3,6,0.704,0.647,6,6,3
4.92,311.23,299.94,11.29,0.816,0,10834.2,0,0.152,0.413,8,3,2
21.16,346.72,307.21,39.51,0.919,1,39.0,3,0.633,0.529,2,10,1
26.56,343.89,319.65,24.24,0.905,1,176.3,1,0.683,0.524,2,10,1
8.66,327.19,317.76,9.44,0.722,0,11762.7,0,0.13,0.298,7,1,2
84.68,308.64,286.26,22.38,0.947,1,64.3,1,0.194,0.874,5,1,0
47.63,349.95,338.09,11.86,0.931,1,82.8,1,0.618,0.521,1,10,1
9.21,310.13,300.92,9.21,0.659,0,4795.5,0,0.154,0.295,9,0,2
18.82,307.68,282.52,25.16,0.765,1,551.9,6,0.673,0.661,2,3,3
3.83,292.57,284.04,8.53,0.241,1,3891.4,0,0.292,0.367,0,0,5
7.39,315.44,312.92,2.52,0.427,1,7571.8,0,0.281,0.342,0,1,5
86.68,349.88,321.13,28.75,0.788,0,23047.0,0,0.183,0.69,12,1,4
22.57,337.17,321.8,15.37,0.543,0,12433.5,0,0.151,0.116,8,2,2
36.78,320.77,308.59,12.18,0.639,0,598.9,7,0.585,0.403,6,5,3
4.6,327.54,309.99,17.54,0.721,0,12736.1,0,0.036,0.203,9,1,2
102.12,340.02,300.28,39.73,0.949,0,4554.8,0,0.135,0.861,15,0,4
11.15,304.49,297.56,6.93,0.551,1,1513.5,8,0.192,0.33,1,1,5
14.7,335.44,303.37,32.08,0.928,1,10.0,2,0.774,0.395,4,16,1
10.44,332.65,327.52,5.13,0.829,0,7735.0,0,0.152,0.225,7,2,2
78.29,375.28,350.86,24.42,0.962,0,8074.7,0,0.149,0.892,9,0,4
7.24,303.75,289.69,14.06,0.292,0,2145.4,0,0.258,0.192,0,2,5
19.15,341.98,308.92,33.07,0.816,1,76.0,1,0.905,0.254,3,12,1
24.72,331.05,294.98,36.07,0.909,1,0.1,1,0.831,0.471,1,15,1
12.6,300.04,289.48,10.56,0.251,0,6581.9,7,0.167,0.108,0,1,5
86.66,356.13,326.56,29.56,0.93,1,5618.7,0,0.138,0.897,14,0,4
56.16,340.61,310.86,29.76,0.886,0,7925.1,0,0.181,0.832,14,0,4
80.7,370.45,344.43,26.02,0.946,0,233.9,1,0.09,0.799,2,1,0
11.84,338.37,326.39,11.97,0.745,1,8552.3,0,0.2,0.245,9,0,2
68.42,422.8,390.67,32.13,0.942,0,15092.5,0,0.293,0.765,13,2,4
14.88,338.17,314.97,23.2,0.715,1,1423.1,6,0.566,0.458,7,3,3
93.68,340.41,317.1,23.3,0.907,0,11468.2,0,0.274,0.831,14,0,4
70.27,368.59,339.69,28.9,0.826,1,91.2,1,0.444,0.815,3,0,0
26.63,310.19,304.52,5.67,0.841,1,13847.1,0,0.238,0.275,9,2,2
9.93,316.21,306.28,9.93,0.701,0,6188.4,0,0.067,0.253,9,3,2
2.69,317.03,312.32,4.71,0.431,0,4085.4,0,0.127,0.135,2,1,5
20.3,319.37,306.61,12.76,0.702,0,13880.8,0,0.099,0.186,10,0,2
71.64,367.48,344.45,23.02,0.909,1,3.4,7,0.388,0.773,3,1,0
10.18,352.75,312.39,40.36,0.935,1,275.2,1,0.973,0.54,3,10,1
53.41,354.18,328.57,25.6,0.745,0,26.5,3,0.114,0.897,3,1,0
35.42,341.6,315.63,25.96,0.993,1,496.8,2,0.148,0.863,3,1,0
12.27,311.52,305.61,5.91,0.407,0,6262.8,0,0.187,0.097,1,0,5
115.01,365.47,330.41,35.06,0.977,1,3479.6,0,0.445,0.739,12,0,4
17.64,316.22,309.24,6.98,0.728,0,1716.0,6,0.594,0.367,4,4,3
3.35,318.2,307.2,11.0,0.836,1,12368.2,0,0.141,0.297,8,3,2
6.37,316.07,311.22,4.85,0.699,0,12074.9,0,0.164,0.352,5,1,2
22.63,330.68,318.56,12.12,0.824,0,9082.8,0,0.215,0.289,14,5,2
12.83,342.0,304.36,37.64,0.847,1,2.1,1,0.853,0.284,3,9,1
14.03,325.88,317.27,8.61,0.741,0,10324.6,0,0.071,0.275,7,1,2
2.98,325.1,315.53,9.56,0.694,0,12538.3,0,0.129,0.318,9,2,2
8.67,310.42,302.42,8.0,0.628,1,9413.7,0,0.212,0.254,7,0,2
34.27,359.86,333.13,26.72,0.974,1,34.9,5,0.161,0.958,3,3,0
5.89,326.54,320.24,6.3,0.289,0,4829.7,7,0.137,0.326,1,0,5
81.95,394.13,359.13,35.0,0.882,0,17910.8,0,0.289,0.885,9,3,4
41.08,348.64,331.11,17.53,0.993,0,120.3,2,0.306,0.736,4,2,0
72.06,359.51,330.92,28.6,0.935,1,104.3,7,0.278,0.757,4,0,0
24.37,360.46,318.81,41.64,0.884,1,7.5,2,0.646,0.344,2,18,1
35.63,336.3,323.44,12.86,0.727,0,1902.8,6,0.402,0.484,4,3,3
48.96,312.97,291.17,21.8,0.837,0,288.5,1,0.34,0.719,6,1,0
30.46,357.62,321.97,35.65,0.95,1,120.6,1,0.832,0.488,1,10,1
138.08,354.81,328.67,26.14,0.941,1,21821.8,0,0.223,0.655,12,0,4
79.8,369.21,340.64,28.57,0.866,1,4889.9,0,0.427,0.683,16,3,4
21.71,322.04,310.57,11.47,0.883,0,7960.4,0,0.217,0.165,8,0,2
11.86,309.1,293.49,15.61,0.756,0,10791.3,0,0.211,0.152,3,0,2
31.02,309.41,286.41,23.0,0.663,0,2692.6,7,0.71,0.515,5,4,3
47.46,361.57,336.59,24.99,0.754,1,302.8,3,0.365,0.898,4,0,0
12.75,320.3,308.29,12.0,0.653,0,13310.2,0,0.162,0.154,9,1,2
41.44,361.63,327.62,34.02,0.893,0,42.0,3,0.374,0.739,3,2,0
37.39,343.49,324.91,18.59,0.765,1,1048.5,6,0.815,0.657,5,5,3
46.01,336.79,319.05,17.74,0.977,1,236.8,3,0.13,0.759,3,2,0
25.67,358.49,322.14,36.35,0.92,0,60.6,1,0.884,0.222,1,14,1
9.62,313.33,300.05,13.28,0.688,0,7138.4,0,0.201,0.163,8,3,2
28.77,383.2,350.48,32.71,0.958,1,145.5,1,0.855,0.284,2,17,1
9.7,306.47,292.43,14.04,0.722,0,9028.1,0,0.159,0.187,9,2,2
6.98,318.97,303.98,15.0,0.728,0,7929.5,0,0.163,0.433,11,2,2
132.33,389.68,356.35,33.33,0.908,0,8885.7,0,0.211,0.713,12,0,4
6.06,312.23,298.53,13.7,0.767,1,7852.2,0,0.066,0.395,10,2,2
22.91,326.28,303.68,22.61,0.525,1,13200.2,0,0.085,0.408,9,3,2
14.93,345.41,333.97,11.45,0.609,0,11999.0,0,0.078,0.237,9,1,2
6.6,310.62,309.88,0.74,0.299,0,7746.9,0,0.11,0.337,1,0,5
26.68,312.38,296.85,15.53,0.677,0,12750.4,0,0.203,0.194,10,3,2
3.71,305.59,292.21,13.37,0.789,0,9794.6,0,0.223,0.271,9,2,2
36.18,340.42,311.0,29.42,0.719,1,24.0,3,0.307,0.945,3,3,0
7.66,333.91,326.25,7.66,0.516,0,7534.1,0,0.224,0.41,7,2,2
32.03,357.82,331.62,26.2,0.901,0,154.4,1,0.752,0.453,1,12,1
24.87,406.62,370.17,36.46,0.807,1,23.0,1,0.75,0.345,3,10,1
21.11,349.04,313.25,35.79,0.932,1,0.8,1,0.91,0.429,2,13,1
13.98,325.19,313.95,11.24,0.802,0,7896.3,0,0.218,0.329,13,1,2
4.21,300.19,294.19,5.99,0.576,1,4447.5,0,0.285,0.187,1,1,5
134.62,380.1,338.66,41.45,0.801,0,6569.7,0,0.498,0.804,12,0,4
11.27,316.11,305.06,11.06,0.726,0,13816.8,0,0.148,0.211,8,1,2
32.11,323.92,307.18,16.75,0.823,0,12473.3,0,0.126,0.122,10,2,2
5.89,296.89,291.6,5.3,0.585,0,7535.6,0,0.173,0.079,3,0,5
2.65,321.82,312.17,9.65,0.399,1,3283.9,0,0.182,0.29,1,1,5
23.21,333.84,314.0,19.84,0.769,1,1028.6,6,0.486,0.448,4,2,3
88.72,397.2,353.74,43.45,0.793,0,14864.0,0,0.234,0.697,10,0,4
26.48,313.28,297.33,15.95,0.715,0,697.7,4,0.623,0.477,5,5,3
45.05,342.43,310.78,31.64,0.867,0,174.6,2,0.108,0.893,2,3,0
23.35,344.97,308.15,36.82,0.857,0,20.4,3,0.856,0.215,1,14,1
34.18,340.17,307.07,33.09,0.97,1,41.3,1,0.748,0.485,1,15,1
7.04,310.27,301.82,8.45,0.596,0,7347.9,0,0.231,0.109,10,0,2
22.69,364.2,331.18,33.02,0.831,0,79.0,1,0.956,0.204,3,11,1
58.59,332.28,312.72,19.56,0.904,0,1771.6,6,0.468,0.608,10,3,3
56.74,380.37,355.15,25.21,0.712,1,177.9,1,0.399,0.958,1,0,0
87.66,353.25,334.8,18.45,0.871,0,11287.9,0,0.465,0.707,11,1,4
56.86,333.31,306.04,27.27,0.836,1,341.0,2,0.199,0.838,4,1,0
36.14,368.37,328.05,40.33,0.808,1,6.3,1,0.644,0.368,2,10,1
11.59,321.2,311.52,9.68,0.695,0,8342.5,0,0.073,0.417,13,0,2
82.72,341.9,307.42,34.48,0.78,0,7067.9,0,0.374,0.796,10,3,4
6.85,318.63,303.37,15.26,0.888,0,9361.2,0,0.127,0.291,11,4,2
56.43,324.45,300.23,24.22,0.865,1,41.9,1,0.16,0.899,6,0,0
21.02,337.35,320.13,17.22,0.765,1,708.0,7,0.481,0.661,5,4,3
6.82,315.76,301.3,14.45,0.549,1,12255.9,0,0.205,0.348,6,3,2
18.26,326.63,318.4,8.23,0.551,1,10174.2,0,0.208,0.286,5,0,2
10.68,343.64,288.37,55.27,0.917,1,223.4,2,0.88,0.228,5,11,1
23.06,353.16,308.57,44.58,0.865,1,112.4,1,0.869,0.445,1,15,1
13.33,304.7,287.87,16.83,0.897,0,7592.0,0,0.079,0.111,10,2,2
6.64,300.96,295.69,5.28,0.384,1,3424.9,0,0.18,0.392,0,1,5
26.13,366.63,317.19,49.44,0.996,0,313.9,1,0.844,0.507,2,9,1
29.08,325.7,306.7,18.99,0.668,0,2660.9,7,0.727,0.555,3,6,3
8.11,312.69,294.98,17.71,0.751,1,1352.6,6,0.598,0.528,7,5,3
31.4,342.68,308.95,33.73,0.949,1,36.2,1,0.616,0.335,2,17,1
80.27,355.44,328.36,27.08,0.86,1,5530.7,0,0.291,0.893,8,1,4
132.52,377.77,345.24,32.53,0.852,1,13758.8,0,0.151,0.804,17,1,4
8.01,344.75,333.79,10.96,0.649,0,8894.2,0,0.027,0.219,9,2,2
64.49,362.08,338.73,23.34,0.79,0,83.8,1,0.246,0.814,2,0,0
82.18,366.94,331.47,35.46,0.83,1,16647.0,0,0.216,0.724,8,0,4
18.51,346.92,331.77,15.15,0.67,1,782.1,6,0.777,0.587,2,9,3
4.19,343.17,331.98,11.2,0.617,0,6726.5,0,0.198,0.268,6,0,2
3.23,298.51,294.09,4.42,0.306,1,4064.1,0,0.042,0.134,1,0,5
82.7,361.14,341.14,20.01,0.811,0,97.7,3,0.078,0.722,5,1,0
18.07,321.73,304.93,16.8,0.651,1,3036.3,0,0.157,0.377,4,2,2
11.35,319.22,308.27,10.95,0.835,0,9488.7,0,0.08,0.147,11,1,2
1.39,304.52,292.83,11.69,0.594,1,2837.5,0,0.22,0.217,1,0,5
70.66,354.79,326.92,27.87,0.828,1,16447.5,0,0.373,0.797,14,1,4
29.09,336.67,313.51,23.16,0.86,1,240.2,1,0.21,0.842,6,1,0
16.81,336.16,318.49,17.68,0.6,0,1107.2,6,0.498,0.649,4,3,3
10.16,315.78,305.14,10.64,0.833,0,12349.0,0,0.087,0.269,9,1,2
4.06,302.88,294.19,8.7,0.411,0,4689.8,0,0.244,0.241,0,0,5
12.06,306.11,297.46,8.65,0.731,0,13049.4,0,0.114,0.245,10,2,2
18.4,345.44,324.19,21.25,0.872,0,192.8,6,0.8,0.468,3,5,3
94.07,355.12,331.37,23.75,0.913,1,350.1,2,0.086,0.823,2,1,0
71.26,345.18,321.4,23.79,0.876,1,154.2,2,0.307,0.828,6,0,0
75.57,349.52,324.47,25.05,0.716,1,17.3,1,0.203,0.744,7,0,0
5.5,316.93,301.22,15.71,0.603,0,4442.4,0,0.086,0.226,6,1,2
16.01,348.27,319.38,28.89,0.929,1,104.8,2,0.68,0.288,4,9,1
12.25,382.63,333.44,49.19,0.973,1,27.3,1,0.872,0.251,2,10,1
21.4,312.32,291.61,20.71,0.768,1,549.5,6,0.541,0.408,3,9,3
22.21,327.79,294.71,33.08,0.862,0,201.2,3,0.631,0.254,2,12,1
2.73,311.45,301.81,9.63,0.384,1,7172.4,7,0.176,0.065,3,2,5
24.34,326.41,299.19,27.23,0.982,0,12.4,3,0.28,0.936,3,0,0
17.08,328.49,318.0,10.49,0.827,0,9509.2,0,0.217,0.339,4,1,2
20.41,308.54,294.32,14.21,0.502,0,3781.1,0,0.037,0.358,10,1,2
8.73,320.18,302.53,17.65,0.536,0,2989.1,0,0.169,0.138,7,2,2
21.15,306.47,297.98,8.49,0.847,0,2660.9,0,0.179,0.363,11,1,2
2.29,331.28,321.71,9.57,0.68,1,5455.2,0,0.139,0.146,7,1,2
35.4,332.99,322.8,10.18,0.792,1,160.1,6,0.589,0.557,4,2,3
33.65,319.08,286.93,32.14,0.805,1,409.3,5,0.362,0.88,2,2,0
10.0,335.03,319.84,15.19,0.619,0,10573.4,0,0.224,0.107,6,1,2
42.92,333.05,303.4,29.65,0.956,0,389.4,2,0.21,0.813,3,1,0
10.21,333.11,306.81,26.3,0.973,1,676.8,2,0.923,0.235,2,11,1
43.1,354.84,316.4,38.45,0.945,1,141.8,1,0.682,0.516,3,14,1
8.66,302.72,293.01,9.71,0.816,0,8898.9,0,0.102,0.249,11,2,2
3.42,337.49,319.81,17.67,0.606,0,7842.1,0,0.141,0.216,8,0,2
25.13,363.06,330.47,32.59,0.721,0,493.1,5,0.164,0.744,5,0,0
16.29,307.71,297.42,10.29,0.576,0,8844.6,0,0.025,0.122,5,0,2
9.88,320.95,307.18,13.77,0.605,0,12448.9,0,0.224,0.338,10,1,2
80.41,358.82,326.8,32.01,0.981,0,38.4,1,0.397,0.922,2,0,0
10.33,316.97,303.52,13.45,0.672,0,2143.7,0,0.167,0.134,7,2,2
4.31,309.32,293.6,15.72,0.738,0,8616.0,0,0.157,0.448,12,2,2
7.7,339.18,328.91,10.27,0.543,0,7236.5,0,0.25,0.237,5,2,2
29.42,328.08,317.71,10.38,0.624,0,672.1,7,0.625,0.507,4,4,3
72.67,332.26,304.44,27.82,0.901,0,115.6,3,0.061,0.704,2,1,0
9.74,331.24,324.95,6.29,0.643,0,12789.4,0,0.181,0.239,11,2,2
18.01,368.5,334.28,34.22,1.0,0,353.8,2,0.969,0.263,1,9,1
6.47,306.32,292.83,13.49,0.754,0,5062.0,0,0.19,0.312,10,0,2
4.88,324.66,305.86,18.8,0.638,0,12802.4,0,0.231,0.319,7,0,2
42.3,341.75,321.03,20.71,0.901,1,87.1,1,0.148,0.728,3,1,0
88.84,376.11,338.54,37.57,0.881,1,7882.8,0,0.138,0.946,13,0,4
88.18,387.21,364.65,22.56,0.863,1,3521.5,0,0.212,0.741,12,0,4
9.99,313.14,303.27,9.86,0.523,1,12682.2,0,0.195,0.268,6,5,2
3.23,315.56,304.47,11.09,0.261,1,3129.6,0,0.117,0.353,0,0,5
88.95,371.13,348.51,22.63,0.979,0,24554.5,0,0.494,0.663,13,1,4
4.85,314.28,296.85,17.43,0.686,1,9463.9,0,0.172,0.107,12,0,2
24.19,349.94,318.2,31.74,0.821,1,96.5,3,0.901,0.333,4,14,1
96.44,387.51,354.76,32.75,0.969,1,13167.8,0,0.496,0.708,12,3,4
45.19,349.01,332.87,16.14,0.739,1,147.1,5,0.382,0.779,2,2,0
57.7,357.07,338.9,18.17,0.83,0,115.0,2,0.392,0.905,1,0,0
19.18,347.49,336.62,10.87,0.519,0,14085.9,0,0.071,0.366,8,4,2
8.13,308.19,297.83,10.36,0.261,0,921.4,0,0.285,0.377,1,1,5
14.98,308.49,301.3,7.19,0.289,0,3401.1,0,0.15,0.363,1,1,5
32.77,340.96,309.51,31.45,0.975,1,91.6,3,0.079,0.725,6,4,0
34.12,330.63,316.5,14.13,0.863,0,280.8,1,0.223,0.807,6,0,0
35.16,314.85,296.08,18.77,0.74,0,202.5,6,0.622,0.372,7,5,3
38.61,319.02,307.32,11.7,0.893,0,2488.8,0,0.152,0.388,8,1,2
22.13,352.74,321.03,31.71,0.956,1,86.5,1,0.637,0.367,2,12,1
30.23,344.69,309.59,35.1,0.93,0,41.4,2,0.798,0.212,2,14,1
19.14,334.13,323.8,10.33,0.673,0,2137.2,0,0.184,0.22,11,0,2
14.73,334.74,315.75,18.99,0.611,0,8570.7,0,0.227,0.336,8,2,2
94.47,343.74,315.23,28.51,0.981,1,3948.6,0,0.268,0.776,7,0,4
67.3,345.71,327.07,18.64,0.996,0,230.6,2,0.311,0.757,4,2,0
103.98,353.09,320.33,32.76,0.785,0,3600.2,0,0.12,0.866,11,0,4
9.85,341.22,320.32,20.9,0.509,0,4772.5,0,0.077,0.184,7,4,2
2.5,322.15,317.78,4.36,0.546,0,4347.2,8,0.145,0.102,1,0,5
47.73,376.19,331.55,44.64,0.88,1,16301.8,0,0.334,0.839,16,2,4
20.34,296.63,284.01,12.62,0.656,0,1948.4,0,0.056,0.105,7,0,2
152.0,366.31,330.67,35.63,0.779,1,19868.4,0,0.249,0.773,12,0,4
7.18,301.69,284.27,17.42,0.503,0,11166.8,0,0.223,0.372,8,3,2
87.52,346.46,315.05,31.41,0.866,0,4500.7,0,0.241,0.84,11,0,4
34.83,361.85,338.34,23.51,0.934,0,187.5,7,0.322,0.927,2,3,0
7.49,306.19,293.49,12.7,0.828,0,2338.0,0,0.116,0.428,5,1,2
83.23,337.5,320.47,17.03,0.753,0,24748.8,0,0.144,0.721,11,2,4
18.07,333.15,317.41,15.74,0.806,0,14920.7,0,0.037,0.327,9,1,2
4.7,311.9,305.23,6.67,0.571,0,12894.1,0,0.077,0.297,5,2,2
20.71,343.13,315.5,27.63,0.9,1,77.0,1,0.688,0.247,3,13,1
2.52,320.96,312.78,8.18,0.497,0,6692.3,8,0.044,0.238,1,0,5
63.83,325.13,295.41,29.72,0.882,1,789.5,3,0.405,0.756,3,0,0
3.36,308.55,300.31,8.24,0.378,1,7251.6,7,0.045,0.225,1,0,5
27.65,337.52,322.94,14.58,0.621,1,970.4,6,0.747,0.555,6,7,3
78.59,381.61,347.26,34.35,0.9,0,16408.2,0,0.12,0.776,11,0,4
10.57,328.2,318.98,9.22,0.535,0,3960.8,0,0.03,0.27,7,2,2
18.89,315.71,306.85,8.87,0.636,0,8443.4,0,0.047,0.126,6,0,2
84.7,343.99,321.65,22.34,0.773,0,19125.3,0,0.303,0.67,10,1,4
66.85,366.76,335.19,31.57,0.714,0,95.5,1,0.144,0.714,3,0,0
147.2,360.54,333.29,27.25,0.931,0,6663.3,0,0.362,0.811,12,2,4
5.78,317.53,314.06,3.47,0.255,1,3701.9,0,0.247,0.378,0,0,5
56.12,361.45,323.82,37.63,0.8,0,17527.6,0,0.117,0.722,15,0,4
3.5,299.53,290.93,8.6,0.293,1,736.1,0,0.038,0.249,0,1,5
11.88,305.03,290.96,14.07,0.849,0,14337.8,0,0.055,0.337,7,4,2
15.1,303.89,300.15,3.74,0.839,0,5581.9,0,0.05,0.336,5,0,2
13.76,369.72,340.17,29.56,0.823,1,115.4,1,0.731,0.264,2,12,1
16.49,319.69,305.84,13.86,0.853,1,351.7,6,0.562,0.361,3,3,3
8.34,299.68,286.62,13.06,0.633,1,5973.5,0,0.2,0.401,7,2,2
110.25,338.54,309.9,28.64,0.705,1,121.7,1,0.448,0.951,3,2,0
9.21,318.35,309.12,9.24,0.55,0,1713.1,0,0.23,0.379,11,0,2
17.91,365.88,328.64,37.24,0.921,1,155.9,2,0.95,0.405,3,9,1
115.15,371.91,332.55,39.36,0.862,1,20985.6,0,0.453,0.867,11,1,4
46.13,326.26,307.88,18.38,0.697,0,147.1,6,0.633,0.691,4,4,3
32.09,364.57,338.59,25.98,0.989,1,12.0,1,0.852,0.367,2,11,1
128.39,373.42,345.38,28.04,0.723,1,654.2,3,0.242,0.908,6,0,0
47.9,340.2,311.72,28.48,0.724,1,37.4,5,0.378,0.851,5,1,0
48.04,317.63,288.27,29.36,0.874,1,58.6,3,0.283,0.973,5,2,0
89.54,362.88,341.37,21.5,0.945,1,24138.3,0,0.322,0.744,14,0,4
15.13,322.27,308.18,14.09,0.659,0,9174.7,0,0.116,0.151,9,0,2
38.02,350.92,328.74,22.17,0.928,1,83.6,5,0.126,0.926,3,0,0
14.17,319.79,305.94,13.85,0.885,0,1982.3,0,0.241,0.345,7,2,2
70.93,362.09,346.17,15.92,0.951,0,20183.8,0,0.222,0.816,11,1,4
25.36,319.96,305.65,14.31,0.88,1,1129.2,7,0.778,0.58,4,3,3
7.62,315.59,300.38,15.21,0.548,0,3561.4,0,0.108,0.374,4,1,2
4.77,313.2,307.11,6.09,0.241,0,6324.5,0,0.131,0.303,1,0,5
14.79,318.2,290.11,28.09,0.848,0,194.3,7,0.748,0.681,3,4,3
63.45,356.09,327.92,28.16,0.896,1,11355.9,0,0.186,0.934,10,0,4
13.94,327.23,312.04,15.2,0.775,0,13133.3,0,0.208,0.143,9,0,2
64.23,375.57,338.02,37.55,0.809,0,5465.8,0,0.119,0.713,14,0,4
42.24,341.51,317.01,24.51,0.955,0,74.7,5,0.22,0.921,5,3,0
7.85,299.69,288.05,11.64,0.558,0,1656.1,0,0.094,0.281,8,1,2
3.41,315.58,304.18,11.4,0.242,0,6880.9,0,0.097,0.206,1,0,5
8.8,306.78,294.8,11.98,0.529,0,9585.9,0,0.161,0.284,6,1,2
100.01,381.19,362.96,18.22,0.926,0,4352.7,0,0.11,0.91,11,1,4
13.48,349.65,330.74,18.91,0.905,0,1353.9,4,0.633,0.477,4,7,3
55.68,373.16,344.13,29.02,0.988,0,4.6,3,0.166,0.821,2,1,0
10.01,339.52,300.62,38.9,0.941,1,51.7,1,0.916,0.383,3,13,1
6.65,317.36,302.22,15.14,0.767,0,6509.3,0,0.23,0.359,8,2,2
50.88,381.9,356.89,25.0,0.772,1,256.9,1,0.214,0.759,7,2,0
7.52,320.51,301.27,19.24,0.67,0,9089.4,0,0.165,0.424,6,0,2
34.37,345.49,319.56,25.93,0.723,0,201.6,5,0.063,0.927,6,2,0
67.29,375.13,341.33,33.8,0.766,1,261.0,2,0.371,0.798,2,3,0
50.05,351.45,339.22,12.23,0.77,0,153.0,1,0.123,0.791,1,3,0
81.93,364.73,343.55,21.19,0.929,0,4279.2,0,0.244,0.861,13,0,4
12.28,338.25,323.53,14.72,0.765,1,313.3,6,0.686,0.505,2,4,3
14.69,318.69,303.7,14.99,0.699,1,9408.0,0,0.089,0.289,8,2,2
16.08,347.5,313.81,33.69,0.991,1,227.7,1,0.687,0.268,3,11,1
19.95,313.22,301.46,11.77,0.567,0,3203.0,0,0.219,0.303,6,3,2
45.61,347.58,329.82,17.76,0.73,0,135.0,7,0.206,0.718,2,0,0
7.07,311.4,300.34,11.06,0.44,0,735.5,7,0.094,0.226,1,2,5
42.15,326.59,303.41,23.18,0.703,1,669.7,2,0.193,0.796,5,0,0
35.05,340.72,333.53,7.19,0.922,1,250.1,1,0.299,0.722,3,2,0
61.48,335.81,313.78,22.02,0.978,1,96.2,2,0.222,0.83,3,0,0
52.65,337.49,312.99,24.5,0.811,0,52.3,5,0.224,0.777,3,1,0
12.35,344.38,297.83,46.55,0.954,0,302.8,2,0.838,0.518,2,9,1
84.84,349.68,321.61,28.06,0.851,1,23829.2,0,0.131,0.856,14,0,4
25.77,346.9,293.77,53.13,0.926,1,115.9,1,0.918,0.393,3,15,1
19.27,350.33,337.01,13.32,0.731,1,446.8,6,0.51,0.553,2,4,3
28.54,325.47,302.81,22.66,0.713,0,50.2,1,0.148,0.883,1,3,0
30.85,341.36,317.46,23.9,0.889,0,3.4,5,0.141,0.96,4,1,0
27.65,329.12,309.06,20.06,0.74,0,235.2,6,0.758,0.53,5,9,3
22.48,357.89,323.49,34.41,0.954,0,378.8,2,0.657,0.227,2,10,1
36.04,328.98,308.39,20.59,0.925,1,153.7,1,0.406,0.97,4,1,0
75.97,366.99,345.63,21.36,0.84,1,3543.6,0,0.16,0.922,12,0,4
16.58,338.51,306.91,31.6,0.853,1,231.6,1,0.815,0.213,1,13,1
15.31,363.65,325.78,37.87,0.967,1,115.0,1,0.747,0.457,3,12,1
11.36,318.18,300.01,18.17,0.84,1,4216.9,0,0.122,0.423,9,2,2
33.43,324.59,289.75,34.84,0.901,1,2.2,1,0.782,0.513,2,9,1
17.56,349.77,304.82,44.95,0.898,1,86.0,2,0.944,0.54,3,7,1
3.59,335.23,318.77,16.45,0.514,0,5881.2,8,0.286,0.24,1,1,5
9.68,321.0,309.74,11.26,0.721,0,4221.0,0,0.164,0.196,5,6,2
5.69,317.41,310.66,6.75,0.585,0,12772.5,0,0.155,0.209,7,2,2
25.75,349.25,317.34,31.91,0.89,0,317.5,5,0.259,0.956,4,0,0
50.81,367.12,339.35,27.77,0.97,1,1.0,1,0.09,0.802,2,1,0
23.45,360.82,318.07,42.75,0.832,1,247.0,1,0.632,0.296,2,15,1
46.85,344.42,323.7,20.72,0.792,0,329.8,1,0.166,0.786,2,0,0
110.1,371.8,344.98,26.82,0.786,1,7303.9,0,0.406,0.797,12,0,4
5.72,327.42,313.05,14.38,0.57,0,8526.8,0,0.218,0.336,5,0,2
55.79,332.44,297.04,35.4,0.884,0,20015.2,0,0.341,0.919,9,2,4
49.52,348.16,306.28,41.88,0.978,0,95.5,3,0.925,0.325,1,10,1
26.97,341.57,309.75,31.82,0.899,1,281.6,1,0.863,0.263,3,14,1
47.44,371.95,335.81,36.15,0.748,1,145.1,2,0.134,0.908,1,1,0
64.65,330.45,306.95,23.51,0.89,1,393.7,7,0.397,0.701,4,1,0
22.86,327.97,306.59,21.37,0.687,0,588.0,4,0.46,0.434,4,5,3
7.85,320.03,308.52,11.52,0.555,0,12182.3,0,0.092,0.234,6,0,2
12.29,312.69,297.45,15.23,0.646,0,2804.4,0,0.161,0.293,8,0,2
76.05,338.59,319.5,19.09,0.779,1,24027.6,0,0.226,0.697,12,1,4
23.94,323.3,310.56,12.74,0.505,0,9564.5,0,0.139,0.156,8,0,2
6.47,319.56,308.22,11.34,0.535,0,2161.6,0,0.165,0.348,5,2,2
2.56,309.03,302.1,6.94,0.266,0,3104.6,7,0.039,0.385,1,0,5
22.52,343.24,316.82,26.43,0.88,0,516.6,7,0.432,0.42,4,3,3
14.71,322.62,297.94,24.68,0.708,1,258.2,6,0.518,0.47,7,5,3
18.88,359.21,329.98,29.22,0.891,1,47.4,1,0.761,0.396,1,15,1
12.29,322.42,302.65,19.77,0.78,0,3649.0,0,0.119,0.344,5,4,2
109.28,337.27,304.79,32.49,0.764,1,23272.6,0,0.173,0.671,12,2,4
48.0,356.16,327.83,28.34,0.959,1,81.5,1,0.687,0.523,2,11,1
34.78,349.03,323.96,25.08,0.722,1,627.0,2,0.302,0.895,5,0,0
9.72,349.36,326.19,23.17,0.961,1,2.1,1,0.979,0.322,2,14,1
29.16,326.18,313.76,12.42,0.721,0,9268.1,0,0.044,0.431,7,3,2
2.17,301.07,293.99,7.08,0.459,1,4423.3,0,0.114,0.297,3,1,5
20.82,331.93,321.42,10.51,0.808,1,3150.6,0,0.203,0.287,5,3,2
5.27,300.17,293.62,6.55,0.39,1,7982.1,0,0.168,0.181,3,1,5
5.65,329.02,309.6,19.42,0.749,1,1590.3,0,0.056,0.413,4,4,2
53.25,327.01,305.04,21.97,0.914,1,19.1,1,0.107,0.797,5,3,0
17.59,339.11,321.02,18.09,0.65,0,711.2,6,0.815,0.504,3,7,3
10.79,316.63,309.35,7.28,0.385,1,6923.1,0,0.213,0.358,0,0,5
5.79,321.93,309.51,12.42,0.646,1,12550.0,0,0.096,0.219,6,2,2
30.01,343.61,316.57,27.05,0.968,1,285.1,2,0.281,0.838,3,0,0
98.24,361.87,329.12,32.75,0.92,0,6447.9,0,0.184,0.723,7,0,4
20.38,317.41,303.89,13.53,0.585,1,8580.9,0,0.034,0.197,8,1,2
36.01,364.96,329.22,35.74,0.835,1,7.4,2,0.856,0.33,1,13,1
6.83,357.55,343.22,14.33,0.842,1,259.9,2,0.752,0.33,4,12,1
10.76,319.69,311.07,8.62,0.536,0,13953.3,0,0.124,0.368,10,1,2
13.46,302.99,285.44,17.55,0.823,1,3773.9,0,0.105,0.35,8,1,2
13.74,309.95,298.59,11.36,0.639,0,3851.1,0,0.127,0.105,7,4,2
20.02,365.37,333.27,32.1,0.94,0,4.1,1,0.614,0.249,3,11,1
58.37,356.05,325.09,30.96,0.935,1,211.9,1,0.147,0.936,2,1,0
17.39,345.43,327.93,17.5,0.646,1,749.7,6,0.65,0.395,3,9,3
62.65,378.31,354.13,24.18,0.802,1,24102.1,0,0.45,0.673,13,2,4
69.97,343.75,315.67,28.08,0.751,1,82.8,1,0.381,0.879,5,2,0
5.19,299.74,292.98,6.76,0.314,1,4790.7,7,0.129,0.187,0,0,5
12.91,345.07,325.9,19.16,0.903,0,1072.3,6,0.521,0.355,4,3,3
10.15,326.07,316.41,9.66,0.899,0,9327.7,0,0.062,0.432,10,1,2
36.55,352.67,314.84,37.84,0.993,1,36.3,1,0.97,0.385,2,15,1
8.04,322.22,304.76,17.46,0.593,0,10261.5,0,0.021,0.446,7,2,2
32.99,391.75,352.85,38.9,0.852,1,10539.6,0,0.165,0.708,12,0,4
3.39,315.58,307.16,8.42,0.227,0,7434.0,7,0.106,0.204,5,0,5
101.83,365.35,337.78,27.57,0.956,1,5995.1,0,0.139,0.901,8,1,4
11.99,289.37,274.41,14.96,0.791,0,10569.3,0,0.205,0.394,6,2,2
38.54,318.43,282.59,35.83,0.83,0,130.8,2,0.11,0.729,2,1,0
13.61,347.29,338.3,8.99,0.558,0,10244.0,0,0.167,0.395,11,2,2
129.82,341.52,316.39,25.14,0.759,1,5670.2,0,0.168,0.7,16,0,4
6.71,314.69,299.84,14.84,0.678,0,11045.5,0,0.028,0.213,6,4,2
38.96,350.43,327.39,23.05,0.794,1,100.8,3,0.242,0.921,1,0,0
7.74,331.69,326.55,5.14,0.823,0,9653.4,0,0.124,0.201,6,1,2
46.2,336.63,323.14,13.49,0.901,0,250.9,1,0.208,0.884,5,0,0
29.31,333.1,322.49,10.61,0.561,0,7197.5,0,0.168,0.16,4,0,2
14.12,312.71,297.27,15.43,0.689,1,11094.9,0,0.052,0.188,10,2,2
14.38,320.04,313.22,6.81,0.54,0,10930.9,0,0.167,0.438,5,4,2
32.63,347.2,319.18,28.02,0.977,1,22.6,3,0.667,0.399,2,15,1
20.28,334.24,323.3,10.94,0.809,0,7815.5,0,0.026,0.25,6,0,2
13.53,343.22,309.5,33.73,0.853,1,229.2,2,0.768,0.454,2,14,1
28.09,351.17,335.55,15.62,0.697,0,600.8,6,0.515,0.616,2,3,3
3.91,303.19,292.47,10.72,0.254,1,1149.8,0,0.163,0.252,2,0,5
19.7,309.85,302.72,7.13,0.75,0,9663.1,0,0.192,0.241,9,2,2
21.99,321.16,298.25,22.9,0.742,0,347.4,6,0.627,0.377,2,5,3
62.64,389.13,370.64,18.49,0.865,1,144.6,5,0.178,0.823,3,2,0
6.66,337.8,323.31,14.49,0.844,1,14782.8,0,0.102,0.216,6,1,2
18.66,368.43,341.94,26.49,0.882,1,335.7,1,0.751,0.334,2,12,1
36.6,368.22,347.4,20.83,0.93,0,459.5,1,0.242,0.902,3,2,0
9.06,311.21,292.33,18.87,0.881,0,1577.0,6,0.462,0.61,2,6,3
6.01,313.19,303.51,9.68,0.592,1,3563.5,7,0.015,0.185,1,0,5
4.28,307.04,299.0,8.04,0.424,0,3077.4,0,0.251,0.229,0,1,5
2.5,316.76,308.88,7.87,0.352,1,2585.2,7,0.042,0.229,1,1,5
47.1,317.51,295.53,21.98,0.796,0,63.2,2,0.227,0.797,6,0,0
23.24,343.98,298.23,45.75,0.968,1,103.5,2,0.786,0.491,1,11,1
2.13,321.64,307.36,14.28,0.457,0,4781.9,7,0.255,0.373,2,0,5
14.66,350.73,317.17,33.56,0.983,1,153.4,1,0.889,0.244,4,11,1
70.36,354.4,334.3,20.1,0.9,1,257.7,7,0.331,0.783,3,0,0
7.7,317.9,302.43,15.47,0.672,0,14378.3,0,0.241,0.125,2,4,2
28.07,311.14,294.04,17.1,0.695,0,445.9,6,0.419,0.64,1,4,3
29.83,365.53,338.78,26.76,0.785,1,23.7,3,0.343,0.712,3,1,0
47.19,347.85,314.6,33.25,0.879,1,95.3,3,0.302,0.817,2,0,0
43.49,323.8,309.77,14.03,0.785,0,727.1,6,0.635,0.581,3,4,3
8.61,302.78,290.14,12.63,0.849,1,14417.4,0,0.054,0.128,9,2,2
6.35,338.66,328.69,9.96,0.603,1,10752.9,0,0.113,0.274,9,0,2
58.95,358.14,335.37,22.77,0.935,0,305.6,1,0.11,0.763,3,0,0
9.17,314.39,302.3,12.1,0.528,0,5371.6,0,0.1,0.324,5,3,2
7.73,300.18,290.46,9.72,0.268,1,5136.8,0,0.156,0.339,0,0,5
2.7,327.52,313.47,14.05,0.593,0,7304.4,0,0.207,0.127,7,1,2
53.11,343.33,319.8,23.52,0.841,0,751.8,1,0.102,0.757,4,0,0
9.16,301.0,293.73,7.27,0.738,0,12907.8,0,0.147,0.203,8,4,2
37.64,351.14,311.11,40.03,0.908,0,60.3,5,0.082,0.94,2,1,0
34.67,327.9,291.1,36.79,0.808,1,164.5,2,0.822,0.453,2,16,1
5.97,335.31,319.51,15.8,0.612,0,6507.4,0,0.029,0.313,9,1,2
17.39,333.66,312.95,20.71,0.851,1,11.5,2,0.098,0.71,1,1,0
30.89,347.12,328.74,18.38,0.865,1,83.7,1,0.862,0.298,4,16,1
20.64,333.44,325.78,7.66,0.538,1,13287.8,0,0.112,0.32,10,0,2
23.77,357.23,320.07,37.15,0.968,1,59.2,2,0.887,0.272,3,15,1
8.16,319.82,310.95,8.87,0.619,0,7662.0,0,0.076,0.136,7,4,2
13.31,333.02,314.59,18.44,0.619,1,5653.1,0,0.222,0.104,8,0,2
19.78,364.75,340.87,23.88,0.812,1,420.3,2,0.803,0.476,2,11,1
119.51,376.13,348.88,27.25,0.836,0,10092.5,0,0.463,0.872,9,0,4
8.45,328.94,318.58,10.36,0.522,1,11876.2,0,0.085,0.366,6,0,2
31.66,351.06,334.1,16.95,0.952,0,90.9,2,0.164,0.955,2,3,0
16.09,324.77,323.31,1.46,0.504,0,2908.2,0,0.046,0.117,6,2,2
13.88,349.41,330.66,18.75,0.83,1,192.4,4,0.413,0.685,7,5,3
33.78,361.79,339.99,21.8,0.787,1,800.5,3,0.302,0.846,5,1,0
24.52,343.41,324.0,19.41,0.845,0,939.1,6,0.731,0.468,2,7,3
153.5,368.49,337.56,30.93,0.773,1,10204.7,0,0.308,0.948,18,1,4
4.34,297.84,291.93,5.91,0.23,1,1587.5,0,0.161,0.361,0,1,5
3.82,337.9,331.89,6.01,0.518,0,9068.0,0,0.201,0.285,6,4,2
15.4,347.8,313.14,34.66,0.847,0,73.2,1,0.975,0.504,4,9,1
17.91,310.25,297.87,12.38,0.56,0,8535.6,0,0.142,0.261,10,3,2
19.51,312.98,301.45,11.52,0.862,0,1676.8,0,0.072,0.435,8,1,2
5.41,313.41,299.78,13.63,0.836,0,9512.0,0,0.243,0.212,7,1,2
13.48,318.24,306.11,12.12,0.808,0,2584.0,0,0.214,0.445,11,2,2
56.12,332.35,302.7,29.65,0.786,0,189.8,3,0.325,0.789,6,1,0
11.4,302.41,293.75,8.66,0.371,1,6054.4,8,0.299,0.194,3,1,5
51.09,367.06,343.16,23.9,0.872,1,60.9,1,0.114,0.746,5,1,0
7.89,309.58,302.01,7.58,0.389,1,3904.3,0,0.235,0.071,1,1,5
1.74,314.56,308.77,5.79,0.23,1,7513.4,7,0.266,0.31,0,0,5
6.92,310.04,301.86,8.18,0.29,1,2558.3,0,0.077,0.096,0,0,5
10.43,293.24,287.58,5.65,0.566,0,1488.2,0,0.189,0.162,2,1,5
84.68,345.78,317.43,28.35,0.847,0,30.0,2,0.161,0.958,4,0,0
63.62,380.75,344.07,36.68,0.918,1,7712.6,0,0.284,0.812,12,1,4
52.63,323.37,296.93,26.44,0.902,0,0.2,1,0.264,0.889,4,0,0
23.64,346.47,304.15,42.32,0.986,1,203.0,3,0.802,0.399,3,13,1
21.18,350.3,302.03,48.27,0.813,0,201.1,3,0.612,0.519,2,11,1
28.11,334.29,313.05,21.23,0.753,1,105.7,2,0.399,0.979,4,1,0
88.39,389.11,363.96,25.16,0.849,1,18405.2,0,0.228,0.776,14,0,4
24.26,312.33,294.26,18.07,0.809,0,1955.5,6,0.458,0.509,4,4,3
34.0,345.55,322.25,23.31,0.889,1,208.0,3,0.11,0.797,1,2,0
73.37,376.91,355.94,20.97,0.881,0,12767.3,0,0.37,0.917,13,1,4
16.44,354.9,326.02,28.89,0.879,0,30.7,1,0.626,0.314,1,12,1
25.47,328.74,318.01,10.72,0.757,0,9214.7,0,0.176,0.155,8,1,2
91.99,363.32,330.45,32.87,0.879,1,4086.7,0,0.227,0.711,12,0,4
92.28,327.09,303.79,23.3,0.766,1,65.8,1,0.268,0.94,4,4,0
53.04,338.54,312.33,26.21,0.858,1,111.3,1,0.24,0.869,8,2,0
53.28,314.43,284.78,29.65,0.906,1,98.2,7,0.082,0.935,3,1,0
22.25,367.23,327.7,39.53,0.944,1,44.2,2,0.83,0.216,2,15,1
12.61,334.85,319.32,15.53,0.679,0,4732.2,0,0.117,0.174,10,1,2
5.18,314.03,308.69,5.34,0.414,1,6751.0,7,0.039,0.067,1,2,5
16.5,359.16,309.26,49.9,0.991,1,379.4,1,0.934,0.467,2,14,1
28.11,328.94,316.2,12.73,0.908,1,345.1,7,0.157,0.901,7,3,0
64.95,345.08,312.05,33.03,0.959,1,116.0,2,0.437,0.895,2,1,0
4.21,308.26,302.5,5.76,0.291,0,4776.4,0,0.267,0.363,1,0,5
34.73,346.39,334.62,11.77,0.76,1,132.8,6,0.802,0.496,4,5,3
62.39,338.81,316.05,22.75,0.81,0,175.7,1,0.251,0.751,5,2,0
27.56,325.12,306.92,18.19,0.914,0,1043.2,6,0.404,0.624,6,5,3
62.12,327.11,302.29,24.81,0.864,1,334.8,1,0.245,0.742,4,1,0
7.26,347.38,338.35,9.03,0.862,0,12875.1,0,0.115,0.212,8,3,2
16.5,295.05,279.54,15.52,0.644,0,5120.4,0,0.177,0.424,11,1,2
16.84,344.62,304.38,40.24,0.862,1,96.7,2,0.951,0.257,2,7,1
21.75,364.72,323.7,41.02,0.933,1,148.7,2,0.671,0.238,1,14,1
25.52,362.67,339.62,23.05,0.856,1,4.7,1,0.202,0.812,7,0,0
30.69,374.42,348.33,26.09,0.987,0,21.9,1,0.877,0.511,2,13,1
7.85,317.1,303.1,14.0,0.533,0,8020.5,0,0.186,0.29,3,1,2
19.12,316.35,299.45,16.89,0.737,0,802.6,6,0.824,0.486,1,4,3
14.56,357.3,326.11,31.19,0.875,0,274.2,2,0.729,0.299,5,19,1
14.98,303.89,297.0,6.89,0.791,0,2006.7,0,0.18,0.191,11,2,2
11.71,314.07,305.41,8.65,0.697,0,8677.5,0,0.043,0.378,3,2,2
53.12,297.97,267.27,30.7,0.787,1,27.0,1,0.197,0.828,3,1,0
10.53,315.68,308.08,7.6,0.622,0,1607.3,0,0.202,0.331,7,1,2
50.34,353.68,330.01,23.67,0.969,0,314.7,1,0.373,0.958,4,2,0
153.79,355.21,328.0,27.21,0.796,1,19813.8,0,0.133,0.682,18,2,4
13.43,317.3,303.11,14.19,0.651,0,7642.7,0,0.238,0.366,8,0,2
15.25,336.81,318.65,18.15,0.84,1,727.0,4,0.636,0.574,3,7,3
109.9,331.07,298.61,32.46,0.804,1,21266.5,0,0.46,0.778,12,1,4
35.92,341.36,306.45,34.92,0.935,1,167.0,3,0.057,0.787,2,0,0
4.45,334.59,322.01,12.59,0.477,1,5233.7,0,0.074,0.073,1,1,5
44.15,349.06,332.06,17.0,0.828,1,1947.5,6,0.466,0.565,5,3,3
20.35,315.58,302.8,12.78,0.58,0,13319.6,0,0.188,0.284,6,3,2
13.51,347.38,310.39,36.99,0.942,1,173.0,1,0.633,0.372,4,19,1
37.08,346.45,302.01,44.44,0.953,1,32.9,1,0.905,0.488,2,13,1
116.04,376.05,347.71,28.34,0.987,0,14792.3,0,0.365,0.724,9,1,4
76.58,396.15,367.6,28.55,0.935,1,6771.7,0,0.275,0.791,15,2,4
34.71,375.65,351.1,24.55,0.848,1,327.9,2,0.394,0.814,4,0,0
22.13,324.49,298.51,25.98,0.883,1,39.2,3,0.059,0.805,2,0,0
2.07,312.85,305.32,7.53,0.339,1,5426.7,0,0.158,0.183,6,1,5
10.93,335.41,318.04,17.37,0.74,0,11798.3,0,0.107,0.305,7,1,2
105.79,358.11,331.8,26.3,0.81,0,21156.0,0,0.187,0.851,15,1,4
49.76,347.18,303.48,43.7,0.903,1,130.5,1,0.719,0.539,3,17,1
3.36,315.22,313.38,1.84,0.428,1,1477.0,0,0.115,0.14,0,1,5
14.28,318.97,303.18,15.79,0.637,0,172.6,6,0.744,0.662,4,10,3
24.12,362.21,324.64,37.57,0.845,1,20.0,1,0.85,0.347,4,6,1
41.22,339.28,311.92,27.36,0.744,1,181.9,2,0.32,0.773,4,2,0
10.02,308.54,296.14,12.4,0.586,0,9499.6,0,0.099,0.442,9,2,2
12.3,295.83,281.72,14.11,0.859,1,13570.6,0,0.139,0.369,6,1,2
71.58,339.7,319.82,19.88,0.755,1,13752.1,0,0.362,0.875,15,0,4
8.06,317.86,316.54,1.32,0.547,0,6116.9,0,0.182,0.142,0,1,5
22.66,338.68,327.48,11.19,0.867,1,388.5,4,0.555,0.364,5,3,3
19.8,355.58,319.06,36.53,0.893,1,163.6,3,0.66,0.363,2,13,1
54.52,379.57,361.9,17.66,0.724,0,33.9,2,0.136,0.779,3,4,0
9.91,309.26,292.82,16.44,0.811,0,12980.7,0,0.043,0.313,7,2,2
13.43,311.03,303.65,7.39,0.856,1,5207.5,0,0.203,0.179,8,0,2
89.67,370.4,339.14,31.26,0.957,1,12208.1,0,0.343,0.877,15,2,4
5.97,300.58,284.88,15.71,0.737,0,5386.3,0,0.248,0.198,9,2,2
35.63,324.55,314.4,10.15,0.649,1,572.9,6,0.641,0.409,5,4,3
58.34,336.89,316.04,20.85,0.938,0,12.4,7,0.06,0.934,6,0,0
19.61,361.02,329.68,31.34,0.774,1,19.8,7,0.394,0.893,4,0,0
8.18,299.94,297.09,2.85,0.278,1,3770.6,8,0.134,0.326,5,0,5
10.56,334.23,323.36,10.87,0.293,1,3873.6,0,0.117,0.325,0,0,5
5.1,307.89,299.26,8.63,0.371,0,6010.3,0,0.208,0.093,1,0,5
66.86,362.15,340.0,22.15,0.966,0,4016.6,0,0.119,0.707,20,1,4
10.79,315.33,307.82,7.51,0.393,0,2230.2,0,0.214,0.198,0,0,5
85.06,365.62,350.19,15.42,0.869,0,20357.1,0,0.387,0.736,7,2,4
31.4,359.8,336.09,23.71,0.973,1,20.2,1,0.43,0.968,2,0,0
19.66,362.78,332.32,30.45,0.932,1,188.7,2,0.634,0.228,2,14,1
18.04,346.7,307.25,39.45,0.871,1,298.1,2,0.615,0.205,1,10,1
18.75,318.43,302.71,15.72,0.685,0,717.6,6,0.627,0.46,6,6,3
11.03,313.45,300.68,12.77,0.714,0,8757.5,0,0.022,0.395,8,1,2
15.19,320.62,303.12,17.5,0.748,0,7656.3,0,0.064,0.418,7,1,2
33.51,326.06,277.18,48.88,0.993,1,97.6,2,0.825,0.335,4,14,1
28.93,309.16,299.07,10.09,0.875,0,12072.3,0,0.114,0.134,4,2,2
47.54,339.46,313.91,25.55,0.841,1,473.3,5,0.179,0.766,4,0,0
11.79,326.46,308.82,17.63,0.779,0,6574.5,0,0.057,0.381,9,2,2
20.76,307.34,291.15,16.19,0.805,0,6312.1,0,0.136,0.356,5,0,2
12.49,333.04,325.38,7.66,0.716,0,2479.3,0,0.052,0.293,8,1,2
39.18,342.82,316.98,25.84,0.733,0,1423.7,6,0.674,0.544,4,6,3
71.36,373.59,343.58,30.01,0.906,0,141.9,1,0.231,0.947,4,1,0
8.17,303.18,305.43,-2.25,0.516,0,4246.6,7,0.077,0.373,3,0,5
17.75,324.09,312.18,11.92,0.835,0,9057.6,0,0.103,0.4,9,2,2
8.22,335.82,322.49,13.33,0.668,0,4670.3,0,0.05,0.113,5,2,2
14.9,349.89,333.0,16.89,0.912,1,1036.7,6,0.434,0.577,2,4,3
25.66,349.05,315.82,33.23,0.781,1,56.6,3,0.294,0.748,4,0,0
28.73,349.22,329.25,19.97,0.844,1,43.6,1,0.118,0.901,5,2,0
40.49,359.76,335.93,23.83,0.922,1,135.8,1,0.258,0.884,4,1,0
4.62,321.68,300.06,21.63,0.694,0,6527.9,0,0.174,0.146,7,1,2
9.37,321.71,308.14,13.57,0.584,0,4628.2,0,0.195,0.427,8,1,2
16.71,337.6,319.44,18.15,0.624,0,298.8,7,0.446,0.668,4,3,3
94.05,375.56,347.45,28.11,0.924,0,7522.2,0,0.391,0.859,12,0,4
10.22,312.94,292.76,20.18,0.699,0,964.8,6,0.519,0.655,6,7,3
14.14,336.63,287.58,49.05,0.943,0,176.5,1,0.872,0.236,3,10,1
7.65,326.83,317.44,9.4,0.569,1,9603.7,0,0.129,0.365,13,3,2
4.59,308.67,304.63,4.05,0.251,0,6116.9,0,0.253,0.362,0,0,5
10.34,303.04,289.9,13.14,0.453,0,5389.3,8,0.18,0.122,0,0,5
36.8,326.56,290.49,36.07,0.942,1,230.8,1,0.979,0.2,1,7,1
38.08,331.48,312.79,18.69,0.73,0,201.7,2,0.228,0.878,6,1,0
23.6,345.26,317.95,27.32,0.978,0,1217.4,2,0.067,0.864,2,1,0
9.9,317.28,311.61,5.68,0.352,0,1109.9,0,0.295,0.227,0,0,5
11.9,357.91,326.45,31.45,0.946,1,96.7,2,0.715,0.461,3,12,1
31.31,378.42,338.43,39.99,0.821,1,103.9,1,0.63,0.412,1,20,1
6.96,344.0,323.46,20.54,0.786,0,13118.8,0,0.163,0.114,10,1,2
8.92,321.18,314.21,6.97,0.81,1,2005.1,0,0.217,0.159,12,1,2
100.36,341.85,308.78,33.07,0.879,1,91.5,1,0.405,0.714,2,1,0
6.28,343.39,327.13,16.26,0.719,0,3776.9,0,0.192,0.13,8,2,2
4.36,287.65,279.93,7.72,0.55,1,7445.3,0,0.206,0.2,2,1,5
29.15,322.4,299.67,22.73,0.691,0,120.0,6,0.716,0.543,3,4,3
9.19,322.86,313.23,9.63,0.79,1,712.2,6,0.726,0.694,5,6,3
7.45,310.52,300.82,9.71,0.401,0,3152.5,7,0.131,0.137,2,1,5
14.24,320.75,312.91,7.85,0.685,1,14087.6,0,0.146,0.369,3,2,2
11.73,327.12,305.29,21.83,0.587,0,4883.8,0,0.133,0.155,10,0,2
7.5,301.67,294.89,6.78,0.491,0,4630.2,7,0.116,0.148,1,0,5
5.0,329.5,320.61,8.88,0.808,1,3964.5,0,0.088,0.102,10,0,2
61.36,353.26,334.87,18.4,0.787,1,297.2,2,0.122,0.881,3,0,0
69.33,367.66,321.2,46.46,0.828,1,8529.6,0,0.274,0.777,12,0,4
12.51,305.64,288.26,17.38,0.789,0,11955.2,0,0.036,0.249,10,4,2
3.22,317.91,310.59,7.33,0.441,1,2444.8,0,0.237,0.14,0,1,5
17.0,317.38,301.96,15.42,0.644,0,2687.8,0,0.1,0.361,5,3,2
43.46,331.93,310.92,21.01,0.606,1,1176.6,7,0.604,0.664,5,4,3
145.41,367.49,335.55,31.94,0.952,1,8633.3,0,0.372,0.922,11,0,4
18.95,317.4,301.09,16.31,0.548,0,11281.5,0,0.033,0.22,10,0,2
5.03,328.27,313.34,14.93,0.674,0,9394.3,0,0.201,0.419,8,0,2
15.76,302.55,292.58,9.97,0.768,0,5216.0,0,0.027,0.133,10,0,2
21.3,351.13,325.1,26.04,0.672,1,471.0,7,0.816,0.433,2,4,3
5.3,319.64,309.15,10.49,0.659,0,5638.2,0,0.094,0.154,9,4,2
88.96,400.9,375.84,25.06,0.941,1,18750.7,0,0.498,0.902,11,1,4
29.75,344.79,318.72,26.07,0.917,1,101.8,2,0.252,0.803,6,1,0
102.37,360.76,344.67,16.08,0.79,1,23400.2,0,0.455,0.696,17,1,4
18.67,325.38,310.5,14.88,0.685,1,4735.0,0,0.162,0.448,3,0,2
46.93,336.44,315.42,21.02,0.727,0,262.9,5,0.362,0.877,5,3,0
9.2,311.7,302.75,8.95,0.262,0,7518.3,0,0.199,0.277,1,1,5
58.36,371.26,339.13,32.13,0.781,0,13635.4,0,0.356,0.791,10,0,4
50.52,337.56,312.36,25.19,0.833,1,205.1,3,0.414,0.705,4,0,0
6.06,321.87,316.48,5.39,0.383,0,1816.9,0,0.179,0.126,1,0,5
3.94,334.55,324.31,10.25,0.562,0,1951.5,0,0.084,0.39,9,4,2
25.08,373.61,326.81,46.8,0.919,0,120.8,1,0.607,0.389,4,14,1
24.31,301.74,287.66,14.08,0.876,0,3875.5,0,0.186,0.275,8,4,2
5.61,326.94,313.38,13.56,0.851,0,8186.0,0,0.094,0.152,5,3,2
9.99,322.54,311.02,11.52,0.851,1,6608.0,0,0.073,0.167,8,1,2
16.48,338.61,299.62,38.99,0.974,1,42.9,1,0.887,0.457,1,12,1
8.5,311.45,292.46,18.99,0.7,1,9454.5,0,0.172,0.401,5,0,2
14.38,310.31,294.72,15.59,0.619,0,3920.1,0,0.129,0.188,7,0,2
2.51,311.6,300.49,11.1,0.516,0,7050.2,0,0.068,0.377,1,0,5
15.62,375.88,350.32,25.56,0.972,1,137.9,2,0.156,0.962,2,1,0
99.41,330.45,306.4,24.05,0.806,1,14.6,7,0.444,0.895,5,5,0
103.39,379.29,344.42,34.87,0.845,1,16654.7,0,0.273,0.812,14,1,4
23.22,345.51,308.45,37.06,0.821,1,169.2,1,0.672,0.485,3,13,1
20.13,359.11,327.69,31.41,0.938,1,57.5,1,0.886,0.41,1,17,1
30.55,328.05,312.03,16.02,0.509,1,8707.0,0,0.154,0.153,10,1,2
10.32,332.39,309.51,22.88,0.629,1,806.2,6,0.582,0.633,8,4,3
65.12,329.98,306.39,23.59,0.941,1,254.3,5,0.137,0.774,6,1,0
3.34,296.4,287.43,8.97,0.675,0,3584.7,0,0.172,0.386,3,1,2
32.67,324.64,321.5,3.15,0.845,0,3481.9,0,0.137,0.113,10,0,2
53.17,348.03,322.82,25.2,0.805,0,174.8,3,0.094,0.71,3,0,0
46.93,340.06,321.77,18.29,0.83,0,143.1,1,0.059,0.714,4,0,0
5.78,308.98,303.68,5.3,0.271,1,6154.5,7,0.2,0.326,0,1,5
14.73,353.54,323.47,30.07,0.836,1,170.3,2,0.617,0.383,2,10,1
127.77,343.98,311.61,32.37,0.843,1,24260.1,0,0.128,0.899,11,0,4
98.25,376.13,332.16,43.97,0.85,1,3004.4,0,0.452,0.768,14,0,4
48.4,336.24,310.0,26.25,0.796,1,4.2,5,0.163,0.733,6,0,0
4.22,338.6,325.36,13.24,0.871,0,8276.8,0,0.104,0.349,9,2,2
30.84,346.25,324.81,21.44,0.839,0,272.0,2,0.443,0.751,2,4,0
37.14,383.18,359.63,23.54,0.791,1,199.3,1,0.236,0.716,4,0,0
60.16,345.35,327.43,17.91,0.837,1,170.0,3,0.184,0.933,4,4,0
118.77,391.32,366.87,24.45,0.837,0,17286.7,0,0.297,0.87,9,2,4
85.56,366.33,330.43,35.9,0.89,1,3.5,1,0.194,0.743,1,4,0
17.24,321.45,312.7,8.75,0.626,0,14428.9,0,0.098,0.352,8,1,2
44.63,381.5,365.86,15.65,0.895,1,17400.4,0,0.453,0.87,11,0,4
1.68,299.19,295.05,4.15,0.269,0,2367.6,0,0.277,0.353,0,0,5
27.35,317.85,299.79,18.06,0.719,1,20.8,1,0.177,0.926,6,3,0
6.37,310.9,299.39,11.52,0.505,0,5502.0,0,0.037,0.168,14,0,2
14.43,324.89,299.62,25.26,0.829,0,191.8,2,0.813,0.303,4,16,1
49.7,339.2,309.4,29.81,0.812,1,130.4,2,0.394,0.837,2,0,0
14.1,363.25,333.91,29.34,0.934,1,5.6,1,0.863,0.547,4,16,1
24.37,347.87,327.04,20.83,0.779,1,131.2,7,0.27,0.863,5,2,0
44.6,324.54,295.05,29.48,0.91,0,109.5,2,0.324,0.767,6,0,0
16.83,317.13,309.22,7.91,0.754,0,5882.9,0,0.19,0.308,5,4,2
11.06,326.94,323.12,3.82,0.829,0,7261.7,0,0.223,0.13,11,2,2
46.87,344.12,316.86,27.25,0.842,1,387.9,3,0.327,0.809,1,7,0
13.88,353.77,333.28,20.5,0.643,1,262.1,7,0.809,0.599,4,4,3
11.31,318.51,309.39,9.11,0.735,1,12080.6,0,0.057,0.159,4,0,2
10.39,338.78,322.96,15.82,0.548,0,12982.5,0,0.072,0.403,6,2,2
10.96,368.89,331.16,37.73,0.864,0,300.5,1,0.877,0.431,1,10,1
26.79,346.44,332.01,14.43,0.658,1,588.3,6,0.685,0.404,8,6,3
57.74,364.87,342.58,22.29,0.754,1,184.6,3,0.211,0.902,4,2,0
9.18,327.37,317.83,9.54,0.854,0,10974.1,0,0.177,0.44,8,0,2
9.38,324.31,308.32,15.99,0.553,0,14902.3,0,0.153,0.419,7,1,2
111.54,354.9,327.13,27.77,0.989,1,16996.5,0,0.398,0.914,15,0,4
144.8,374.57,354.25,20.32,0.87,1,17351.5,0,0.3,0.908,10,2,4
47.45,364.67,324.46,40.21,0.947,1,126.3,2,0.788,0.408,3,8,1
19.24,315.09,288.67,26.42,0.909,0,1063.3,7,0.654,0.626,2,4,3
91.34,346.8,321.38,25.42,0.899,0,10181.7,0,0.168,0.769,9,1,4
11.27,333.82,305.15,28.67,0.941,1,25.4,1,0.924,0.458,3,7,1
187.07,347.75,304.35,43.4,0.999,0,10668.0,0,0.472,0.765,13,1,4
6.02,319.87,307.14,12.74,0.381,1,4589.8,0,0.162,0.071,2,0,5
16.77,314.56,296.3,18.27,0.878,1,316.0,6,0.432,0.426,3,9,3
20.31,352.23,316.42,35.81,0.833,0,5.1,2,0.973,0.472,2,11,1
41.95,359.42,336.61,22.81,0.883,0,88.0,1,0.109,0.783,2,0,0
10.93,354.77,336.67,18.11,0.94,1,59.8,2,0.874,0.304,1,14,1
7.21,360.99,321.2,39.78,0.841,1,169.9,1,0.801,0.31,2,12,1
40.19,345.14,318.83,26.31,0.835,0,63.7,2,0.384,0.971,4,1,0
7.48,325.9,322.52,3.38,0.694,1,3420.1,0,0.18,0.292,6,1,2
28.13,356.46,315.52,40.94,0.979,1,118.3,1,0.638,0.361,3,13,1
35.47,386.05,351.02,35.03,0.899,1,91.6,1,0.701,0.505,1,10,1
6.45,313.45,293.98,19.46,0.892,0,4254.2,0,0.047,0.429,7,1,2
159.69,362.98,318.26,44.72,0.992,1,7813.4,0,0.196,0.892,14,2,4
10.71,311.52,305.47,6.05,0.821,0,5435.3,0,0.17,0.441,5,3,2
12.24,319.02,314.98,4.04,0.582,0,4058.5,0,0.222,0.161,10,1,2
34.09,366.71,343.69,23.02,0.812,1,7.9,1,0.745,0.395,4,10,1
17.7,316.22,302.48,13.73,0.839,0,6953.4,0,0.163,0.153,8,2,2
11.06,315.44,298.87,16.57,0.671,1,991.0,7,0.651,0.499,4,4,3
6.64,303.42,295.49,7.93,0.592,1,3076.4,0,0.297,0.174,0,0,5
4.84,308.97,305.59,3.38,0.481,0,2641.7,0,0.036,0.201,0,0,5
23.03,318.52,286.38,32.14,0.916,1,0.0,7,0.376,0.953,1,3,0
11.19,349.66,334.11,15.55,0.705,0,1521.0,0,0.15,0.315,8,2,2
65.23,335.34,293.24,42.1,0.87,1,380.2,1,0.899,0.287,5,11,1
3.72,319.63,303.51,16.12,0.746,0,5742.3,0,0.222,0.339,5,2,2
12.42,339.53,329.11,10.42,0.74,0,8254.2,0,0.038,0.348,10,5,2
52.73,385.98,362.53,23.46,0.793,1,19306.6,0,0.223,0.775,15,2,4
19.19,341.1,320.09,21.0,0.856,1,153.1,4,0.626,0.488,3,6,3
19.91,362.45,335.55,26.9,0.916,1,50.5,2,0.649,0.4,2,17,1
41.73,347.23,316.34,30.89,0.85,0,151.1,1,0.865,0.429,1,15,1
49.87,402.21,361.3,40.91,0.952,0,21570.3,0,0.141,0.849,11,1,4
19.2,354.05,332.65,21.4,0.989,1,122.5,1,0.618,0.376,1,15,1
35.42,330.43,291.34,39.09,0.972,1,32.2,1,0.746,0.334,3,16,1
10.75,319.39,315.75,3.64,0.687,0,8169.2,0,0.054,0.381,5,0,2
45.85,338.97,310.69,28.28,0.892,1,204.0,1,0.868,0.387,2,11,1
9.02,320.33,307.3,13.03,0.728,1,13740.4,0,0.202,0.218,7,0,2
20.69,338.73,315.03,23.71,0.808,0,128.8,7,0.1,0.804,5,3,0
74.46,331.06,295.73,35.33,0.923,1,22862.0,0,0.126,0.875,11,0,4
1.6,306.77,297.32,9.46,0.35,1,7144.6,7,0.146,0.104,1,0,5
6.18,320.06,315.2,4.86,0.354,0,5966.6,0,0.12,0.066,0,0,5
7.22,314.74,297.17,17.57,0.863,1,5661.2,0,0.225,0.116,8,2,2
22.43,323.45,301.9,21.55,0.709,0,884.8,6,0.533,0.489,4,4,3
19.84,337.32,324.05,13.28,0.74,1,2754.1,7,0.654,0.461,4,7,3
17.91,361.1,336.42,24.68,0.903,1,29.3,1,0.837,0.248,1,6,1
4.37,300.32,290.01,10.31,0.472,1,3050.8,0,0.279,0.367,2,0,5
14.81,313.53,301.06,12.47,0.508,0,4371.6,0,0.134,0.186,0,0,5
24.5,360.03,328.33,31.7,0.885,0,61.8,1,0.652,0.284,2,10,1
16.94,356.15,314.15,42.0,0.871,1,116.0,1,0.713,0.338,1,15,1
54.08,362.82,339.13,23.7,0.761,1,146.8,1,0.439,0.844,4,0,0
16.84,308.77,301.08,7.69,0.349,0,4424.0,7,0.179,0.081,3,0,5
7.38,338.11,335.1,3.0,0.64,0,10427.8,0,0.038,0.308,7,2,2
25.09,328.11,314.67,13.44,0.647,0,474.7,6,0.467,0.54,4,2,3
128.7,347.85,324.88,22.97,0.946,0,20596.8,0,0.343,0.753,13,2,4
15.69,326.68,319.06,7.62,0.446,1,1384.5,0,0.185,0.394,2,1,5
8.24,311.34,296.72,14.62,0.63,0,4487.6,0,0.167,0.444,7,3,2
44.71,337.69,316.6,21.09,0.76,1,224.4,3,0.205,0.955,3,1,0
7.6,297.28,275.71,21.57,0.563,0,12621.3,0,0.137,0.17,8,1,2
24.42,357.85,333.9,23.96,0.972,1,52.3,2,0.67,0.334,2,9,1
13.92,338.23,324.22,14.01,0.806,1,12308.2,0,0.091,0.442,7,1,2
58.98,358.64,336.92,21.72,0.845,1,82.9,2,0.349,0.71,5,0,0
17.29,317.09,308.18,8.91,0.844,0,1890.3,0,0.192,0.306,6,0,2
41.47,357.58,346.28,11.3,0.894,1,7.6,7,0.294,0.926,4,1,0
16.12,331.7,311.2,20.5,0.884,0,655.6,6,0.416,0.57,2,3,3
8.6,323.28,304.73,18.55,0.725,0,162.5,7,0.449,0.446,4,5,3
18.78,308.53,296.39,12.14,0.813,1,11864.7,0,0.038,0.261,11,2,2
53.22,337.29,321.05,16.23,0.738,0,502.2,6,0.805,0.373,5,4,3
15.58,321.64,311.63,10.01,0.742,0,3538.4,0,0.237,0.287,10,1,2
64.13,369.47,352.67,16.8,0.977,0,150.6,3,0.353,0.847,7,0,0
50.59,356.15,320.25,35.9,0.717,1,260.4,3,0.358,0.763,3,1,0
97.27,328.97,309.95,19.02,0.948,1,22411.0,0,0.11,0.7,8,0,4
85.9,373.3,354.32,18.98,0.832,0,240.0,3,0.354,0.93,5,2,0
11.03,364.64,326.2,38.44,0.929,1,290.6,1,0.61,0.429,2,10,1
15.48,331.17,312.98,18.2,0.689,0,2044.8,0,0.23,0.351,4,0,2
21.75,341.72,311.36,30.36,0.891,1,528.9,6,0.458,0.392,6,9,3
142.1,367.26,332.98,34.29,0.828,0,21631.3,0,0.357,0.905,15,2,4
9.65,314.67,306.42,8.25,0.892,0,10021.0,0,0.245,0.341,11,2,2
79.36,326.83,288.52,38.31,0.767,1,422.1,1,0.12,0.895,5,3,0
2.56,317.11,308.33,8.78,0.377,0,5615.3,0,0.06,0.27,0,0,5
3.96,317.95,310.59,7.36,0.31,1,1628.5,0,0.133,0.267,1,0,5
39.72,375.78,349.76,26.02,0.756,1,561.5,2,0.323,0.794,6,0,0
24.38,367.12,335.56,31.56,0.956,1,196.0,1,0.932,0.282,2,11,1
12.67,305.78,293.75,12.03,0.655,0,3025.3,0,0.21,0.345,9,0,2
15.54,352.27,322.57,29.7,0.867,1,508.4,1,0.839,0.387,1,10,1
48.18,333.0,303.07,29.93,0.876,0,183.8,5,0.449,0.935,3,1,0
20.14,293.89,284.72,9.17,0.791,0,7735.6,0,0.121,0.188,11,1,2
81.2,349.98,325.87,24.11,0.831,1,202.9,3,0.342,0.882,2,4,0
20.44,351.02,321.11,29.91,0.806,1,45.7,2,0.617,0.276,2,13,1
11.02,339.53,332.12,7.41,0.517,0,7504.9,0,0.237,0.326,7,2,2
1.75,315.44,304.89,10.55,0.28,0,1237.4,7,0.011,0.141,1,1,5
19.82,314.02,296.4,17.62,0.645,1,8959.4,0,0.064,0.265,11,3,2
13.38,385.06,350.74,34.33,0.803,1,263.5,2,0.804,0.515,3,10,1
32.43,355.16,337.13,18.03,0.998,0,140.1,2,0.416,0.842,3,0,0
3.9,337.92,325.66,12.25,0.77,0,13081.7,0,0.128,0.249,9,2,2
14.27,318.27,309.63,8.64,0.644,0,11846.3,0,0.229,0.385,6,2,2
6.42,306.69,291.26,15.43,0.804,0,9532.3,0,0.158,0.151,14,0,2
30.77,351.76,330.36,21.4,0.729,1,104.4,1,0.248,0.71,4,1,0
23.88,376.21,346.91,29.3,0.841,0,103.7,2,0.699,0.347,3,12,1
54.96,322.19,302.46,19.73,0.988,0,1.7,1,0.098,0.729,1,1,0
9.29,310.79,293.82,16.96,0.686,0,2493.6,0,0.184,0.284,10,2,2
21.99,350.09,312.08,38.01,0.833,0,25.9,1,0.918,0.486,1,12,1
13.09,380.02,351.68,28.33,0.841,1,88.4,1,0.784,0.361,2,12,1
15.65,337.39,293.62,43.77,0.959,1,18.4,2,0.729,0.445,2,12,1
14.63,340.06,328.29,11.77,0.627,1,867.2,4,0.75,0.414,6,6,3
20.99,348.6,299.56,49.04,0.869,1,184.2,3,0.741,0.517,1,12,1
12.16,356.19,333.99,22.2,0.827,1,1066.2,6,0.82,0.541,5,5,3
8.34,303.21,297.45,5.77,0.272,1,4105.6,8,0.062,0.126,1,0,5
20.06,341.68,324.14,17.53,0.656,1,516.3,6,0.706,0.694,2,4,3
10.92,315.38,315.45,-0.07,0.639,0,9708.4,0,0.099,0.22,13,1,2
94.46,327.5,302.02,25.48,0.818,1,58.1,1,0.36,0.965,2,1,0
31.02,333.17,313.79,19.38,0.969,0,16.1,1,0.061,0.751,5,0,0
18.37,355.71,328.34,27.36,0.998,0,74.2,1,0.729,0.316,2,10,1
11.97,321.87,311.95,9.91,0.606,0,12283.3,0,0.114,0.105,9,2,2
21.65,331.76,311.6,20.16,0.625,0,178.6,7,0.512,0.356,3,3,3
42.2,343.17,303.66,39.51,0.904,0,87.7,2,0.804,0.462,3,13,1
8.68,309.33,296.2,13.13,0.536,0,4711.6,0,0.137,0.258,8,0,2
25.48,360.18,340.58,19.6,0.785,0,66.8,3,0.273,0.947,4,1,0
114.61,378.83,363.22,15.61,0.838,0,21407.1,0,0.267,0.94,7,0,4
21.66,366.15,328.45,37.7,0.821,0,46.3,2,0.431,0.938,2,2,0
5.77,307.32,297.38,9.94,0.881,0,4748.6,0,0.093,0.154,6,1,2
6.67,307.12,287.33,19.79,0.762,0,14716.2,0,0.244,0.369,7,3,2
34.56,320.35,297.18,23.17,0.895,1,24.1,1,0.139,0.806,4,0,0
13.44,302.49,292.82,9.66,0.727,0,5457.6,0,0.124,0.202,11,3,2
58.89,344.06,323.37,20.69,0.948,1,29.1,7,0.406,0.916,2,3,0
14.39,339.69,318.71,20.98,0.789,1,861.4,4,0.711,0.394,3,6,3
30.97,317.47,298.2,19.27,0.75,0,113.3,6,0.734,0.456,1,5,3
58.39,334.03,318.53,15.5,0.784,1,429.2,6,0.687,0.587,4,3,3
33.61,327.83,305.94,21.9,0.525,0,5442.9,0,0.24,0.373,9,4,2
24.47,349.69,318.22,31.47,0.863,0,105.5,3,0.813,0.391,1,14,1
17.23,323.22,303.14,20.08,0.757,1,417.2,6,0.554,0.522,3,10,3
26.44,346.23,318.02,28.22,0.816,1,26.6,1,0.095,0.959,5,1,0
21.74,309.69,302.41,7.28,0.632,1,2349.1,0,0.067,0.314,6,2,2
17.7,349.26,329.62,19.64,0.762,0,636.3,6,0.799,0.691,6,8,3
13.62,362.51,335.38,27.13,0.915,0,8.2,2,0.66,0.265,3,12,1
66.26,327.11,295.19,31.92,0.862,1,98.5,5,0.359,0.718,3,3,0
1.37,299.92,293.44,6.48,0.214,0,5345.5,0,0.014,0.384,0,1,5
6.26,305.58,297.37,8.21,0.563,0,1712.2,0,0.1,0.176,1,0,5
7.84,337.66,325.51,12.16,0.688,0,2006.4,0,0.242,0.413,10,1,2
12.85,363.29,323.66,39.63,0.887,0,137.9,1,0.931,0.473,1,11,1
50.62,395.09,363.36,31.73,0.895,1,11055.3,0,0.216,0.896,10,2,4
9.25,306.0,299.4,6.6,0.586,1,4300.0,8,0.056,0.391,0,1,5
16.45,348.61,338.28,10.33,0.932,0,39.6,2,0.805,0.205,3,15,1
82.2,356.53,332.64,23.89,0.753,1,30.9,7,0.142,0.782,3,1,0
14.41,316.08,309.5,6.58,0.622,0,12117.5,0,0.18,0.28,10,0,2
15.59,334.77,314.61,20.17,0.922,1,37.7,1,0.825,0.399,3,12,1
89.47,339.9,319.71,20.18,0.925,1,11574.0,0,0.128,0.658,11,2,4
39.64,339.54,302.57,36.97,0.97,0,62.7,5,0.369,0.844,2,1,0
31.99,351.33,329.15,22.18,0.779,1,229.1,3,0.138,0.824,3,2,0
7.19,321.22,310.31,10.92,0.835,0,3328.1,0,0.218,0.406,7,4,2
32.13,347.7,324.12,23.58,0.825,1,1392.1,4,0.559,0.669,3,2,3
44.61,345.1,322.95,22.15,0.989,0,7.2,1,0.205,0.745,1,2,0
16.67,348.81,314.54,34.27,0.854,1,164.1,2,0.603,0.428,3,13,1
73.0,405.61,384.38,21.23,0.987,1,20898.3,0,0.475,0.904,23,0,4
43.13,327.38,304.06,23.31,0.975,1,5.9,3,0.312,0.915,3,0,0
6.1,314.23,302.24,11.99,0.635,0,10333.1,0,0.036,0.291,7,2,2
30.23,383.94,355.78,28.16,0.927,1,41.6,3,0.749,0.276,3,12,1
22.83,320.22,309.13,11.09,0.749,1,14095.5,0,0.213,0.189,6,0,2
36.58,357.66,316.21,41.46,0.943,1,89.0,2,0.843,0.44,1,13,1
5.23,314.3,299.51,14.79,0.81,0,5891.9,0,0.043,0.398,6,0,2
14.61,326.7,317.09,9.61,0.548,0,2835.3,0,0.122,0.344,6,3,2
59.54,380.99,362.64,18.35,0.927,0,4006.9,0,0.308,0.824,13,0,4
86.49,388.77,362.91,25.85,0.805,0,15016.7,0,0.351,0.928,11,0,4
10.31,327.65,319.26,8.39,0.723,0,12065.9,0,0.245,0.133,11,3,2
43.51,358.89,317.96,40.93,0.934,0,72.5,1,0.898,0.248,5,15,1
56.44,341.44,310.34,31.1,0.928,1,384.8,1,0.419,0.755,5,1,0
15.79,350.91,316.05,34.85,0.854,1,2.2,1,0.606,0.417,2,13,1
34.25,293.92,286.06,7.86,0.837,0,10222.4,0,0.108,0.372,5,0,2
53.01,346.16,323.32,22.84,0.982,0,114.8,1,0.3,0.854,4,0,0
7.02,295.97,285.06,10.91,0.56,0,8438.8,0,0.032,0.38,9,0,2
2.65,311.15,304.75,6.4,0.277,1,3171.9,0,0.231,0.309,0,2,5
65.55,331.21,312.52,18.7,0.888,1,44.4,1,0.102,0.87,2,1,0
1.78,311.32,302.54,8.78,0.263,0,1124.2,0,0.106,0.065,2,1,5
11.85,317.25,305.77,11.49,0.605,0,14770.0,0,0.212,0.127,6,6,2
38.52,388.59,346.95,41.64,0.998,1,105.9,1,0.751,0.528,3,14,1
3.26,302.52,293.57,8.95,0.444,0,6378.5,0,0.045,0.262,1,0,5
83.12,378.78,358.1,20.67,0.933,1,14496.1,0,0.433,0.693,13,3,4
44.2,336.37,310.21,26.16,0.844,0,1.3,7,0.314,0.802,3,2,0
12.11,314.31,297.17,17.14,0.755,1,1688.5,6,0.833,0.516,2,3,3
16.79,317.98,311.17,6.81,0.77,1,9580.5,0,0.238,0.311,7,0,2
5.73,319.1,311.12,7.98,0.216,1,6542.8,7,0.197,0.249,4,0,5
2.72,316.79,302.8,13.99,0.496,0,750.8,0,0.298,0.33,0,1,5
83.86,367.39,329.0,38.39,0.823,0,6982.2,0,0.267,0.877,17,1,4
68.81,359.12,317.93,41.19,0.813,1,55.8,1,0.664,0.402,4,13,1
149.79,360.48,326.13,34.35,0.945,1,3806.0,0,0.424,0.665,10,0,4
18.75,321.98,312.86,9.13,0.867,0,11897.2,0,0.204,0.104,8,2,2
35.91,334.06,293.9,40.16,0.966,1,166.8,1,0.824,0.482,1,10,1
35.52,322.24,296.9,25.34,0.993,0,483.7,7,0.26,0.903,4,1,0
11.04,341.65,322.98,18.67,0.735,0,8089.7,0,0.209,0.264,10,2,2
28.05,305.44,272.83,32.61,0.722,1,218.4,3,0.254,0.821,4,1,0
53.31,360.13,340.83,19.29,0.793,0,431.1,3,0.321,0.784,3,0,0
20.9,324.15,306.76,17.39,0.512,0,10002.4,0,0.063,0.188,9,1,2
49.29,326.19,301.71,24.48,0.997,1,343.7,1,0.252,0.97,5,1,0
25.61,307.29,283.79,23.5,0.771,1,625.6,7,0.613,0.583,2,3,3
9.27,319.74,317.99,1.76,0.467,1,6327.1,0,0.086,0.082,1,2,5
7.6,302.28,290.57,11.71,0.839,0,5180.7,0,0.133,0.4,10,4,2
5.02,324.38,315.47,8.92,0.526,0,14996.9,0,0.08,0.193,9,0,2
28.54,328.02,308.57,19.45,0.946,1,719.3,3,0.217,0.896,5,3,0
45.15,374.09,336.1,37.99,0.781,0,18960.4,0,0.181,0.86,13,1,4
7.42,326.71,311.44,15.27,0.841,0,11939.1,0,0.158,0.29,10,2,2
10.34,335.07,320.06,15.0,0.754,0,8073.0,0,0.079,0.123,9,1,2
48.69,329.5,307.14,22.36,0.738,0,81.2,3,0.278,0.8,4,0,0
9.25,335.29,320.38,14.91,0.511,0,9886.5,0,0.141,0.118,11,1,2
13.69,326.18,315.01,11.17,0.826,0,10871.0,0,0.129,0.442,8,1,2
11.47,321.03,314.67,6.36,0.573,1,12989.9,0,0.246,0.383,10,0,2
45.19,344.18,327.72,16.46,0.858,0,268.1,6,0.84,0.423,5,6,3
1.9,305.88,303.13,2.75,0.212,1,5760.9,0,0.176,0.184,1,1,5
47.32,343.19,320.36,22.84,0.652,1,777.1,6,0.558,0.533,1,5,3
16.16,339.47,294.98,44.49,0.982,1,21.6,2,0.669,0.396,1,8,1
12.57,308.04,289.13,18.91,0.728,0,5038.3,0,0.236,0.148,10,4,2
55.66,322.7,295.84,26.85,0.879,0,381.3,2,0.423,0.839,2,1,0
4.5,310.01,301.65,8.37,0.414,1,6681.5,0,0.2,0.278,3,0,5
22.23,347.39,322.83,24.56,0.728,0,19.5,3,0.088,0.911,1,0,0
5.73,315.25,307.82,7.43,0.384,0,4831.9,0,0.022,0.085,0,1,5
25.59,351.36,312.23,39.13,0.89,0,91.1,1,0.637,0.363,2,8,1
17.29,333.48,326.07,7.41,0.697,0,11549.5,0,0.038,0.135,5,2,2
16.04,321.23,313.84,7.39,0.653,0,6815.9,0,0.175,0.27,6,3,2
37.87,342.95,318.02,24.93,0.82,0,176.3,3,0.245,0.711,5,1,0
26.12,341.96,289.38,52.58,0.882,1,61.2,1,0.937,0.248,1,10,1
10.76,320.04,296.97,23.07,0.647,0,10006.4,0,0.22,0.433,10,2,2
7.34,310.52,301.9,8.63,0.453,0,3148.1,0,0.177,0.274,2,0,5
2.28,295.63,283.44,12.19,0.439,1,7637.8,0,0.106,0.162,1,0,5
5.16,325.4,311.47,13.94,0.804,0,3343.7,0,0.235,0.306,5,1,2
48.58,359.0,334.87,24.13,0.964,1,95.2,2,0.147,0.715,3,1,0
22.44,342.79,303.47,39.33,0.895,1,81.4,1,0.612,0.44,4,10,1
12.82,300.24,289.75,10.5,0.866,0,9424.8,0,0.197,0.356,12,1,2
20.71,299.49,289.16,10.34,0.871,0,6540.0,0,0.224,0.288,7,2,2
31.26,348.66,324.51,24.15,0.846,1,132.5,2,0.281,0.893,3,0,0
5.57,324.57,314.52,10.05,0.574,0,14101.9,0,0.096,0.385,10,2,2
9.66,325.92,316.32,9.59,0.568,0,8360.5,0,0.194,0.258,7,1,2
48.81,332.16,303.39,28.76,0.757,1,93.7,1,0.189,0.774,5,1,0
5.15,328.5,313.01,15.48,0.834,1,13028.6,0,0.236,0.106,9,1,2
3.29,300.89,293.93,6.96,0.532,0,2703.9,0,0.101,0.264,0,0,5
10.49,361.04,343.07,17.97,0.706,0,810.1,6,0.735,0.567,3,1,3
21.22,316.72,308.88,7.84,0.738,0,1852.9,0,0.04,0.427,11,1,2
49.22,325.59,296.03,29.56,0.929,0,6.7,1,0.341,0.756,4,1,0
7.11,321.26,305.99,15.27,0.672,0,11796.3,0,0.15,0.107,10,0,2
37.61,330.65,319.73,10.92,0.664,0,106.4,7,0.461,0.549,3,3,3
114.69,306.3,268.19,38.11,0.765,0,16306.2,0,0.103,0.842,19,2,4
19.11,318.13,305.9,12.22,0.516,0,3378.0,0,0.174,0.412,10,2,2
62.0,328.4,295.09,33.32,0.863,0,76.4,1,0.413,0.863,4,1,0
25.47,301.12,280.64,20.47,0.751,1,247.1,7,0.727,0.42,3,6,3
3.16,312.73,305.97,6.76,0.358,0,586.2,0,0.187,0.2,1,0,5
1.89,324.87,319.04,5.82,0.335,0,7610.7,0,0.19,0.168,2,0,5
7.67,315.12,304.28,10.84,0.851,0,10644.3,0,0.141,0.197,9,1,2
15.64,332.71,314.56,18.15,0.64,1,3261.3,0,0.167,0.196,15,0,2
1.99,305.42,292.3,13.12,0.552,0,5488.3,0,0.17,0.152,1,0,5
27.31,334.5,316.0,18.5,0.836,1,1562.3,6,0.594,0.358,4,8,3
16.58,328.74,308.53,20.2,0.736,1,183.4,7,0.576,0.495,2,5,3
3.21,321.42,314.03,7.39,0.354,0,7867.8,0,0.112,0.246,2,0,5
57.1,357.83,331.56,26.27,0.915,1,78.7,2,0.946,0.266,3,8,1
28.13,290.42,276.9,13.52,0.812,0,197.4,6,0.649,0.442,5,3,3
16.38,362.02,319.62,42.4,0.982,0,23.3,1,0.693,0.309,2,12,1
6.11,317.9,307.45,10.45,0.459,1,751.9,0,0.086,0.084,4,0,5
55.47,359.22,334.43,24.79,0.77,0,4701.5,0,0.13,0.742,8,4,4
18.12,333.94,321.72,12.23,0.897,0,1990.9,0,0.065,0.407,8,3,2
1.51,310.29,305.66,4.62,0.212,0,1838.1,0,0.201,0.181,1,1,5
76.36,325.45,306.4,19.05,0.795,0,191.8,1,0.289,0.944,4,2,0
59.96,351.85,327.99,23.85,0.991,1,27.8,2,0.369,0.803,2,2,0
6.3,344.66,336.11,8.54,0.617,0,13205.2,0,0.041,0.279,4,1,2
37.09,353.36,322.43,30.93,0.719,0,58.8,2,0.259,0.835,2,3,0
2.23,311.42,303.71,7.71,0.207,0,3956.7,7,0.157,0.236,1,3,5
8.51,284.41,279.99,4.43,0.515,0,4944.2,0,0.144,0.38,0,0,5
5.22,329.26,316.21,13.05,0.505,0,2373.3,0,0.233,0.378,14,3,2
12.99,322.6,305.79,16.81,0.681,0,12014.3,0,0.13,0.319,9,2,2
60.43,359.66,321.55,38.11,0.738,0,49.1,1,0.214,0.897,2,3,0
65.14,334.67,317.82,16.85,0.838,1,23092.0,0,0.283,0.68,9,1,4
18.93,320.42,309.47,10.95,0.841,0,7870.5,0,0.084,0.175,12,0,2
3.98,325.29,317.77,7.52,0.482,1,7778.9,0,0.264,0.217,0,1,5
8.78,296.59,284.98,11.61,0.622,0,8558.3,0,0.191,0.408,8,2,2
3.61,318.96,308.18,10.78,0.475,0,4946.3,0,0.29,0.323,0,1,5
28.37,354.49,322.41,32.08,0.931,0,173.2,1,0.803,0.308,3,11,1
29.1,337.1,330.13,6.96,0.707,0,5215.1,0,0.032,0.172,9,2,2
16.86,322.06,310.78,11.28,0.777,0,5920.3,0,0.242,0.168,10,0,2
18.55,337.04,305.55,31.48,0.992,1,46.2,3,0.845,0.359,2,17,1
26.68,345.59,323.03,22.56,0.985,1,103.3,2,0.257,0.912,5,2,0
13.27,302.31,290.93,11.39,0.823,1,14741.8,0,0.052,0.431,7,2,2
101.95,349.68,324.44,25.24,0.877,1,12921.7,0,0.423,0.825,9,1,4
11.43,291.66,276.66,15.0,0.766,0,6419.8,0,0.156,0.129,9,2,2
26.73,309.2,290.46,18.74,0.62,0,14701.3,0,0.151,0.145,8,2,2
21.77,318.52,295.14,23.38,0.639,0,208.9,6,0.688,0.614,4,8,3
67.64,354.65,311.37,43.28,0.829,1,7289.6,0,0.11,0.754,11,1,4
88.87,343.27,312.99,30.28,0.869,1,6398.7,0,0.406,0.685,11,1,4
178.9,371.83,345.27,26.55,0.913,0,9583.5,0,0.454,0.938,11,1,4
33.2,345.92,328.29,17.63,0.879,1,75.0,2,0.175,0.823,3,2,0
63.34,347.41,328.9,18.51,0.977,1,519.7,2,0.395,0.936,3,1,0
65.61,369.18,348.14,21.04,0.754,1,934.3,3,0.293,0.815,5,1,0
16.41,324.91,302.1,22.81,0.817,0,347.7,6,0.444,0.672,6,6,3
21.72,336.9,316.38,20.52,0.801,0,650.6,6,0.541,0.539,7,6,3
125.8,353.69,306.86,46.83,0.929,0,14453.2,0,0.301,0.914,8,1,4
50.64,332.3,297.71,34.59,0.856,1,182.0,1,0.646,0.527,2,8,1
25.07,350.43,327.07,23.36,0.911,1,44.2,2,0.657,0.416,2,12,1
25.56,315.61,295.37,20.25,0.942,1,13.5,7,0.259,0.784,1,2,0
20.72,381.63,354.48,27.15,0.949,0,7.1,5,0.176,0.736,3,0,0
118.37,360.44,328.1,32.34,0.866,0,9312.4,0,0.253,0.888,15,2,4
12.27,320.65,307.69,12.96,0.894,0,12521.5,0,0.06,0.383,4,0,2
6.66,340.77,330.71,10.06,0.856,0,4564.5,0,0.17,0.449,12,3,2
24.2,365.69,320.89,44.8,1.0,1,147.0,2,0.743,0.36,2,6,1
34.0,274.4,247.69,26.7,0.837,0,253.7,2,0.433,0.773,7,0,0
46.75,359.15,323.72,35.43,0.963,1,345.0,3,0.783,0.311,3,16,1
113.14,367.99,346.91,21.08,0.929,1,14095.5,0,0.162,0.659,14,0,4
117.42,335.88,312.54,23.34,0.879,0,16203.0,0,0.286,0.707,14,0,4
12.35,299.2,283.33,15.87,0.556,0,1591.2,0,0.08,0.318,6,2,2
6.17,318.29,304.63,13.66,0.892,0,5379.2,0,0.162,0.233,10,1,2
38.44,375.26,344.48,30.78,0.928,1,67.9,2,0.803,0.504,5,11,1
75.46,398.79,367.94,30.85,0.983,1,24493.7,0,0.403,0.694,9,0,4
18.08,328.28,310.15,18.14,0.663,0,1737.0,0,0.203,0.169,5,2,2
62.74,336.08,316.22,19.86,0.958,0,0.6,5,0.181,0.816,5,1,0
2.98,315.44,308.25,7.19,0.253,0,4405.6,8,0.102,0.138,1,0,5
17.61,313.87,303.62,10.25,0.539,0,14323.0,0,0.048,0.276,6,1,2
63.51,330.89,310.04,20.86,0.781,0,11.6,2,0.343,0.87,2,5,0
56.01,358.84,335.85,22.98,0.936,1,74.3,3,0.387,0.867,5,0,0
21.5,331.83,302.46,29.37,0.814,1,114.9,1,0.716,0.424,6,17,1
10.56,311.26,301.75,9.51,0.455,1,7223.2,0,0.175,0.129,0,0,5
113.6,370.02,336.37,33.65,0.971,0,6296.0,0,0.378,0.756,15,1,4
42.61,364.82,328.07,36.75,0.886,0,90.5,1,0.24,0.852,5,1,0
15.15,312.89,302.52,10.36,0.751,0,3000.2,0,0.088,0.25,8,2,2
24.84,318.73,309.72,9.0,0.824,0,5143.0,0,0.079,0.417,5,1,2
4.88,308.61,304.26,4.35,0.368,0,4861.7,0,0.177,0.26,1,0,5
9.5,320.93,308.41,12.52,0.527,0,14208.0,0,0.216,0.227,10,1,2
25.28,330.93,321.11,9.82,0.604,0,5798.9,0,0.041,0.1,10,1,2
8.1,319.39,307.7,11.69,0.807,0,9663.3,0,0.238,0.353,7,0,2
18.48,302.45,293.19,9.26,0.581,0,10117.3,0,0.25,0.283,5,1,2
55.81,365.97,335.29,30.68,0.953,0,163.5,3,0.441,0.926,6,0,0
15.16,301.33,285.51,15.82,0.632,0,500.0,7,0.801,0.549,4,5,3
2.21,309.02,298.69,10.33,0.303,0,4843.8,0,0.216,0.071,0,2,5
55.66,358.42,320.04,38.39,0.765,1,8341.2,0,0.18,0.769,15,0,4
48.97,350.87,329.77,21.1,0.747,0,463.4,7,0.599,0.452,4,6,3
5.13,318.86,307.75,11.11,0.52,0,5369.0,0,0.185,0.352,9,3,2
2.03,310.33,303.22,7.11,0.547,1,4264.1,0,0.017,0.324,0,1,5
6.56,340.82,322.36,18.46,0.653,0,7921.3,0,0.191,0.407,10,1,2
21.17,309.87,295.39,14.48,0.752,1,13561.1,0,0.184,0.17,10,2,2
14.09,314.81,307.47,7.35,0.818,0,2586.5,0,0.144,0.344,11,1,2
77.85,390.2,363.99,26.21,0.9,1,8185.1,0,0.316,0.729,13,1,4
21.46,383.71,349.32,34.39,0.963,1,114.9,2,0.942,0.336,1,13,1
23.49,325.26,307.22,18.04,0.838,0,1662.4,0,0.079,0.163,4,4,2
51.89,328.85,309.65,19.2,0.936,0,83.0,2,0.274,0.904,4,1,0
70.91,373.31,334.24,39.07,0.98,1,7997.2,0,0.379,0.801,8,0,4
3.44,300.43,296.96,3.46,0.285,1,1306.8,0,0.022,0.318,1,0,5
60.5,340.06,317.8,22.26,0.753,0,432.0,1,0.344,0.743,5,4,0
5.5,303.01,288.1,14.91,0.669,0,4948.4,0,0.197,0.211,5,2,2
13.67,300.56,284.22,16.35,0.584,0,1670.4,0,0.037,0.208,10,4,2
102.64,339.17,294.5,44.67,0.841,1,22830.1,0,0.224,0.708,13,2,4
16.76,349.15,324.85,24.3,0.809,1,79.3,2,0.806,0.339,2,12,1
10.67,328.0,310.07,17.93,0.579,0,12755.9,0,0.188,0.301,8,4,2
107.33,375.01,345.0,30.01,0.839,0,7953.5,0,0.418,0.909,12,2,4
29.73,364.11,321.24,42.87,0.915,0,21.7,2,0.905,0.415,2,15,1
4.88,324.53,313.35,11.18,0.83,0,7625.6,0,0.212,0.342,12,2,2
17.71,350.25,332.49,17.75,0.89,1,1492.8,6,0.471,0.4,2,2,3
38.34,313.44,297.15,16.29,0.777,0,523.2,6,0.52,0.53,3,7,3
113.09,361.78,333.54,28.25,0.955,0,19073.3,0,0.233,0.74,14,1,4
56.68,327.4,290.14,37.26,0.784,1,37.3,1,0.22,0.842,2,1,0
32.26,331.08,314.44,16.64,0.78,0,315.5,6,0.734,0.523,5,4,3
24.34,392.89,359.13,33.76,0.837,1,181.7,2,0.968,0.509,2,16,1
9.44,309.36,300.69,8.67,0.8,0,8895.2,0,0.023,0.448,9,1,2
15.75,369.67,335.02,34.65,0.963,1,115.5,1,0.61,0.278,3,16,1
50.83,357.76,338.95,18.82,0.738,1,101.3,1,0.247,0.718,4,1,0
71.74,360.02,340.55,19.46,0.814,0,21564.9,0,0.209,0.742,14,1,4
3.65,312.83,305.38,7.45,0.503,1,3401.7,0,0.197,0.391,1,2,5
11.69,355.18,321.97,33.21,0.998,1,80.7,1,0.604,0.414,3,15,1
11.01,312.26,309.25,3.01,0.699,1,2947.4,0,0.077,0.15,9,0,2
21.11,354.41,324.31,30.09,0.917,0,11.4,1,0.904,0.42,1,20,1
46.88,310.71,284.17,26.55,0.809,0,817.6,1,0.312,0.824,4,1,0
28.46,337.54,298.38,39.16,0.959,1,17.8,1,0.749,0.54,3,12,1
17.6,335.34,305.25,30.09,0.908,0,337.6,3,0.716,0.291,1,21,1
73.24,341.54,317.43,24.11,0.873,0,166.0,5,0.069,0.924,2,0,0
4.35,312.3,302.88,9.42,0.284,1,3803.1,0,0.087,0.305,1,1,5
16.65,317.04,299.52,17.52,0.849,0,9076.8,0,0.023,0.23,5,1,2
70.3,343.58,322.39,21.19,0.829,1,17.1,7,0.3,0.752,2,0,0
30.98,351.2,323.25,27.95,0.978,0,9.4,1,0.28,0.81,1,1,0
96.27,366.5,349.1,17.4,0.909,1,10490.8,0,0.326,0.669,13,1,4
16.37,341.89,305.37,36.51,0.942,1,99.3,1,0.758,0.5,2,13,1
13.94,314.08,303.07,11.01,0.533,1,5080.2,0,0.192,0.249,7,2,2
31.09,334.6,301.97,32.63,0.877,1,16.0,1,0.899,0.506,5,14,1
6.68,297.61,286.01,11.59,0.602,0,3848.0,0,0.119,0.22,10,1,2
5.92,316.54,305.56,10.99,0.843,0,11096.1,0,0.067,0.104,7,3,2
14.9,322.63,312.93,9.7,0.53,0,10213.7,0,0.209,0.123,6,1,2
7.07,326.72,315.85,10.86,0.665,0,4239.5,0,0.134,0.145,10,2,2
22.5,312.39,298.59,13.81,0.582,0,4579.5,0,0.047,0.106,7,1,2
11.39,327.05,314.59,12.46,0.799,0,1787.1,0,0.099,0.153,10,1,2
38.96,365.04,328.31,36.73,0.908,1,7.4,2,0.782,0.458,1,11,1
30.63,356.42,322.84,33.58,0.843,1,136.7,1,0.806,0.498,1,15,1
9.01,310.52,301.94,8.58,0.563,0,9588.5,0,0.247,0.368,6,1,2
6.24,336.16,321.99,14.17,0.707,0,11435.8,0,0.086,0.348,12,1,2
38.16,325.72,311.9,13.82,0.613,0,441.4,6,0.611,0.533,7,5,3
19.8,333.27,303.59,29.68,0.718,0,308.5,1,0.319,0.701,2,0,0
2.21,308.09,301.99,6.1,0.539,0,7934.1,0,0.017,0.307,1,1,5
2.86,305.07,299.95,5.13,0.454,0,6947.7,0,0.296,0.244,2,0,5
76.9,337.71,319.9,17.81,0.798,1,21330.7,0,0.441,0.947,12,1,4
110.44,329.02,298.78,30.24,0.758,1,18331.0,0,0.471,0.898,9,0,4
2.91,305.5,296.66,8.84,0.509,0,2872.4,8,0.07,0.377,1,0,5
9.9,338.67,327.41,11.25,0.763,1,6109.3,0,0.129,0.286,8,0,2
11.71,321.58,305.37,16.21,0.865,0,397.1,4,0.663,0.631,2,3,3
54.3,377.03,348.7,28.34,0.999,0,12.1,1,0.347,0.738,4,3,0
3.83,301.72,293.68,8.04,0.46,1,1684.3,0,0.24,0.215,0,0,5
4.85,318.39,314.27,4.12,0.592,0,4824.7,7,0.15,0.065,3,0,5
80.21,363.32,327.36,35.96,0.821,0,20905.5,0,0.409,0.911,10,0,4
15.93,368.87,333.02,35.84,0.927,1,109.2,1,0.82,0.209,2,10,1
5.04,309.67,306.31,3.36,0.282,1,1074.2,7,0.28,0.322,1,0,5
9.87,327.29,313.38,13.9,0.559,0,7186.4,0,0.094,0.387,8,3,2
13.29,315.21,301.99,13.23,0.617,0,13246.3,0,0.054,0.288,7,3,2
10.0,333.54,320.42,13.12,0.711,0,11248.8,0,0.209,0.301,9,0,2
5.22,301.9,294.75,7.14,0.491,1,1118.1,0,0.231,0.124,0,0,5
12.34,318.4,303.83,14.56,0.842,0,9052.1,0,0.191,0.283,8,1,2
12.57,300.93,296.42,4.52,0.602,0,1573.9,0,0.138,0.101,8,3,2
19.46,344.61,319.82,24.79,0.881,1,283.5,4,0.806,0.68,5,7,3
14.05,364.68,330.06,34.62,0.935,0,30.2,2,0.856,0.375,1,10,1
60.84,339.33,312.72,26.61,0.841,1,37.0,7,0.448,0.856,2,1,0
14.18,320.21,302.26,17.96,0.71,1,3783.9,0,0.186,0.102,6,0,2
27.7,354.51,329.33,25.19,0.725,1,187.4,1,0.353,0.724,2,2,0
13.68,327.97,305.4,22.57,0.873,0,540.9,7,0.708,0.507,4,5,3
43.76,369.44,339.12,30.32,0.875,0,106.1,2,0.248,0.944,2,3,0
18.04,293.34,277.94,15.4,0.897,1,11816.1,0,0.178,0.112,10,0,2
16.24,308.24,301.74,6.51,0.58,0,14691.5,0,0.193,0.425,9,4,2
13.88,327.28,319.2,8.08,0.569,0,13721.5,0,0.104,0.421,13,1,2
15.96,315.2,298.23,16.97,0.683,1,4303.3,0,0.205,0.106,7,2,2
16.59,348.0,306.96,41.04,0.999,0,180.8,1,0.608,0.424,2,15,1
45.99,378.28,361.12,17.15,0.929,1,177.8,7,0.17,0.801,3,1,0
5.13,319.2,313.93,5.26,0.712,0,13778.4,0,0.073,0.43,3,4,2
108.56,341.11,322.42,18.69,0.795,0,3650.5,0,0.148,0.759,9,0,4
74.84,394.46,379.64,14.83,0.921,0,16652.6,0,0.248,0.817,14,3,4
52.52,338.58,304.21,34.37,0.726,1,435.9,1,0.155,0.953,4,1,0
39.19,315.51,292.07,23.44,0.812,1,323.5,1,0.238,0.945,1,1,0
23.18,332.41,322.16,10.25,0.656,0,8300.3,0,0.08,0.213,6,2,2
12.09,341.01,332.14,8.86,0.531,0,6428.1,0,0.059,0.379,7,1,2
27.28,343.14,328.0,15.14,0.924,1,10.7,7,0.427,0.92,4,1,0
29.88,329.0,307.96,21.03,0.751,0,830.5,7,0.463,0.573,4,7,3
23.42,303.34,292.44,10.9,0.678,0,12367.0,0,0.095,0.353,5,3,2
9.69,318.12,308.15,9.97,0.848,0,2548.2,0,0.068,0.138,7,1,2
13.91,350.34,318.18,32.16,0.809,0,80.3,1,0.705,0.547,3,7,1
3.63,306.82,298.12,8.7,0.577,1,1382.4,8,0.131,0.216,1,0,5
58.0,362.33,337.07,25.25,0.804,1,10.0,7,0.415,0.802,5,2,0
14.45,323.72,310.14,13.58,0.794,1,1429.9,6,0.577,0.592,2,0,3
8.81,313.11,305.54,7.57,0.487,1,7956.0,7,0.031,0.384,0,1,5
11.26,336.66,316.6,20.06,0.693,0,576.4,6,0.636,0.588,4,8,3
109.64,393.81,349.17,44.64,0.834,0,21732.6,0,0.481,0.86,11,0,4
2.07,319.35,310.43,8.92,0.557,1,2457.1,0,0.091,0.392,2,1,5
14.62,320.02,302.96,17.06,0.872,0,13587.6,0,0.06,0.276,8,2,2
13.83,325.51,317.84,7.67,0.868,0,3963.8,0,0.167,0.227,10,0,2
56.53,308.61,284.22,24.39,0.758,0,663.3,2,0.228,0.861,5,0,0
31.07,305.23,284.62,20.6,0.804,1,1010.6,6,0.539,0.388,4,6,3
15.1,349.15,306.81,42.34,0.992,1,70.0,1,0.977,0.512,2,15,1
5.02,300.79,290.81,9.97,0.262,1,1463.9,0,0.172,0.221,1,1,5
55.01,380.11,345.69,34.42,0.846,1,17913.7,0,0.211,0.675,17,0,4
15.98,314.18,306.56,7.62,0.669,0,190.4,6,0.497,0.351,3,6,3
3.77,299.12,287.09,12.02,0.428,1,983.4,0,0.012,0.106,1,0,5
21.98,337.96,325.26,12.7,0.503,1,14360.8,0,0.238,0.411,13,1,2
66.21,334.65,309.72,24.93,0.929,0,179.7,1,0.429,0.782,2,3,0
9.17,306.08,291.79,14.3,0.709,0,10900.5,0,0.135,0.302,7,0,2
18.15,310.75,299.49,11.26,0.539,0,3811.0,0,0.037,0.438,9,2,2
24.28,343.11,323.82,19.29,0.797,1,755.5,6,0.535,0.491,7,6,3
96.18,349.23,330.62,18.61,0.833,1,5890.1,0,0.16,0.941,8,1,4
75.0,313.44,296.13,17.32,0.866,0,62.8,7,0.355,0.739,6,0,0
117.28,342.17,315.73,26.44,0.869,1,12257.3,0,0.413,0.947,17,1,4
6.46,309.82,303.35,6.48,0.792,0,1879.2,0,0.237,0.194,11,2,2
8.89,303.3,288.96,14.34,0.51,0,8366.2,0,0.025,0.413,8,1,2
47.58,320.3,286.57,33.72,0.904,0,24903.6,0,0.131,0.897,13,1,4
21.2,355.16,314.01,41.16,0.958,0,156.3,3,0.79,0.318,3,15,1
14.25,352.94,316.12,36.82,0.869,1,64.1,2,0.931,0.264,4,7,1
19.87,312.74,297.8,14.94,0.647,0,6372.3,0,0.189,0.167,8,3,2
8.26,298.51,290.6,7.91,0.505,0,7904.9,0,0.036,0.155,12,1,2
4.51,337.58,325.98,11.61,0.763,0,12519.3,0,0.031,0.106,9,0,2
11.3,329.51,318.98,10.54,0.52,0,8949.1,0,0.061,0.185,6,3,2
41.69,329.08,308.43,20.65,0.767,1,372.5,7,0.591,0.58,5,6,3
12.01,325.05,312.38,12.67,0.766,0,3487.6,0,0.08,0.262,5,2,2
65.07,336.46,314.06,22.4,0.873,1,194.3,3,0.351,0.964,3,0,0
18.46,344.22,326.74,17.49,0.902,1,554.8,6,0.413,0.37,3,9,3
3.07,331.13,323.69,7.44,0.598,0,11111.5,0,0.197,0.194,5,0,2
21.94,368.68,338.3,30.37,0.804,1,38.0,1,0.859,0.283,4,13,1
6.27,318.65,311.89,6.76,0.233,1,2977.9,8,0.15,0.303,1,0,5
10.58,313.63,306.63,7.0,0.796,0,3170.3,0,0.127,0.354,6,2,2
69.39,367.02,335.54,31.47,0.874,0,18412.4,0,0.434,0.774,10,1,4
6.24,300.15,292.58,7.57,0.503,0,14173.9,0,0.24,0.285,9,3,2
7.5,310.19,294.6,15.6,0.832,1,1417.6,6,0.553,0.523,5,6,3
67.52,342.33,319.78,22.56,0.926,0,259.4,3,0.148,0.904,3,3,0
1.43,303.8,296.82,6.98,0.242,1,7622.7,8,0.037,0.198,2,0,5
10.68,324.2,315.36,8.84,0.593,0,8902.1,0,0.227,0.379,8,3,2
32.07,367.55,345.24,22.31,0.802,0,202.6,2,0.395,0.942,1,3,0
6.13,297.39,288.23,9.15,0.277,1,4207.1,0,0.054,0.064,1,0,5
7.65,310.33,299.64,10.69,0.683,0,5178.2,0,0.122,0.399,7,1,2
1.76,314.06,306.33,7.73,0.518,0,2237.2,7,0.143,0.316,1,0,5
15.58,371.68,330.15,41.53,0.853,1,160.1,1,0.634,0.459,1,11,1
23.02,357.62,325.74,31.88,0.983,1,37.8,1,0.813,0.27,3,13,1
12.24,366.27,340.49,25.78,0.902,1,117.4,1,0.682,0.485,3,12,1
7.89,317.51,301.99,15.52,0.808,0,2080.9,0,0.128,0.22,8,1,2
72.68,375.36,354.5,20.86,0.927,1,117.0,2,0.054,0.959,8,2,0
61.99,331.94,312.46,19.48,0.819,1,50.5,2,0.17,0.731,5,0,0
88.38,332.76,290.23,42.54,0.907,0,6936.6,0,0.128,0.913,17,1,4
31.97,345.05,309.55,35.5,0.8,1,162.7,2,0.767,0.284,4,12,1
32.4,334.21,312.07,22.14,0.798,0,430.2,2,0.312,0.816,4,1,0
9.49,331.13,327.31,3.82,0.672,0,4012.8,0,0.055,0.208,4,2,2
20.85,376.51,337.7,38.81,0.907,0,32.6,1,0.625,0.205,1,13,1
83.14,395.48,372.11,23.37,0.883,1,19574.4,0,0.428,0.727,16,0,4
10.31,331.23,326.54,4.69,0.637,0,8357.9,0,0.248,0.281,10,1,2
38.38,318.31,292.42,25.88,0.782,1,803.7,7,0.779,0.4,3,4,3
24.05,356.06,320.07,35.99,0.888,1,16.0,2,0.827,0.516,1,15,1
37.56,317.95,299.79,18.16,0.694,0,1019.3,6,0.819,0.495,7,7,3
39.56,358.45,325.06,33.39,0.874,1,202.4,1,0.191,0.735,3,2,0
13.64,329.41,316.3,13.11,0.803,0,12562.2,0,0.198,0.425,6,1,2
11.18,305.04,295.03,10.01,0.858,0,6427.2,0,0.144,0.382,8,3,2
44.88,351.25,330.76,20.5,0.87,0,35.3,5,0.211,0.812,2,2,0
29.81,319.5,305.38,14.11,0.679,1,7502.2,0,0.059,0.239,8,0,2
32.27,341.84,329.91,11.94,0.725,0,669.8,6,0.681,0.691,6,3,3
11.08,330.41,321.9,8.51,0.59,0,5275.8,0,0.199,0.282,8,1,2
59.8,324.84,304.24,20.6,0.779,0,39.2,1,0.424,0.74,2,3,0
3.48,323.96,319.4,4.56,0.476,0,2118.2,0,0.181,0.118,0,1,5
16.99,292.55,283.02,9.53,0.314,0,608.6,0,0.194,0.217,3,0,5
16.68,373.77,347.22,26.56,0.952,1,58.7,1,0.657,0.319,1,12,1
40.74,371.17,334.3,36.87,0.809,1,228.6,1,0.705,0.522,1,10,1
12.91,334.15,310.37,23.78,0.673,0,12881.1,0,0.105,0.144,7,0,2
13.8,335.18,330.64,4.54,0.5,0,5592.8,0,0.158,0.118,4,3,2
7.48,315.9,310.57,5.33,0.218,1,4683.7,0,0.174,0.34,0,1,5
5.24,305.0,298.08,6.92,0.492,0,725.9,0,0.178,0.354,0,1,5
6.71,329.93,318.79,11.14,0.521,0,2112.3,0,0.222,0.113,2,0,5
22.32,334.13,317.97,16.16,0.721,0,1088.0,6,0.515,0.686,6,2,3
28.3,332.1,308.4,23.7,0.895,1,461.1,7,0.836,0.547,5,6,3
9.89,331.86,315.66,16.2,0.8,0,11654.0,0,0.081,0.371,8,1,2
10.32,338.64,325.47,13.17,0.536,0,12246.5,0,0.207,0.376,7,2,2
22.62,334.69,311.54,23.14,0.704,0,906.1,7,0.781,0.694,2,2,3
12.22,361.9,324.77,37.13,0.92,1,57.9,1,0.726,0.374,2,7,1
11.13,319.42,312.58,6.84,0.773,0,13278.9,0,0.114,0.371,7,0,2
3.89,349.76,328.15,21.61,0.899,0,2401.8,0,0.056,0.112,5,2,2
58.95,341.8,318.16,23.65,0.794,1,13148.6,0,0.14,0.896,14,1,4
13.94,315.27,307.95,7.32,0.652,1,130.8,6,0.429,0.513,4,3,3
76.98,385.92,343.69,42.22,0.933,0,9911.1,0,0.461,0.847,16,3,4
5.78,326.48,306.06,20.42,0.79,0,8165.7,0,0.036,0.227,9,2,2
2.98,310.33,302.83,7.5,0.338,0,1423.4,7,0.082,0.145,1,1,5
12.9,335.94,321.66,14.28,0.529,0,6259.9,0,0.179,0.173,8,1,2
20.19,321.17,307.29,13.87,0.61,0,10799.0,0,0.16,0.345,7,1,2
73.05,407.7,367.29,40.41,0.963,0,3161.1,0,0.12,0.716,12,1,4
5.08,317.06,303.94,13.12,0.487,1,4311.2,0,0.212,0.105,0,1,5
3.79,307.26,301.46,5.8,0.359,1,2792.5,0,0.274,0.191,2,1,5
61.71,345.4,328.66,16.74,0.844,0,24482.1,0,0.215,0.741,14,0,4
47.71,385.99,368.39,17.59,0.807,0,126.1,5,0.316,0.795,4,5,0
83.92,340.09,305.64,34.45,0.851,1,21352.3,0,0.252,0.755,11,1,4
2.78,321.18,310.79,10.39,0.448,0,1643.0,0,0.152,0.237,0,1,5
70.15,349.18,322.8,26.38,0.897,0,8.3,7,0.238,0.708,3,0,0
80.46,342.69,318.6,24.09,0.816,0,20011.1,0,0.489,0.885,9,3,4
2.88,296.72,291.19,5.53,0.47,0,2692.2,7,0.299,0.305,0,1,5
19.13,319.49,307.34,12.14,0.582,0,8596.2,0,0.237,0.333,8,1,2
18.95,332.02,324.7,7.32,0.826,0,14273.0,0,0.147,0.424,9,1,2
60.28,393.43,362.33,31.1,0.823,0,23801.3,0,0.278,0.781,13,2,4
12.51,321.68,309.37,12.3,0.656,0,1951.1,0,0.021,0.428,6,4,2
34.91,334.03,306.25,27.78,0.779,1,303.7,3,0.354,0.753,2,1,0
37.65,357.57,331.59,25.98,0.763,0,455.6,2,0.285,0.829,3,1,0
6.2,320.67,309.43,11.24,0.778,0,6856.2,0,0.055,0.146,13,1,2
15.58,335.43,306.6,28.83,0.903,0,37.8,2,0.681,0.223,2,6,1
14.39,328.12,312.6,15.53,0.878,0,349.7,6,0.798,0.471,4,4,3
27.09,330.58,321.11,9.47,0.572,0,2681.8,0,0.234,0.27,10,2,2
120.87,380.72,341.03,39.69,0.908,1,8231.6,0,0.383,0.71,10,0,4
14.98,324.51,312.41,12.1,0.712,0,1690.1,0,0.136,0.2,7,2,2
4.25,327.24,321.83,5.41,0.512,1,8219.5,0,0.205,0.237,6,1,2
14.49,326.03,280.93,45.1,0.843,1,125.4,2,0.776,0.317,2,12,1
2.23,310.73,301.73,9.0,0.446,1,2343.0,0,0.227,0.159,1,0,5
11.1,325.46,311.92,13.54,0.827,1,3421.8,0,0.236,0.104,7,0,2
4.38,317.38,301.56,15.83,0.772,0,13372.5,0,0.135,0.171,8,2,2
54.95,373.64,345.39,28.26,0.719,1,549.7,1,0.414,0.966,3,2,0
67.27,332.42,303.74,28.68,0.998,1,4372.7,0,0.499,0.695,11,0,4
12.47,381.33,355.88,25.45,0.853,1,2.0,1,0.959,0.429,2,13,1
14.59,314.53,303.61,10.92,0.839,0,12700.6,0,0.102,0.26,7,2,2
20.23,314.76,307.99,6.77,0.849,0,2945.5,0,0.103,0.124,6,1,2
91.99,353.24,326.07,27.17,0.807,1,23546.6,0,0.129,0.675,19,2,4
3.61,322.49,314.79,7.7,0.777,0,4257.6,0,0.179,0.202,8,0,2
30.75,383.9,343.59,40.31,0.984,1,21.9,1,0.753,0.426,1,14,1
30.81,347.29,341.2,6.1,0.786,0,120.7,6,0.622,0.364,3,3,3
8.39,329.16,318.68,10.48,0.794,0,3753.8,0,0.087,0.143,10,1,2
9.14,323.09,308.33,14.76,0.71,0,10151.0,0,0.25,0.122,8,2,2
5.87,322.13,312.46,9.66,0.834,0,12571.6,0,0.092,0.275,11,0,2
15.0,309.3,289.54,19.76,0.554,0,1900.6,0,0.22,0.26,14,2,2
2.31,313.3,308.49,4.81,0.348,1,6075.9,0,0.06,0.175,0,0,5
9.78,307.12,301.9,5.22,0.65,0,11567.3,0,0.108,0.14,15,3,2
24.09,346.87,334.17,12.7,0.645,1,438.9,6,0.439,0.499,3,6,3
16.06,313.63,302.7,10.94,0.568,0,7123.2,0,0.209,0.384,10,2,2
61.74,343.87,321.56,22.31,0.783,1,167.2,3,0.263,0.726,6,0,0
26.99,345.19,336.16,9.03,0.878,1,8706.9,0,0.16,0.398,7,2,2
124.86,340.01,321.07,18.93,0.828,0,23406.1,0,0.412,0.721,15,2,4
53.96,369.63,347.32,22.32,0.975,1,30.9,3,0.367,0.789,5,0,0
2.43,328.55,324.88,3.67,0.243,0,834.3,7,0.233,0.283,1,0,5
10.4,310.11,301.05,9.06,0.693,0,13949.0,0,0.224,0.362,8,2,2
22.55,304.12,292.44,11.68,0.708,0,14856.7,0,0.204,0.209,7,1,2
32.13,318.08,301.11,16.97,0.677,1,188.8,6,0.413,0.592,2,1,3
13.57,335.58,324.91,10.67,0.676,0,8097.6,0,0.098,0.276,11,2,2
9.0,311.3,300.35,10.95,0.632,1,1769.3,0,0.211,0.448,12,0,2
8.77,329.24,315.79,13.45,0.762,0,13493.1,0,0.128,0.153,10,0,2
79.94,327.0,292.79,34.21,0.967,0,25.8,2,0.349,0.731,2,0,0
49.14,335.55,313.38,22.17,0.848,1,106.6,1,0.66,0.3,1,12,1
53.2,348.42,323.81,24.61,0.73,1,100.6,1,0.308,0.737,6,1,0
12.5,317.77,310.47,7.3,0.577,0,6787.9,0,0.169,0.434,8,1,2
3.91,299.57,293.66,5.91,0.544,1,5231.8,0,0.269,0.157,3,2,5
21.49,363.91,328.41,35.5,0.877,1,8.5,1,0.689,0.459,2,21,1
4.45,305.46,301.47,3.99,0.426,0,7090.4,7,0.036,0.251,0,1,5
24.33,368.93,336.57,32.36,0.926,0,96.2,1,0.708,0.244,2,15,1
61.27,347.01,334.21,12.8,0.85,0,207.6,2,0.356,0.836,3,2,0
30.04,343.93,309.98,33.95,0.93,1,33.2,3,0.684,0.503,3,13,1
23.54,344.11,316.18,27.93,0.984,1,64.6,1,0.171,0.726,2,2,0
29.2,339.97,317.2,22.77,0.711,0,448.7,2,0.081,0.969,6,2,0
140.55,391.26,355.39,35.87,0.923,0,23677.1,0,0.176,0.706,12,1,4
12.32,300.06,292.66,7.4,0.884,1,9765.2,0,0.138,0.281,8,2,2
16.15,333.31,319.81,13.5,0.596,0,12074.2,0,0.216,0.434,4,1,2
52.55,358.07,323.77,34.3,0.914,0,4697.7,0,0.323,0.921,11,1,4
3.05,307.99,297.04,10.95,0.447,1,5020.0,7,0.22,0.334,0,1,5
26.76,315.98,297.57,18.41,0.779,1,306.1,6,0.794,0.389,4,9,3
14.81,331.76,316.74,15.02,0.503,0,7874.7,0,0.124,0.289,8,0,2
6.89,311.74,298.36,13.38,0.753,0,10837.5,0,0.131,0.129,6,2,2
2.9,296.66,284.69,11.98,0.506,1,7845.9,8,0.129,0.226,1,0,5
41.42,330.42,291.14,39.28,0.842,0,52.2,1,0.822,0.262,2,11,1
28.95,346.47,300.94,45.53,0.804,0,27.4,1,0.774,0.405,3,12,1
37.14,361.48,336.86,24.62,0.88,1,148.0,7,0.32,0.813,4,3,0
2.59,319.91,313.14,6.77,0.259,1,3171.3,0,0.203,0.398,2,0,5
27.19,340.54,295.89,44.64,0.932,0,88.8,1,0.804,0.499,5,14,1
72.75,374.22,352.57,21.66,0.878,1,792.9,1,0.328,0.813,5,0,0
14.44,344.68,333.9,10.78,0.688,1,8722.9,0,0.2,0.404,8,1,2
10.0,306.69,298.62,8.06,0.51,0,1620.3,0,0.13,0.12,11,1,2
19.89,320.39,308.05,12.34,0.824,0,12860.1,0,0.148,0.216,8,1,2
9.65,334.09,300.41,33.68,0.836,1,107.2,3,0.864,0.268,1,13,1
5.11,308.33,298.2,10.13,0.586,1,2237.1,0,0.053,0.105,1,1,5
102.2,387.07,349.02,38.05,0.861,0,3997.6,0,0.2,0.675,13,0,4
3.3,328.2,323.18,5.03,0.511,0,7433.4,0,0.224,0.298,0,1,5
9.98,330.28,315.28,15.0,0.854,0,11291.0,0,0.072,0.446,5,3,2
43.38,343.62,313.12,30.5,0.828,0,7344.6,0,0.351,0.659,16,0,4
76.98,334.51,302.58,31.93,0.871,0,14666.5,0,0.265,0.768,9,0,4
11.09,340.22,326.47,13.75,0.709,1,1007.8,6,0.511,0.579,8,2,3
104.68,347.38,313.09,34.29,0.863,0,24243.6,0,0.251,0.928,11,2,4
11.02,301.55,299.4,2.15,0.556,0,4072.2,0,0.107,0.352,0,1,5
22.64,323.4,304.94,18.46,0.619,0,447.0,6,0.617,0.5,8,4,3
9.35,331.45,319.83,11.62,0.879,1,4432.4,0,0.035,0.216,9,1,2
4.99,320.69,312.19,8.5,0.585,0,7243.3,0,0.05,0.384,1,1,5
5.45,314.14,297.59,16.56,0.562,0,14778.6,0,0.163,0.161,5,3,2
23.05,346.52,325.31,21.21,0.993,1,183.3,1,0.655,0.29,2,15,1
19.93,350.77,325.47,25.3,0.81,0,805.6,7,0.468,0.372,2,2,3
13.87,324.42,307.88,16.53,0.739,0,7073.7,0,0.17,0.436,8,1,2
42.7,355.66,325.87,29.78,0.925,1,191.9,2,0.975,0.248,1,9,1
27.88,333.03,298.68,34.35,0.949,0,7.9,1,0.692,0.213,7,19,1
26.43,362.59,326.9,35.7,0.886,1,188.8,1,0.97,0.208,1,10,1
24.13,312.53,289.74,22.8,0.651,0,123.8,6,0.41,0.445,5,1,3
47.62,348.66,329.29,19.37,0.872,0,103.8,1,0.68,0.242,2,15,1
52.28,340.44,305.73,34.71,0.829,1,61.3,1,0.426,0.927,3,0,0
6.31,322.01,309.68,12.33,0.633,0,14414.2,0,0.043,0.285,5,2,2
34.62,350.96,322.92,28.04,0.861,1,36.8,1,0.36,0.827,3,2,0
34.72,353.52,299.72,53.8,0.926,0,40.2,1,0.744,0.296,2,13,1
19.31,354.31,329.28,25.03,0.819,1,76.3,1,0.601,0.486,2,10,1
62.21,319.61,288.1,31.51,0.728,0,24.8,7,0.24,0.789,6,0,0
59.0,335.04,307.16,27.87,0.733,1,65.5,7,0.336,0.791,3,0,0
47.36,351.34,346.32,5.02,0.835,0,137.3,2,0.065,0.773,5,2,0
66.82,328.92,313.76,15.15,0.745,1,291.2,2,0.246,0.938,4,1,0
20.15,359.32,329.84,29.48,0.946,0,6.5,2,0.944,0.467,4,14,1
4.98,287.56,277.11,10.45,0.429,0,4306.8,0,0.276,0.237,1,0,5
16.97,337.12,318.76,18.37,0.681,0,737.8,6,0.711,0.683,3,9,3
33.16,301.83,284.5,17.33,0.835,1,132.3,6,0.579,0.548,3,4,3
19.21,304.07,279.34,24.73,0.866,1,2003.3,6,0.533,0.699,5,3,3
39.61,349.26,333.94,15.32,0.752,0,82.1,2,0.075,0.965,4,3,0
48.24,399.12,359.97,39.14,0.982,0,12793.2,0,0.107,0.782,13,2,4
24.9,359.51,322.42,37.08,0.922,1,136.7,1,0.954,0.354,2,11,1
11.57,331.76,314.16,17.61,0.904,0,266.2,6,0.549,0.544,3,4,3
3.01,306.07,298.96,7.11,0.562,1,5329.9,0,0.127,0.232,2,1,5
18.92,365.47,324.34,41.13,0.902,0,29.6,3,0.606,0.338,4,9,1
20.17,325.65,310.14,15.52,0.866,0,1630.3,0,0.094,0.44,5,3,2
8.42,325.87,312.66,13.22,0.643,0,9334.7,0,0.066,0.338,8,0,2
14.74,335.98,304.5,31.48,0.919,1,56.1,3,0.963,0.404,1,11,1
13.31,317.46,310.6,6.86,0.547,0,4340.8,0,0.05,0.377,6,0,2
7.73,310.86,296.48,14.38,0.836,0,14893.7,0,0.234,0.152,7,1,2
25.31,367.23,324.07,43.16,0.943,1,134.5,1,0.968,0.521,1,11,1
10.58,328.96,308.2,20.76,0.858,0,12450.3,0,0.197,0.175,10,1,2
5.33,298.78,291.01,7.77,0.454,0,2613.4,0,0.156,0.235,1,0,5
16.54,320.34,313.37,6.97,0.696,0,12475.9,0,0.099,0.214,7,0,2
42.44,327.05,296.7,30.35,0.728,0,77.8,1,0.098,0.754,2,0,0
22.26,337.14,295.72,41.41,0.846,0,101.4,3,0.652,0.447,2,11,1
27.89,346.14,315.9,30.24,0.944,0,129.9,1,0.849,0.464,3,12,1
61.54,326.52,300.5,26.02,0.724,1,1.7,7,0.256,0.975,1,1,0
38.89,351.94,321.47,30.46,0.98,0,183.8,1,0.743,0.356,4,13,1
11.74,332.34,312.22,20.12,0.747,0,14471.8,0,0.159,0.447,7,1,2
15.33,353.91,341.28,12.63,0.778,0,145.2,4,0.78,0.366,4,3,3
22.46,306.23,282.6,23.64,0.664,1,852.3,4,0.793,0.648,2,4,3
77.21,350.66,320.7,29.97,0.993,1,19229.4,0,0.452,0.827,16,6,4
6.04,305.43,284.3,21.13,0.633,0,14866.6,0,0.068,0.153,7,2,2
6.9,314.45,303.47,10.98,0.665,1,6445.2,0,0.18,0.415,8,3,2
12.86,315.67,300.97,14.7,0.581,0,7793.6,0,0.036,0.198,7,0,2
38.28,365.82,347.0,18.82,0.857,1,248.9,1,0.179,0.786,6,1,0
18.06,356.91,318.55,38.36,0.817,1,288.3,1,0.663,0.485,4,13,1
14.98,376.25,354.36,21.88,0.89,0,83.3,2,0.614,0.468,1,13,1
16.84,376.97,342.37,34.6,0.994,1,137.7,1,0.655,0.503,3,13,1
20.47,377.41,342.96,34.45,0.973,1,71.6,1,0.723,0.46,4,10,1
47.8,347.92,314.16,33.75,0.708,0,12.5,3,0.25,0.803,2,1,0
14.76,312.29,299.1,13.19,0.824,1,1667.9,6,0.81,0.586,4,4,3
3.99,325.87,318.01,7.87,0.483,0,3681.3,0,0.182,0.218,0,2,5
7.68,326.15,313.94,12.21,0.699,1,11787.3,0,0.095,0.319,8,2,2
23.91,368.71,325.81,42.9,0.813,0,145.2,2,0.765,0.323,2,9,1
47.8,349.96,329.75,20.21,0.912,0,495.4,1,0.267,0.899,6,3,0
8.9,313.55,299.94,13.62,0.576,1,1631.3,0,0.065,0.175,6,2,2
93.86,356.29,325.31,30.97,0.798,0,23400.5,0,0.363,0.831,12,1,4
7.67,326.63,318.74,7.9,0.894,0,9393.6,0,0.229,0.273,7,1,2
81.91,351.75,324.03,27.73,0.719,0,559.3,2,0.26,0.799,7,3,0
17.32,307.75,281.05,26.69,0.858,1,474.3,6,0.492,0.603,4,6,3
5.46,312.85,299.36,13.49,0.342,0,6368.7,0,0.058,0.391,1,0,5
106.92,373.36,342.01,31.35,0.842,0,20527.1,0,0.292,0.904,13,1,4
34.27,363.02,333.26,29.76,0.857,1,313.8,5,0.319,0.785,1,2,0
7.1,324.74,312.47,12.26,0.59,0,8593.3,0,0.25,0.402,7,1,2
42.37,334.23,313.82,20.4,0.85,0,571.2,7,0.62,0.608,4,4,3
9.12,322.51,309.07,13.43,0.86,1,441.9,6,0.507,0.675,4,3,3
2.38,310.39,307.78,2.61,0.585,0,3679.5,0,0.295,0.143,2,0,5
7.64,323.2,318.66,4.54,0.687,0,7871.1,0,0.191,0.261,10,3,2
7.37,323.7,310.61,13.09,0.801,0,3405.9,0,0.145,0.14,9,0,2
37.5,319.15,299.89,19.25,0.822,0,138.8,6,0.722,0.39,5,3,3
22.43,398.82,363.66,35.16,0.902,0,62.3,1,0.803,0.465,2,8,1
4.01,303.66,292.61,11.05,0.204,0,3317.5,8,0.279,0.386,2,0,5
20.51,340.74,304.04,36.7,0.808,1,45.3,1,0.914,0.257,1,10,1
30.9,321.33,303.78,17.55,0.848,0,356.3,6,0.648,0.529,4,10,3
16.61,326.22,314.59,11.62,0.505,0,13178.7,0,0.207,0.384,5,0,2
76.47,332.52,305.99,26.53,0.984,0,74.0,2,0.07,0.839,2,1,0
20.33,374.86,351.4,23.46,0.834,1,102.6,1,0.787,0.392,2,12,1
10.83,299.35,285.95,13.41,0.633,0,8671.7,0,0.18,0.425,10,3,2
65.81,355.17,326.25,28.92,0.824,0,19722.7,0,0.426,0.941,17,1,4
100.02,391.74,352.47,39.28,0.953,1,7424.5,0,0.348,0.661,14,0,4
6.42,328.04,315.42,12.63,0.661,0,13299.4,0,0.19,0.417,12,1,2
112.7,363.5,325.84,37.66,0.927,0,16110.3,0,0.373,0.741,11,0,4
19.82,365.26,325.5,39.76,0.822,0,48.8,1,0.901,0.391,4,15,1
25.81,348.68,330.8,17.88,0.899,0,368.8,1,0.14,0.885,3,2,0
25.47,311.91,292.86,19.04,0.635,0,7622.2,0,0.067,0.237,4,0,2
7.57,336.44,326.52,9.92,0.838,1,2501.9,0,0.068,0.35,10,2,2
5.96,317.26,313.15,4.11,0.297,1,2890.1,8,0.065,0.08,0,0,5
26.29,338.84,315.77,23.06,0.721,1,702.7,6,0.521,0.36,1,5,3
3.4,343.05,330.74,12.31,0.807,0,9932.6,0,0.098,0.108,7,4,2
31.85,345.91,313.62,32.3,0.9,1,30.6,1,0.783,0.273,5,10,1
2.13,316.82,302.31,14.51,0.487,1,866.0,0,0.157,0.187,0,1,5
5.07,307.69,295.13,12.57,0.25,1,7363.3,0,0.219,0.199,0,1,5
12.18,357.58,329.11,28.47,0.973,1,118.0,2,0.736,0.429,3,11,1
2.67,318.91,310.61,8.3,0.486,1,6881.0,7,0.068,0.253,0,0,5
64.82,361.88,331.78,30.1,0.716,1,77.8,3,0.395,0.802,2,1,0
54.6,349.74,334.99,14.75,0.817,1,403.9,1,0.296,0.96,4,1,0
25.45,346.34,308.17,38.17,0.967,1,11.0,2,0.668,0.283,2,7,1
21.46,319.97,307.31,12.67,0.565,1,2604.6,0,0.113,0.358,6,0,2
1.45,309.56,301.47,8.08,0.216,0,6436.8,0,0.224,0.075,2,0,5
21.65,349.46,311.95,37.52,0.867,1,87.7,1,0.944,0.233,3,13,1
30.96,353.31,308.09,45.22,0.863,0,9.2,2,0.71,0.336,3,11,1
33.74,369.67,336.59,33.09,0.912,1,466.4,1,0.963,0.252,4,10,1
15.64,360.41,331.28,29.12,0.778,0,117.0,6,0.697,0.374,4,8,3
38.04,360.2,323.25,36.95,0.814,0,164.7,7,0.203,0.761,2,3,0
3.39,328.65,321.23,7.42,0.544,1,862.0,7,0.046,0.394,0,0,5
34.09,349.33,312.09,37.24,0.926,0,6.6,2,0.803,0.4,3,19,1
9.2,326.11,310.91,15.2,0.794,0,8039.5,0,0.15,0.373,10,1,2
36.94,354.62,333.4,21.22,0.769,1,288.1,3,0.196,0.977,6,2,0
5.86,308.46,302.06,6.4,0.874,0,8822.4,0,0.114,0.437,6,2,2
93.08,337.22,309.14,28.08,0.868,1,12741.9,0,0.216,0.691,10,1,4
37.46,351.56,317.34,34.22,0.996,1,278.5,3,0.749,0.289,1,11,1
19.34,322.67,306.61,16.06,0.824,0,12212.4,0,0.235,0.435,10,3,2
20.66,352.1,320.22,31.89,0.861,1,62.3,2,0.654,0.255,3,13,1
27.1,346.05,320.57,25.48,0.961,1,185.0,1,0.698,0.28,1,10,1
36.99,348.28,320.16,28.12,0.941,1,11.5,1,0.656,0.288,2,14,1
12.8,311.5,300.35,11.15,0.81,0,12636.9,0,0.246,0.16,11,3,2
28.87,315.94,301.94,13.99,0.831,0,9074.5,0,0.145,0.209,9,1,2
53.54,344.18,307.21,36.97,0.806,1,15390.3,0,0.303,0.844,9,2,4
78.85,352.77,333.04,19.73,0.786,1,5461.0,0,0.118,0.652,12,2,4
6.08,313.98,300.37,13.61,0.512,1,8677.9,0,0.136,0.184,7,0,2
44.41,332.23,305.65,26.58,0.845,0,17278.3,0,0.383,0.692,14,3,4
9.32,311.24,298.01,13.23,0.773,0,7974.8,0,0.186,0.257,7,2,2
7.36,321.12,309.65,11.47,0.528,0,3698.7,0,0.084,0.242,4,2,2
59.43,324.89,294.29,30.59,0.969,1,67.8,3,0.159,0.753,2,2,0
61.11,337.92,313.09,24.83,0.772,1,150.1,1,0.115,0.809,3,0,0
4.41,307.72,299.98,7.74,0.526,0,5969.7,7,0.069,0.124,1,0,5
20.99,328.53,307.67,20.86,0.782,1,10.9,1,0.348,0.752,3,1,0
24.48,285.1,263.94,21.16,0.702,0,113.8,4,0.505,0.675,3,6,3
116.61,347.32,319.68,27.65,0.787,0,21644.6,0,0.238,0.87,14,1,4
35.71,326.62,308.74,17.88,0.661,1,733.0,6,0.597,0.566,3,6,3
9.24,317.7,308.29,9.42,0.536,1,5747.8,0,0.181,0.289,1,0,5
18.26,326.17,303.89,22.28,0.758,0,904.4,6,0.724,0.625,5,5,3
13.2,299.52,293.09,6.42,0.47,1,7892.3,0,0.265,0.219,1,1,5
23.77,319.54,316.17,3.37,0.679,0,13366.8,0,0.136,0.429,7,1,2
62.47,313.47,281.7,31.77,0.968,0,707.1,3,0.123,0.89,4,0,0
3.1,328.8,313.57,15.23,0.525,1,7795.5,0,0.07,0.205,6,1,2
7.6,335.23,320.63,14.6,0.88,0,795.9,6,0.694,0.387,4,7,3
83.79,310.04,269.84,40.2,0.915,1,9357.8,0,0.324,0.904,17,1,4
5.49,293.26,279.96,13.3,0.73,0,8898.8,0,0.126,0.192,11,0,2
118.69,373.9,345.88,28.03,0.939,1,23464.7,0,0.105,0.708,12,1,4
28.16,387.48,361.93,25.55,0.891,1,254.0,1,0.826,0.376,1,12,1
30.36,315.3,298.57,16.72,0.823,1,715.5,6,0.591,0.585,4,4,3
14.07,318.93,304.37,14.56,0.693,0,5508.7,0,0.167,0.39,9,1,2
60.4,340.92,321.68,19.24,0.952,0,152.7,2,0.124,0.801,2,0,0
51.95,341.68,317.92,23.76,0.807,0,171.7,7,0.435,0.883,4,2,0
23.02,338.11,314.25,23.86,0.64,0,602.7,6,0.543,0.632,2,5,3
66.22,358.29,332.26,26.03,0.727,0,8.3,1,0.205,0.776,4,0,0
8.96,328.51,312.62,15.89,0.68,0,4015.5,0,0.044,0.223,10,0,2
29.15,331.15,314.07,17.08,0.634,1,688.0,6,0.424,0.647,6,6,3
37.09,357.66,333.39,24.27,0.863,1,27.4,1,0.374,0.725,4,0,0
42.24,297.84,267.91,29.93,0.708,0,5.7,3,0.176,0.842,4,0,0
28.46,310.98,292.94,18.03,0.605,1,356.1,7,0.813,0.524,4,4,3
107.37,350.42,320.41,30.01,0.84,1,75.4,1,0.444,0.955,1,1,0
40.75,364.77,336.35,28.42,0.988,1,90.7,2,0.741,0.237,3,8,1
26.12,326.67,315.21,11.46,0.684,0,8923.0,0,0.196,0.211,6,1,2
30.11,374.43,347.62,26.8,0.934,1,906.0,2,0.336,0.922,5,1,0
31.74,359.15,325.21,33.93,0.956,1,111.0,1,0.637,0.482,1,12,1
26.59,311.16,279.29,31.87,0.76,1,210.3,5,0.272,0.918,1,1,0
36.19,364.06,328.79,35.27,0.807,1,14887.1,0,0.141,0.8,15,2,4
96.62,336.58,318.46,18.12,0.857,0,225.9,2,0.382,0.776,7,3,0
3.13,318.88,309.19,9.69,0.564,0,14483.4,0,0.037,0.413,10,1,2
6.78,316.46,303.61,12.85,0.855,0,11755.6,0,0.209,0.377,8,2,2
11.44,310.95,300.07,10.88,0.348,0,661.4,0,0.186,0.2,1,0,5
23.63,370.8,328.12,42.68,0.884,1,70.4,1,0.897,0.3,3,15,1
13.94,317.05,299.75,17.3,0.735,1,3484.8,0,0.218,0.233,7,2,2
15.3,306.57,296.64,9.94,0.846,1,12418.1,0,0.187,0.1,5,2,2
15.87,364.69,326.98,37.71,0.81,1,63.0,1,0.859,0.414,3,13,1
124.66,344.7,330.89,13.81,0.867,1,12976.8,0,0.401,0.684,12,2,4
37.09,324.1,311.37,12.73,0.681,1,250.2,6,0.62,0.508,2,5,3
19.48,365.18,328.52,36.66,0.822,1,205.4,1,0.734,0.319,2,11,1
13.15,303.31,295.81,7.49,0.424,0,2847.5,7,0.125,0.241,0,0,5
13.98,367.16,344.79,22.37,0.961,0,126.7,1,0.639,0.453,1,9,1
20.23,343.01,317.81,25.2,0.92,1,24.1,2,0.619,0.314,1,10,1
127.83,365.0,329.32,35.68,0.895,0,23244.9,0,0.16,0.914,9,2,4
37.13,356.33,349.32,7.01,0.856,1,72.5,1,0.357,0.812,5,4,0
8.01,338.53,329.06,9.47,0.665,0,13898.8,0,0.087,0.318,11,0,2
25.03,321.36,312.18,9.18,0.843,0,14900.0,0,0.116,0.196,3,2,2
143.72,404.98,377.9,27.08,0.777,1,12710.0,0,0.396,0.928,17,0,4
2.92,312.99,296.69,16.3,0.54,1,2940.2,0,0.088,0.364,1,0,5
12.31,345.21,306.25,38.96,0.933,0,30.1,1,0.71,0.432,2,14,1
18.08,349.11,307.42,41.69,0.858,1,175.4,1,0.745,0.211,3,16,1
3.26,329.38,322.69,6.69,0.662,1,11697.4,0,0.108,0.181,10,2,2
24.81,358.47,316.68,41.78,0.982,1,28.2,2,0.638,0.513,1,15,1
15.49,315.54,301.77,13.77,0.837,1,1096.9,7,0.76,0.412,2,2,3
9.64,314.19,301.91,12.29,0.616,0,11434.4,0,0.03,0.373,8,0,2
20.08,346.38,329.46,16.92,0.838,0,307.5,6,0.477,0.631,4,4,3
7.22,303.03,296.33,6.7,0.447,1,6856.3,7,0.248,0.291,3,0,5
25.97,371.17,324.55,46.62,0.971,0,177.0,2,0.606,0.396,2,15,1
105.24,404.31,364.9,39.41,0.897,1,5483.1,0,0.146,0.695,16,0,4
15.61,342.17,332.74,9.43,0.862,1,11291.7,0,0.191,0.245,11,1,2
4.2,316.23,309.05,7.18,0.547,0,13140.0,0,0.106,0.28,8,1,2
67.51,358.72,329.75,28.97,0.828,1,11398.5,0,0.178,0.766,12,0,4
22.46,330.29,299.1,31.19,0.884,1,289.7,1,0.706,0.388,5,11,1
9.51,319.4,307.8,11.6,0.698,0,5292.2,0,0.211,0.368,16,0,2
87.95,364.52,334.56,29.97,0.803,1,10680.4,0,0.435,0.852,10,0,4
18.2,328.79,295.57,33.22,0.925,1,177.6,1,0.633,0.419,2,7,1
35.27,346.54,316.4,30.14,0.907,1,128.4,3,0.281,0.836,5,1,0
9.42,308.95,303.43,5.53,0.496,1,6318.7,0,0.134,0.212,0,0,5
53.09,339.01,321.21,17.8,0.964,1,47.4,2,0.343,0.968,6,2,0
57.54,364.5,340.57,23.94,0.812,0,231.3,2,0.082,0.762,2,2,0
8.35,357.91,327.91,30.0,0.861,1,128.6,1,0.642,0.431,3,9,1
59.25,351.95,319.84,32.11,0.806,0,21819.9,0,0.328,0.69,11,1,4
14.56,321.67,310.19,11.49,0.626,0,4753.2,0,0.136,0.137,8,1,2
9.68,338.12,319.15,18.97,0.561,0,12626.7,0,0.131,0.335,11,0,2
53.92,381.8,359.27,22.53,0.917,0,4307.0,0,0.398,0.791,9,0,4
3.85,285.87,272.0,13.87,0.578,0,12328.5,0,0.025,0.356,7,2,2
35.15,360.9,336.36,24.53,0.862,1,20.1,3,0.379,0.807,4,0,0
57.57,342.84,305.48,37.36,0.854,0,16410.5,0,0.104,0.847,12,0,4
23.21,317.73,306.81,10.92,0.875,0,1663.3,6,0.619,0.685,5,5,3
76.53,348.62,324.27,24.35,0.721,1,131.5,2,0.17,0.953,2,2,0
18.84,364.51,334.74,29.76,0.937,1,118.4,2,0.73,0.399,4,12,1
7.3,301.74,298.33,3.41,0.356,1,3852.0,0,0.098,0.272,1,0,5
15.32,325.4,320.67,4.74,0.494,0,807.6,0,0.207,0.224,0,0,5
25.88,358.55,312.14,46.4,0.889,1,46.3,1,0.884,0.2,3,11,1
24.14,322.19,309.65,12.53,0.775,0,11560.2,0,0.086,0.181,8,3,2
20.62,344.26,323.19,21.07,0.607,0,434.5,6,0.614,0.565,3,4,3
3.48,318.69,312.19,6.51,0.565,1,3980.9,0,0.105,0.101,0,0,5
8.17,334.6,327.54,7.06,0.843,1,4338.9,0,0.048,0.359,10,1,2
92.09,364.35,326.79,37.56,0.842,0,3032.5,0,0.419,0.798,10,1,4
4.35,332.99,320.54,12.45,0.842,0,2638.7,0,0.029,0.317,4,0,2
20.03,304.52,294.44,10.08,0.415,1,5095.8,0,0.242,0.341,3,2,5
34.62,334.79,310.93,23.86,0.714,0,1106.1,6,0.754,0.397,6,4,3
121.45,361.94,329.15,32.79,0.751,1,18740.6,0,0.476,0.929,16,1,4
10.37,314.77,302.32,12.46,0.741,0,12855.2,0,0.229,0.2,7,4,2
112.04,325.13,298.57,26.56,0.93,1,420.6,1,0.137,0.932,3,2,0
44.42,357.82,302.53,55.29,0.896,0,72.7,1,0.704,0.278,2,17,1
41.5,345.07,320.71,24.36,0.68,1,471.8,6,0.798,0.536,7,5,3
16.43,332.39,314.99,17.4,0.723,0,167.8,6,0.563,0.671,3,6,3
14.8,326.4,311.31,15.09,0.812,0,7565.4,0,0.036,0.284,7,1,2
18.28,334.93,311.48,23.45,0.823,0,1388.6,6,0.776,0.666,6,3,3
53.5,358.86,330.65,28.21,0.994,0,16772.5,0,0.456,0.848,12,0,4
7.56,311.56,299.94,11.62,0.843,0,10671.3,0,0.221,0.288,11,1,2
53.82,367.18,339.81,27.37,0.957,1,16622.7,0,0.235,0.822,13,3,4
44.55,330.12,306.54,23.58,0.962,0,229.1,1,0.299,0.8,4,2,0
8.7,298.05,283.23,14.82,0.732,0,13745.3,0,0.223,0.352,4,3,2
23.48,368.98,340.78,28.2,0.902,0,106.7,1,0.916,0.48,3,9,1
7.6,315.28,302.89,12.39,0.573,0,8712.7,0,0.176,0.164,5,0,2
2.59,317.04,300.24,16.79,0.77,0,4178.8,0,0.069,0.168,7,1,2
37.93,336.27,308.5,27.77,0.882,0,158.5,1,0.085,0.762,2,1,0
12.15,315.12,296.24,18.88,0.572,0,6276.2,0,0.237,0.197,6,1,2
86.61,320.73,291.27,29.46,0.742,1,748.9,2,0.119,0.776,1,1,0
42.12,369.74,333.69,36.05,0.782,0,146.2,1,0.227,0.881,6,2,0
53.04,378.09,356.57,21.52,0.712,0,147.7,5,0.317,0.822,6,1,0
5.81,323.74,313.34,10.4,0.762,0,6782.5,0,0.207,0.245,10,3,2
22.66,312.91,289.99,22.93,0.908,1,306.9,6,0.831,0.692,2,5,3
100.7,338.66,314.37,24.29,0.875,0,26.1,3,0.259,0.745,3,1,0
5.97,316.81,313.63,3.18,0.513,1,6418.0,8,0.288,0.121,1,1,5
10.82,331.78,323.36,8.42,0.596,0,5953.9,0,0.046,0.282,5,0,2
23.9,355.76,320.05,35.71,0.855,1,73.9,2,0.791,0.366,2,9,1
24.06,352.48,332.11,20.37,0.906,0,2270.1,6,0.605,0.656,3,3,3
19.37,311.93,294.9,17.03,0.763,1,355.1,7,0.714,0.581,2,8,3
5.6,321.91,313.6,8.31,0.718,1,9766.8,0,0.066,0.417,7,4,2
6.12,334.11,317.3,16.81,0.552,0,3285.5,0,0.031,0.233,8,3,2
22.99,307.98,293.25,14.72,0.637,0,14462.2,0,0.03,0.12,8,0,2
35.26,338.78,328.39,10.38,0.759,1,11395.5,0,0.052,0.317,6,1,2
21.5,321.59,311.71,9.88,0.571,1,13444.8,0,0.179,0.123,9,0,2
70.3,376.24,349.02,27.22,0.947,1,21420.0,0,0.427,0.749,10,1,4
13.4,315.86,298.69,17.17,0.845,1,1691.3,6,0.582,0.554,5,2,3
16.31,349.66,323.24,26.43,0.834,0,83.2,2,0.622,0.39,5,14,1
21.76,351.74,326.86,24.88,0.815,1,42.9,1,0.859,0.276,2,14,1
27.72,352.29,334.7,17.59,0.748,1,704.2,6,0.69,0.65,3,8,3
7.03,305.73,295.31,10.41,0.232,0,7176.7,0,0.289,0.064,0,0,5
36.36,334.54,302.47,32.07,0.883,1,167.2,1,0.635,0.272,1,10,1
45.88,330.78,317.46,13.33,0.803,1,990.2,7,0.728,0.698,4,1,3
11.47,358.71,323.83,34.88,0.959,1,157.0,1,0.7,0.41,1,12,1
22.69,371.96,354.75,17.21,0.901,1,526.2,6,0.7,0.544,5,1,3
13.79,356.06,321.38,34.68,0.898,1,119.3,1,0.699,0.501,5,9,1
77.34,337.34,304.99,32.35,0.938,0,23222.2,0,0.192,0.813,10,1,4
4.85,299.45,288.32,11.13,0.709,0,9474.7,0,0.245,0.144,9,3,2
31.22,354.51,317.41,37.11,0.944,0,246.7,2,0.939,0.319,2,13,1
81.63,319.37,297.1,22.26,0.875,0,107.3,2,0.131,0.744,4,1,0
96.23,327.85,295.25,32.6,0.932,1,18905.0,0,0.444,0.883,13,4,4
132.19,394.13,363.85,30.28,0.895,1,5529.9,0,0.31,0.859,9,0,4
16.49,303.6,298.78,4.82,0.696,0,260.8,4,0.519,0.674,5,4,3
101.25,347.96,310.03,37.94,0.796,1,13557.2,0,0.336,0.683,10,1,4
20.31,320.67,309.41,11.27,0.829,1,3655.3,0,0.175,0.182,7,4,2
4.63,313.17,301.73,11.44,0.567,1,6171.0,8,0.193,0.098,3,0,5
11.35,327.33,315.62,11.71,0.745,0,5717.8,0,0.093,0.197,7,1,2
24.83,321.25,295.09,26.16,0.678,0,119.9,6,0.423,0.64,4,6,3
14.02,318.96,312.93,6.03,0.477,1,4258.3,0,0.279,0.21,2,0,5
15.06,307.42,295.98,11.45,0.572,0,1753.2,0,0.158,0.212,9,1,2
78.75,367.87,332.67,35.21,0.791,0,23159.6,0,0.186,0.676,13,4,4
12.75,303.65,290.11,13.54,0.717,0,2388.0,0,0.162,0.278,6,2,2
23.3,374.45,346.94,27.51,0.902,1,11.5,2,0.856,0.533,2,10,1
60.02,364.94,336.54,28.4,0.996,0,164.7,7,0.117,0.901,2,2,0
7.84,311.24,303.89,7.35,0.699,1,3881.3,0,0.162,0.229,11,2,2
57.93,342.52,310.34,32.18,0.834,1,240.2,2,0.278,0.894,4,0,0
7.33,322.61,313.52,9.08,0.564,0,3692.1,7,0.049,0.141,0,0,5
23.51,352.94,314.11,38.83,0.947,1,43.7,1,0.912,0.29,3,13,1
3.39,335.05,321.24,13.82,0.679,0,2819.0,0,0.1,0.284,5,1,2
56.12,361.87,331.64,30.23,0.918,0,94.3,5,0.069,0.969,4,1,0
36.47,351.4,323.86,27.54,0.936,0,118.9,1,0.747,0.5,2,11,1
11.41,320.74,305.02,15.72,0.9,0,9973.2,0,0.046,0.227,10,0,2
16.9,324.43,305.01,19.42,0.847,0,9868.8,0,0.218,0.143,7,3,2
24.44,353.71,329.3,24.41,0.85,0,160.5,2,0.229,0.802,1,1,0
22.4,337.93,318.65,19.29,0.808,1,471.0,6,0.612,0.679,3,6,3
3.81,303.28,295.31,7.98,0.463,0,5861.5,8,0.057,0.323,1,1,5
88.11,365.83,342.95,22.88,0.889,1,12412.8,0,0.101,0.818,9,0,4
102.05,359.83,331.5,28.33,0.795,0,12104.0,0,0.38,0.844,11,1,4
41.83,349.03,329.11,19.92,0.904,1,355.4,2,0.104,0.781,7,1,0
105.77,336.75,308.82,27.93,0.929,1,19130.2,0,0.137,0.698,16,1,4
16.87,356.27,327.54,28.73,0.898,1,76.4,3,0.66,0.448,3,11,1
18.94,323.74,313.55,10.2,0.876,0,6177.4,0,0.188,0.35,4,1,2
26.88,318.08,304.77,13.31,0.708,0,6809.4,0,0.097,0.141,7,2,2
14.91,304.11,301.32,2.8,0.622,0,11551.6,0,0.086,0.214,12,2,2
18.74,322.47,311.2,11.27,0.709,0,13724.2,0,0.151,0.11,9,2,2
106.87,368.16,336.57,31.59,0.884,0,6032.4,0,0.413,0.679,11,1,4
7.38,317.03,301.42,15.61,0.783,0,8641.0,0,0.235,0.115,7,0,2
16.54,329.19,314.77,14.42,0.61,0,369.4,6,0.478,0.663,3,5,3
111.11,334.02,309.08,24.95,0.848,0,15678.3,0,0.369,0.769,13,1,4
37.34,354.25,320.11,34.15,0.922,1,10.2,3,0.918,0.309,3,10,1
12.93,333.94,322.03,11.91,0.731,0,1636.9,0,0.063,0.224,10,2,2
10.26,314.78,302.78,12.0,0.878,0,10392.6,0,0.207,0.362,11,1,2
44.58,323.72,303.37,20.35,0.64,1,683.5,4,0.682,0.587,4,4,3
13.32,321.48,309.3,12.18,0.857,0,8289.5,0,0.223,0.204,5,0,2
19.15,318.6,309.08,9.52,0.615,0,2169.8,0,0.096,0.224,7,2,2
59.01,327.71,312.51,15.2,0.724,0,521.1,7,0.74,0.456,3,4,3
20.28,301.68,288.19,13.49,0.665,0,10178.4,0,0.114,0.214,8,1,2
75.86,379.99,344.17,35.81,0.987,1,13544.7,0,0.367,0.903,11,2,4
44.38,341.04,328.44,12.59,0.759,1,59.3,1,0.257,0.702,1,0,0
14.15,308.31,296.21,12.1,0.577,0,2539.7,0,0.22,0.377,11,0,2
14.04,356.61,325.42,31.19,0.832,0,102.7,1,0.859,0.437,3,9,1
34.94,354.26,324.28,29.99,0.953,0,14.3,2,0.826,0.45,2,10,1
11.01,337.89,328.78,9.11,0.815,0,3719.3,0,0.068,0.179,8,2,2
4.98,306.94,293.39,13.55,0.501,0,3038.7,0,0.223,0.357,14,1,2
16.1,325.49,314.26,11.24,0.572,0,2944.3,0,0.118,0.104,7,1,2
8.36,297.47,286.01,11.46,0.681,1,5960.0,0,0.176,0.206,12,1,2
74.74,341.02,315.23,25.79,0.788,1,14202.7,0,0.139,0.832,12,2,4
5.88,315.79,305.7,10.08,0.762,0,13663.8,0,0.127,0.154,8,0,2
4.2,330.58,319.01,11.57,0.778,0,3612.4,0,0.154,0.438,7,1,2
34.29,338.26,319.83,18.43,0.876,1,181.6,3,0.222,0.904,2,0,0
18.11,355.02,317.92,37.11,0.989,0,90.9,1,0.788,0.395,1,13,1
5.85,308.14,291.79,16.35,0.631,0,12273.4,0,0.185,0.11,7,2,2
28.32,366.41,339.42,26.99,0.802,0,112.8,1,0.611,0.363,3,12,1
60.92,352.28,328.04,24.24,0.827,0,51.2,5,0.194,0.874,4,1,0
83.53,367.27,328.27,39.0,0.918,0,3627.0,0,0.449,0.76,14,1,4
70.11,348.12,322.41,25.71,0.856,1,6703.2,0,0.11,0.896,11,0,4
43.6,368.8,347.56,21.24,0.702,1,284.3,3,0.24,0.88,7,1,0
3.31,312.25,308.54,3.71,0.476,1,4197.1,0,0.268,0.291,3,0,5
91.34,349.42,315.68,33.74,0.921,0,9741.0,0,0.261,0.907,13,2,4
3.62,303.85,288.75,15.1,0.534,0,3782.0,0,0.081,0.309,0,0,5
24.35,358.04,324.02,34.01,0.848,0,7.2,1,0.746,0.525,2,10,1
9.84,310.11,293.95,16.16,0.669,0,14547.3,0,0.207,0.12,4,0,2
25.6,359.45,322.83,36.62,1.0,1,207.5,1,0.709,0.33,2,15,1
6.84,324.88,314.59,10.29,0.692,0,1724.1,0,0.049,0.251,5,0,2
26.96,302.4,297.99,4.41,0.877,0,14887.0,0,0.144,0.395,5,1,2
64.83,350.3,320.31,29.99,0.927,1,268.3,2,0.262,0.952,3,1,0
16.47,294.39,280.57,13.82,0.828,0,8073.1,0,0.051,0.336,6,2,2
9.8,316.73,307.25,9.48,0.826,0,9081.8,0,0.19,0.114,7,0,2
18.4,324.66,313.56,11.1,0.519,0,14111.1,0,0.197,0.382,10,5,2
18.52,335.13,329.97,5.16,0.674,0,4416.1,0,0.073,0.377,9,1,2
120.29,366.0,335.15,30.85,0.797,1,11361.9,0,0.341,0.768,11,2,4
19.14,362.43,336.04,26.39,0.976,0,16.3,1,0.661,0.239,2,14,1
13.78,310.5,296.78,13.72,0.807,0,6586.8,0,0.248,0.167,6,3,2
8.54,319.27,311.7,7.57,0.519,0,1895.3,0,0.134,0.337,7,1,2
41.83,320.86,295.0,25.86,0.852,1,112.7,1,0.155,0.822,4,4,0
55.06,321.72,293.29,28.43,0.792,1,97.2,1,0.118,0.817,3,1,0
74.45,331.04,317.16,13.88,0.705,0,60.3,1,0.303,0.768,4,2,0
22.41,346.34,310.84,35.5,0.967,1,16.9,1,0.845,0.393,2,12,1
12.7,312.2,302.7,9.49,0.507,0,4019.4,0,0.06,0.1,7,2,2
12.18,304.64,295.26,9.38,0.887,0,11776.8,0,0.038,0.167,5,0,2
86.1,332.38,304.79,27.6,0.963,0,287.2,2,0.181,0.744,3,0,0
13.09,365.89,338.42,27.46,0.992,1,10.6,2,0.786,0.471,1,12,1
21.65,334.54,315.32,19.21,0.704,0,2720.6,0,0.199,0.271,7,0,2
43.45,359.62,335.91,23.7,0.868,1,187.3,7,0.368,0.711,3,4,0
41.17,321.64,301.19,20.45,0.704,1,342.9,7,0.276,0.844,2,1,0
61.7,388.8,379.51,9.29,0.829,0,19754.4,0,0.196,0.694,8,2,4
37.62,380.79,350.68,30.11,0.85,1,39.5,1,0.948,0.217,2,13,1
99.18,369.64,334.47,35.17,0.876,1,7852.9,0,0.103,0.734,11,2,4
6.02,304.18,294.1,10.08,0.608,0,11491.2,0,0.029,0.385,7,2,2
21.74,356.71,322.07,34.63,0.816,1,11.1,1,0.924,0.301,3,10,1
39.48,350.75,340.32,10.43,0.851,1,37.7,2,0.668,0.329,3,21,1
3.48,292.92,284.86,8.06,0.508,0,5018.2,0,0.086,0.398,0,1,5
5.58,310.91,304.71,6.2,0.433,0,2586.4,8,0.128,0.326,1,1,5
9.33,329.89,320.47,9.42,0.751,0,9140.0,0,0.226,0.201,7,1,2
21.28,317.1,300.58,16.51,0.779,0,1083.6,6,0.404,0.68,1,10,3
40.49,364.78,336.85,27.93,0.702,1,36.4,2,0.399,0.763,2,1,0
4.43,303.65,292.08,11.56,0.532,0,1032.3,0,0.066,0.33,1,2,5
1.66,290.1,282.03,8.07,0.56,1,4638.2,0,0.206,0.092,3,1,5
33.43,363.59,337.73,25.86,0.985,1,192.6,3,0.927,0.395,2,10,1
12.81,329.35,301.13,28.22,0.81,1,1177.7,7,0.801,0.548,2,5,3
148.08,373.75,353.54,20.21,0.969,1,11543.6,0,0.264,0.786,14,1,4
28.43,325.56,303.65,21.91,0.92,1,1485.6,6,0.747,0.512,4,4,3
14.37,294.1,289.03,5.07,0.83,0,13951.0,0,0.236,0.21,8,1,2
6.08,309.49,298.2,11.28,0.801,0,3458.0,0,0.126,0.225,10,1,2
19.27,338.28,329.51,8.77,0.699,0,12593.3,0,0.185,0.125,6,3,2
3.16,305.81,303.86,1.95,0.381,1,5005.1,7,0.101,0.066,0,0,5
19.92,377.78,348.5,29.28,0.814,1,112.2,1,0.753,0.345,2,14,1
116.0,344.95,326.04,18.91,0.78,0,7737.7,0,0.108,0.829,11,0,4
23.14,332.93,307.94,24.99,0.73,0,100.6,7,0.743,0.606,2,5,3
12.71,369.37,342.52,26.84,0.93,1,60.9,1,0.708,0.23,2,19,1
10.5,328.26,314.09,14.18,0.713,0,7954.7,0,0.084,0.21,9,4,2
11.22,350.76,322.14,28.62,0.962,0,257.1,1,0.664,0.367,3,11,1
27.17,304.28,292.92,11.35,0.601,0,12983.2,0,0.153,0.402,12,0,2
12.53,328.2,328.38,-0.18,0.549,0,9939.5,0,0.135,0.394,6,2,2
6.31,311.11,299.64,11.47,0.351,1,749.9,0,0.015,0.179,0,0,5
69.57,335.14,307.97,27.17,0.776,1,135.0,3,0.143,0.942,3,1,0
82.33,358.2,336.54,21.67,0.871,1,621.9,2,0.233,0.965,2,1,0
6.94,298.26,295.06,3.21,0.539,0,6360.0,0,0.18,0.141,2,1,5
49.3,352.67,315.47,37.2,0.987,1,387.9,3,0.671,0.491,1,10,1
9.67,370.78,354.14,16.64,0.947,0,116.3,1,0.754,0.281,1,17,1
2.56,310.13,299.93,10.2,0.536,0,2040.2,7,0.131,0.327,0,0,5
33.17,303.35,288.22,15.13,0.893,1,671.5,6,0.813,0.412,6,2,3
6.37,323.34,310.09,13.26,0.52,0,11780.4,0,0.192,0.151,11,0,2
3.62,314.6,311.09,3.51,0.243,0,7565.4,0,0.292,0.341,3,1,5
76.46,409.2,366.68,42.52,0.917,1,9900.1,0,0.408,0.771,11,1,4
24.77,320.03,305.46,14.56,0.894,0,9995.2,0,0.238,0.36,7,3,2
24.1,317.65,292.74,24.91,0.857,0,913.2,7,0.691,0.589,5,1,3
9.75,324.0,308.04,15.96,0.808,0,6485.6,0,0.224,0.362,9,2,2
12.6,329.52,318.3,11.22,0.765,0,2817.8,0,0.193,0.215,6,1,2
43.44,334.41,322.24,12.17,0.601,1,382.4,6,0.512,0.365,4,6,3
5.4,318.73,314.86,3.87,0.234,0,1932.1,8,0.126,0.367,0,0,5
13.44,317.12,291.92,25.21,0.861,1,195.4,7,0.691,0.671,6,3,3
29.61,346.53,339.48,7.05,0.774,1,195.2,3,0.352,0.862,4,0,0
7.75,361.27,325.1,36.17,0.834,1,102.8,1,0.836,0.341,1,10,1
7.45,305.52,290.83,14.7,0.772,0,5211.6,0,0.066,0.409,3,3,2
14.56,348.49,337.34,11.15,0.899,0,13694.9,0,0.085,0.125,5,0,2
15.57,371.43,330.32,41.12,0.833,0,107.3,2,0.657,0.33,4,11,1
5.68,281.57,278.38,3.2,0.52,1,7980.8,0,0.025,0.126,0,0,5
9.11,335.64,317.62,18.02,0.672,0,713.7,6,0.563,0.645,1,6,3
10.06,319.69,304.91,14.78,0.767,0,5835.0,0,0.026,0.378,9,3,2
86.7,355.09,336.19,18.91,0.884,0,190.9,7,0.425,0.701,2,1,0
8.36,318.24,304.14,14.1,0.857,0,9726.1,0,0.115,0.146,8,1,2
40.34,370.25,353.66,16.59,0.89,1,17.0,5,0.178,0.752,1,2,0
109.14,380.39,342.31,38.08,0.838,0,17985.4,0,0.247,0.935,12,0,4
25.63,353.02,334.44,18.58,0.961,0,26.3,1,0.66,0.442,5,8,1
25.36,346.93,298.55,48.37,0.838,0,133.8,1,0.687,0.333,4,11,1
7.41,302.62,294.58,8.04,0.501,0,3973.3,0,0.203,0.333,9,1,2
87.78,335.65,312.7,22.95,0.875,1,85.4,1,0.186,0.842,4,1,0
105.03,381.69,358.23,23.46,0.951,1,13351.1,0,0.494,0.809,16,0,4
47.57,320.25,298.32,21.93,0.723,0,458.0,6,0.801,0.387,6,5,3
6.16,327.88,314.52,13.35,0.589,0,12971.4,0,0.06,0.389,8,0,2
2.13,315.34,309.59,5.75,0.574,1,3240.2,0,0.21,0.336,1,0,5
25.55,369.14,323.65,45.48,0.941,1,401.6,1,0.934,0.208,2,12,1
9.26,311.3,298.11,13.19,0.844,1,14250.9,0,0.063,0.415,6,0,2
17.37,351.42,313.0,38.42,0.83,0,120.6,2,0.368,0.914,2,3,0
13.35,318.59,313.47,5.12,0.251,0,4996.5,0,0.186,0.333,3,0,5
2.72,302.81,292.49,10.32,0.408,1,5706.4,0,0.149,0.219,1,0,5
33.72,339.54,301.29,38.25,0.914,1,205.6,1,0.932,0.484,2,14,1
69.1,375.32,348.46,26.86,0.797,1,15913.5,0,0.249,0.712,12,1,4
9.61,315.84,302.73,13.11,0.877,0,6871.0,0,0.138,0.337,11,1,2
21.8,349.22,327.46,21.75,0.74,0,293.7,4,0.504,0.401,3,5,3
69.63,377.41,353.36,24.05,0.888,0,7339.4,0,0.191,0.938,13,1,4
10.67,338.07,325.22,12.85,0.713,0,628.2,6,0.576,0.653,5,5,3
8.33,316.47,297.43,19.04,0.881,0,14351.2,0,0.182,0.127,8,2,2
11.0,299.06,288.95,10.12,0.523,0,9126.2,0,0.181,0.434,9,1,2
6.66,322.27,307.26,15.01,0.734,0,4484.3,0,0.229,0.327,5,2,2
18.5,329.26,318.29,10.97,0.524,0,5594.3,0,0.172,0.119,4,1,2
5.01,317.5,300.79,16.71,0.599,0,7321.1,0,0.158,0.379,6,1,2
28.22,344.91,317.52,27.39,0.703,0,70.0,2,0.08,0.964,6,2,0
4.88,335.8,321.94,13.86,0.894,1,9509.4,0,0.226,0.154,8,1,2
5.54,312.25,302.44,9.81,0.254,1,3856.0,8,0.036,0.19,0,0,5
13.27,309.82,305.48,4.34,0.206,1,1220.1,0,0.112,0.349,4,0,5
135.18,358.66,326.27,32.39,0.984,0,22105.2,0,0.454,0.871,9,1,4
36.77,319.55,301.61,17.93,0.667,1,868.5,6,0.731,0.584,3,3,3
20.63,342.66,316.42,26.24,0.837,0,206.6,1,0.15,0.799,3,1,0
38.81,333.56,319.3,14.27,0.673,0,158.2,6,0.402,0.461,5,4,3
10.64,306.67,299.84,6.83,0.633,0,6273.7,0,0.096,0.11,9,2,2
63.78,365.63,332.99,32.64,0.884,1,117.8,5,0.194,0.959,4,0,0
8.09,329.42,320.15,9.26,0.692,0,2119.0,0,0.072,0.271,6,3,2
59.24,357.93,333.88,24.05,0.913,0,131.1,1,0.444,0.887,3,1,0
17.3,319.34,305.48,13.86,0.656,0,3408.8,0,0.098,0.108,6,1,2
8.45,326.17,310.39,15.78,0.82,0,14733.8,0,0.055,0.369,10,1,2
7.8,317.14,300.96,16.17,0.851,0,14765.9,0,0.169,0.319,9,2,2
44.59,330.64,305.04,25.61,0.858,1,15.2,5,0.281,0.966,4,1,0
9.3,345.07,325.84,19.23,0.813,0,926.8,6,0.79,0.615,5,3,3
47.89,377.7,357.51,20.19,0.8,0,75.1,5,0.409,0.845,2,1,0
29.27,342.78,297.89,44.89,0.987,1,370.9,1,0.963,0.39,2,8,1
11.44,327.09,318.44,8.65,0.793,0,2221.3,0,0.084,0.249,5,3,2
6.72,324.54,312.53,12.01,0.564,0,7856.1,0,0.22,0.297,7,1,2
68.76,318.49,296.44,22.05,0.74,0,637.2,2,0.123,0.935,4,3,0
11.31,322.92,315.04,7.88,0.652,0,10064.2,0,0.059,0.256,12,1,2
2.79,319.64,308.01,11.64,0.503,1,6287.6,0,0.178,0.097,2,3,5
49.74,353.2,341.73,11.46,0.902,1,190.1,6,0.585,0.459,6,3,3
11.33,338.88,324.95,13.93,0.709,1,269.9,7,0.713,0.353,2,1,3
3.45,299.38,285.12,14.26,0.687,0,11460.0,0,0.048,0.363,10,4,2
56.1,364.75,345.12,19.62,0.953,1,82.1,2,0.335,0.962,2,0,0
83.83,405.36,381.02,24.34,0.847,1,22889.7,0,0.121,0.69,16,1,4
26.25,313.57,298.88,14.69,0.503,0,9886.6,0,0.22,0.364,10,2,2
39.69,327.26,305.04,22.22,0.763,0,177.1,6,0.785,0.549,3,5,3
20.2,326.01,308.89,17.12,0.714,0,884.7,6,0.574,0.666,2,7,3
99.98,332.16,308.19,23.97,0.878,0,339.0,1,0.197,0.735,2,0,0
15.72,337.87,318.17,19.7,0.649,1,413.5,6,0.693,0.363,2,6,3
40.12,371.56,355.21,16.36,0.656,1,674.8,4,0.774,0.576,4,2,3
4.37,310.54,299.28,11.26,0.401,1,2895.5,7,0.272,0.301,2,0,5
17.29,315.24,308.6,6.64,0.569,0,9177.5,0,0.165,0.439,7,3,2
7.76,323.92,312.19,11.74,0.682,0,7112.1,0,0.123,0.262,7,3,2
13.81,328.58,313.37,15.2,0.692,0,10257.4,0,0.148,0.315,10,0,2
8.34,312.15,296.69,15.46,0.865,0,3677.4,0,0.064,0.121,9,2,2
52.49,349.38,336.62,12.76,0.604,1,449.5,6,0.548,0.531,5,4,3
7.77,342.02,327.27,14.75,0.894,0,1995.1,0,0.139,0.108,9,2,2
24.35,353.38,339.16,14.23,0.812,1,45.8,1,0.831,0.405,2,11,1
139.1,425.39,392.22,33.16,0.994,1,21213.9,0,0.276,0.659,12,0,4
54.67,351.63,331.75,19.87,0.936,0,24436.4,0,0.105,0.892,8,4,4
1.94,316.83,316.4,0.43,0.37,1,5429.2,0,0.183,0.353,3,0,5
3.03,304.78,295.66,9.13,0.427,1,5656.1,0,0.07,0.093,0,1,5
21.43,354.59,322.78,31.81,0.997,1,163.4,1,0.918,0.531,2,9,1
45.79,356.87,334.19,22.68,0.734,1,140.0,1,0.147,0.703,4,0,0
19.58,341.84,323.51,18.34,0.689,0,162.6,6,0.597,0.413,2,1,3
5.3,318.44,306.19,12.25,0.773,0,9126.6,0,0.149,0.266,7,1,2
63.96,328.81,307.24,21.56,0.885,0,15.0,1,0.293,0.801,4,1,0
63.17,376.56,348.43,28.13,0.943,0,292.4,2,0.126,0.913,2,0,0
5.51,313.83,304.96,8.88,0.506,0,562.7,0,0.17,0.198,1,1,5
38.84,351.95,324.98,26.97,0.997,1,91.0,2,0.605,0.515,3,8,1
29.45,344.55,322.05,22.5,0.909,1,49.7,3,0.084,0.847,2,1,0
56.72,344.38,306.52,37.86,0.949,0,344.4,2,0.129,0.789,3,0,0
7.41,305.61,295.16,10.44,0.588,0,10998.8,0,0.099,0.406,8,2,2
119.05,337.73,306.92,30.81,0.829,0,10383.0,0,0.137,0.775,14,2,4
11.94,372.69,343.68,29.0,0.912,1,31.0,2,0.708,0.286,2,14,1
75.61,339.22,300.64,38.58,0.937,1,20885.3,0,0.134,0.651,10,1,4
3.95,327.79,314.94,12.86,0.689,0,2016.3,0,0.227,0.192,9,3,2
18.61,356.74,314.16,42.58,0.851,1,2.2,1,0.831,0.268,4,14,1
24.96,329.0,298.17,30.83,0.81,1,180.9,1,0.184,0.937,4,0,0
23.11,349.53,317.86,31.67,0.856,1,485.0,7,0.1,0.745,3,0,0
13.26,307.25,298.71,8.54,0.889,0,11645.5,0,0.242,0.197,10,2,2
35.2,339.74,317.17,22.58,0.85,1,217.5,3,0.19,0.813,2,0,0
148.28,350.51,327.75,22.76,0.776,1,24360.5,0,0.463,0.694,12,2,4
22.62,318.91,296.71,22.2,0.865,1,367.9,6,0.747,0.461,5,4,3
1.66,315.85,302.91,12.94,0.582,1,4937.2,0,0.237,0.307,0,0,5
4.68,330.08,320.29,9.79,0.745,1,6375.3,0,0.048,0.144,15,3,2
5.97,306.17,296.97,9.2,0.451,0,4439.1,0,0.271,0.35,3,3,5
15.18,315.93,307.53,8.4,0.542,0,4117.4,0,0.147,0.104,9,2,2
12.51,330.4,317.07,13.33,0.679,0,10951.0,0,0.198,0.248,6,3,2
21.45,316.91,304.46,12.45,0.53,0,5909.1,0,0.138,0.361,6,0,2
10.58,322.64,307.29,15.35,0.745,0,13819.8,0,0.234,0.193,9,0,2
7.37,299.8,296.39,3.4,0.637,0,13395.0,0,0.073,0.225,5,1,2
15.38,326.06,312.16,13.9,0.676,0,11886.1,0,0.149,0.255,3,2,2
2.12,317.41,311.48,5.93,0.235,0,2223.6,0,0.228,0.287,2,0,5
33.42,357.12,348.05,9.08,0.913,1,186.1,3,0.167,0.79,5,0,0
10.4,300.27,287.45,12.82,0.511,0,10588.9,0,0.115,0.192,8,3,2
32.77,358.83,323.84,34.99,0.814,1,53.9,1,0.955,0.406,2,17,1
26.08,349.12,333.61,15.51,0.872,0,713.0,7,0.812,0.661,5,7,3
6.77,306.47,296.3,10.17,0.67,0,14533.2,0,0.149,0.385,11,2,2
3.46,309.58,300.54,9.04,0.264,0,7850.6,0,0.298,0.338,3,0,5
17.84,360.89,326.5,34.39,0.925,1,194.8,1,0.701,0.43,2,16,1
18.85,329.63,313.33,16.3,0.51,0,7542.2,0,0.127,0.214,10,2,2
11.74,313.43,300.69,12.73,0.511,0,7544.8,0,0.155,0.422,11,1,2
32.81,359.62,316.72,42.9,0.857,1,107.2,1,0.664,0.297,2,12,1
50.05,348.74,325.95,22.79,0.873,0,194.9,3,0.093,0.884,4,1,0
38.65,377.22,351.62,25.59,0.833,0,295.5,2,0.08,0.901,2,2,0
29.48,302.82,296.43,6.39,0.657,0,10937.2,0,0.044,0.221,8,0,2
34.44,332.95,315.4,17.55,0.907,1,352.2,1,0.364,0.889,2,2,0
27.77,347.08,314.99,32.09,0.94,1,2.4,1,0.959,0.335,3,15,1
28.31,322.98,289.43,33.55,0.883,1,75.5,1,0.078,0.865,5,0,0
2.0,318.07,312.85,5.22,0.478,0,6438.7,0,0.213,0.213,0,0,5
47.79,343.65,297.69,45.96,0.856,1,54.6,1,0.781,0.335,1,11,1
35.09,359.36,337.87,21.49,0.855,1,17.9,1,0.421,0.82,6,0,0
43.26,310.61,292.75,17.86,0.63,0,109.5,7,0.575,0.673,4,6,3
9.27,334.59,322.98,11.61,0.823,0,5547.4,0,0.155,0.435,9,3,2
15.98,347.03,303.25,43.78,0.991,1,9.0,2,0.804,0.4,2,15,1
16.4,324.58,302.67,21.92,0.727,1,405.7,6,0.834,0.561,4,3,3
4.04,328.21,316.47,11.74,0.804,0,12741.8,0,0.02,0.411,7,0,2
64.57,417.43,397.01,20.42,0.937,1,3714.3,0,0.186,0.668,16,0,4
38.27,373.55,335.73,37.82,0.99,0,115.2,2,0.837,0.542,1,12,1
68.14,346.13,317.99,28.14,0.882,0,213.9,1,0.164,0.887,2,1,0
25.87,353.19,328.9,24.3,0.957,1,27.1,2,0.898,0.533,1,14,1
7.37,309.43,297.73,11.69,0.402,1,7438.6,7,0.237,0.321,2,1,5
4.89,320.38,309.89,10.49,0.781,0,11091.0,0,0.052,0.101,6,2,2
22.65,324.7,304.13,20.57,0.819,0,593.6,7,0.684,0.383,4,1,3
90.93,370.53,351.25,19.28,0.878,1,4349.8,0,0.375,0.923,10,2,4
28.37,337.97,306.39,31.58,0.719,0,7.9,2,0.337,0.757,4,2,0
17.05,334.46,320.67,13.79,0.884,0,106.6,6,0.446,0.637,4,8,3
16.41,345.71,326.98,18.72,0.642,0,435.7,6,0.841,0.658,3,2,3
42.44,365.77,331.97,33.8,0.948,0,7.1,1,0.77,0.274,2,9,1
11.99,346.84,328.62,18.23,0.861,0,14084.9,0,0.13,0.442,9,2,2
11.6,328.14,320.32,7.82,0.638,0,3624.4,0,0.025,0.214,4,3,2
11.44,312.96,308.93,4.04,0.304,1,7748.3,0,0.193,0.358,0,2,5
18.9,348.0,322.06,25.93,0.848,1,21.3,2,0.954,0.281,1,11,1
62.58,359.01,332.25,26.77,0.753,1,136.1,1,0.164,0.846,5,0,0
6.92,313.36,312.76,0.6,0.255,0,3669.1,0,0.228,0.325,0,1,5
102.13,357.65,321.0,36.65,0.823,0,5025.5,0,0.365,0.653,13,1,4
14.28,313.68,301.74,11.93,0.643,0,10149.7,0,0.235,0.433,6,2,2
109.04,342.6,316.17,26.43,0.792,0,12094.8,0,0.485,0.907,15,2,4
6.87,306.93,290.77,16.16,0.858,0,13614.6,0,0.182,0.391,7,1,2
43.18,360.64,344.28,16.36,0.87,1,143.4,1,0.148,0.738,4,3,0
7.25,309.6,300.53,9.07,0.395,0,7563.2,0,0.221,0.155,0,0,5
39.63,345.24,306.1,39.14,0.815,1,86.1,2,0.236,0.777,4,0,0
3.01,299.01,288.99,10.02,0.472,0,2054.7,0,0.235,0.106,0,1,5
9.03,319.97,306.59,13.39,0.71,1,5121.5,0,0.151,0.234,6,1,2
168.53,337.43,301.73,35.7,0.991,1,3067.4,0,0.154,0.804,14,1,4
5.8,326.88,306.97,19.91,0.797,0,2783.9,0,0.109,0.198,12,0,2
13.87,331.0,315.43,15.57,0.882,1,1255.9,6,0.411,0.657,5,6,3
17.43,315.36,304.08,11.28,0.77,1,128.7,6,0.675,0.648,3,4,3
25.29,323.92,292.64,31.28,0.869,1,90.8,2,0.818,0.25,2,8,1
107.34,346.51,326.25,20.26,0.901,1,242.0,2,0.423,0.834,5,4,0
28.21,344.15,307.9,36.25,0.832,1,628.5,2,0.796,0.515,1,18,1
47.2,323.4,292.79,30.62,0.929,1,1054.8,1,0.344,0.854,2,3,0
11.27,316.93,303.65,13.29,0.881,0,7208.4,0,0.152,0.421,5,2,2
12.42,325.59,314.43,11.16,0.691,0,10328.6,0,0.228,0.394,8,1,2
15.2,334.62,310.82,23.8,0.751,0,241.5,6,0.436,0.599,1,2,3
14.58,317.54,307.21,10.33,0.533,0,10560.6,0,0.236,0.233,8,0,2
4.59,313.65,307.65,6.0,0.343,0,606.9,0,0.152,0.284,1,0,5
2.74,322.22,315.67,6.56,0.526,0,1593.5,0,0.248,0.304,1,1,5
15.93,330.06,320.94,9.12,0.538,0,6107.5,0,0.198,0.426,6,0,2
5.71,334.44,318.41,16.04,0.559,0,10827.1,0,0.021,0.211,6,1,2
13.44,327.01,312.39,14.62,0.869,0,13013.3,0,0.195,0.109,7,2,2
32.24,312.25,291.41,20.84,0.875,0,165.4,3,0.325,0.805,2,0,0
2.23,299.97,290.82,9.16,0.232,1,3008.0,7,0.283,0.056,1,0,5
10.38,332.48,312.82,19.66,0.632,0,10738.6,0,0.168,0.126,13,0,2
7.47,305.3,298.38,6.92,0.581,0,2168.0,0,0.249,0.444,4,3,2
6.68,316.13,308.96,7.17,0.874,0,8497.9,0,0.022,0.136,7,1,2
53.52,334.56,312.26,22.31,0.772,1,151.8,1,0.353,0.787,6,2,0
30.58,339.34,317.0,22.35,0.934,0,27.6,1,0.641,0.273,4,11,1
53.82,342.02,302.23,39.79,0.956,1,273.9,1,0.723,0.375,1,10,1
8.23,325.24,316.15,9.1,0.771,0,2751.8,0,0.217,0.149,8,3,2
17.29,322.31,304.11,18.2,0.768,0,6188.6,0,0.109,0.108,11,0,2
56.13,382.86,345.64,37.22,0.982,1,7112.1,0,0.381,0.727,12,1,4
37.06,358.44,331.49,26.95,0.838,1,37.6,5,0.437,0.775,2,1,0
7.99,309.1,289.8,19.3,0.88,1,732.5,6,0.826,0.354,6,6,3
76.19,355.77,329.64,26.13,0.777,0,24940.0,0,0.258,0.801,9,2,4
3.51,309.57,300.86,8.71,0.469,0,6509.5,0,0.097,0.089,2,0,5
13.76,326.81,321.19,5.61,0.503,0,6341.8,0,0.177,0.202,1,1,5
6.74,315.02,303.46,11.55,0.689,0,6495.4,0,0.105,0.408,8,2,2
79.53,353.6,330.63,22.97,0.746,1,55.7,2,0.426,0.767,2,2,0
4.49,297.52,292.68,4.84,0.448,1,4567.4,0,0.272,0.233,2,0,5
37.75,327.68,303.57,24.11,0.807,0,644.6,6,0.536,0.357,2,7,3
47.55,338.8,313.72,25.07,0.779,1,153.2,7,0.308,0.816,4,2,0
89.49,392.61,353.04,39.57,0.993,1,9548.5,0,0.313,0.84,13,1,4
23.88,319.8,309.97,9.83,0.564,0,10492.9,0,0.05,0.104,13,3,2
24.13,312.8,285.84,26.96,0.821,0,359.1,6,0.731,0.643,2,2,3
38.22,327.06,313.73,13.32,0.619,1,953.7,6,0.826,0.398,2,6,3
6.98,322.48,312.08,10.4,0.6,1,6059.1,0,0.098,0.2,5,2,2
12.77,329.53,322.02,7.5,0.886,0,2800.4,0,0.166,0.228,7,1,2
5.38,313.66,301.33,12.32,0.264,1,2137.1,0,0.224,0.336,1,0,5
25.37,353.93,320.63,33.3,0.874,0,0.2,1,0.715,0.206,3,12,1
20.96,305.72,284.87,20.85,0.767,0,332.1,4,0.703,0.683,2,6,3
3.47,326.83,315.73,11.1,0.858,0,9804.4,0,0.193,0.126,8,1,2
3.74,328.12,310.45,17.67,0.87,0,13384.6,0,0.187,0.138,8,3,2
8.52,337.42,325.34,12.09,0.862,0,3567.9,0,0.236,0.362,5,1,2
10.6,319.86,309.43,10.42,0.61,0,1717.4,0,0.057,0.353,14,1,2
71.75,350.25,309.56,40.69,0.774,0,4613.2,0,0.353,0.824,9,2,4
1.76,301.01,286.51,14.51,0.551,1,877.4,0,0.027,0.139,0,1,5
13.87,361.8,329.65,32.15,0.898,1,91.6,1,0.617,0.418,5,11,1
3.76,301.46,297.61,3.85,0.46,1,7905.6,7,0.138,0.088,3,1,5
14.7,330.58,316.87,13.71,0.576,1,2550.4,0,0.213,0.29,8,1,2
16.21,376.35,341.39,34.96,0.89,1,41.6,1,0.763,0.39,2,15,1
8.06,300.44,286.98,13.46,0.732,0,4844.8,0,0.074,0.446,14,0,2
29.35,341.25,319.44,21.81,0.838,1,67.7,7,0.142,0.753,3,0,0
16.34,319.66,306.06,13.6,0.859,0,7572.1,0,0.157,0.406,3,1,2
80.05,381.73,365.58,16.14,0.819,1,6543.3,0,0.344,0.788,13,2,4
12.45,330.48,315.3,15.18,0.571,0,1871.8,0,0.092,0.222,7,5,2
28.91,370.31,319.58,50.73,0.908,1,385.6,3,0.602,0.318,1,14,1
29.54,319.7,309.91,9.79,0.65,0,424.8,7,0.565,0.578,2,3,3
7.26,320.6,301.1,19.5,0.54,0,13652.1,0,0.085,0.368,6,2,2
52.65,345.94,316.27,29.68,0.926,0,246.7,1,0.198,0.878,1,2,0
7.97,331.65,323.88,7.77,0.798,1,5866.9,0,0.192,0.21,13,0,2
8.7,316.5,308.96,7.55,0.276,1,7026.3,7,0.129,0.128,1,1,5
11.75,326.69,314.05,12.65,0.74,0,8034.7,0,0.173,0.231,8,1,2
28.94,370.81,356.96,13.84,0.956,1,104.2,1,0.35,0.858,3,1,0
59.58,359.48,341.93,17.55,0.932,0,2.3,3,0.241,0.737,5,3,0
3.46,331.07,317.96,13.11,0.525,1,2407.2,0,0.086,0.155,8,0,2
24.18,351.8,307.5,44.3,0.923,1,9.3,1,0.721,0.315,2,11,1
39.87,335.29,314.67,20.62,0.897,1,270.5,7,0.677,0.687,3,2,3
36.58,363.92,338.76,25.16,0.746,0,41.1,3,0.168,0.706,3,0,0
5.3,315.38,300.13,15.25,0.642,0,14646.8,0,0.094,0.376,7,2,2
6.87,322.52,305.83,16.69,0.577,0,13251.4,0,0.047,0.254,8,1,2
64.44,379.7,354.9,24.8,0.977,0,176.5,3,0.364,0.845,4,0,0
35.35,356.67,340.37,16.3,0.745,0,376.7,7,0.197,0.826,5,1,0
32.02,318.78,296.31,22.47,0.76,0,185.6,1,0.071,0.765,6,0,0
12.71,321.41,308.21,13.2,0.85,0,13882.8,0,0.208,0.276,4,4,2
29.51,352.46,328.32,24.14,0.904,1,43.5,2,0.946,0.226,2,11,1
1.16,306.96,297.15,9.81,0.233,0,1701.5,0,0.216,0.22,1,1,5
72.06,400.13,368.38,31.76,0.755,1,3182.0,0,0.119,0.726,16,0,4
7.99,311.24,305.75,5.49,0.54,0,1867.5,7,0.063,0.35,0,0,5
5.77,324.23,306.37,17.86,0.655,1,7618.2,0,0.232,0.258,8,2,2
6.95,309.95,291.32,18.63,0.897,0,10539.6,0,0.17,0.178,5,1,2
5.55,314.68,308.66,6.02,0.546,0,4601.6,8,0.062,0.359,0,0,5
29.41,347.27,298.72,48.55,0.975,1,381.8,1,0.957,0.412,5,14,1
50.12,362.58,337.71,24.87,0.8,0,50.5,5,0.296,0.956,2,0,0
32.89,351.99,324.2,27.79,0.935,0,13.9,1,0.845,0.518,5,8,1
15.24,329.73,321.6,8.13,0.683,1,8853.9,0,0.062,0.388,5,2,2
18.66,332.21,317.61,14.6,0.8,0,8469.6,0,0.069,0.307,4,1,2
33.23,315.63,296.9,18.74,0.632,1,128.3,6,0.678,0.587,4,4,3
5.45,327.83,323.31,4.51,0.656,0,2473.8,0,0.052,0.436,5,2,2
37.69,367.17,334.02,33.14,0.911,1,164.9,1,0.741,0.41,3,16,1
4.32,316.17,298.92,17.25,0.651,0,7174.7,0,0.119,0.151,5,1,2
43.86,308.67,278.47,30.19,0.892,0,285.1,1,0.114,0.919,3,2,0
5.66,314.1,299.13,14.97,0.724,0,13556.6,0,0.211,0.387,10,0,2
20.98,309.09,288.11,20.98,0.773,1,740.7,6,0.688,0.624,3,4,3
23.75,333.75,321.0,12.75,0.707,1,129.4,7,0.721,0.471,5,5,3
22.04,336.55,312.34,24.21,0.878,1,188.9,6,0.547,0.363,6,4,3
16.04,317.11,297.54,19.57,0.715,1,213.6,6,0.626,0.512,4,4,3
20.64,332.31,323.5,8.81,0.726,0,3769.9,0,0.215,0.403,6,2,2
30.79,335.8,325.4,10.4,0.692,1,6753.9,0,0.2,0.201,8,0,2
9.27,331.77,320.59,11.18,0.885,0,4546.0,0,0.232,0.442,7,1,2
3.79,333.54,320.18,13.36,0.609,1,4102.9,0,0.076,0.398,7,4,2
19.96,356.46,327.81,28.65,0.914,1,129.3,2,0.868,0.547,2,9,1
23.83,337.62,313.88,23.74,0.826,1,100.0,1,0.684,0.228,1,9,1
6.65,314.39,302.55,11.84,0.627,0,14981.4,0,0.086,0.199,8,2,2
65.98,388.28,365.82,22.46,0.779,0,10067.7,0,0.181,0.694,13,1,4
2.06,306.44,293.66,12.78,0.442,0,4975.3,7,0.022,0.082,2,2,5
16.93,368.21,333.42,34.79,0.886,0,100.7,1,0.891,0.29,4,8,1
35.83,360.67,339.1,21.57,0.805,0,158.5,1,0.313,0.704,1,0,0
20.16,327.92,318.36,9.56,0.568,1,11023.7,0,0.12,0.143,7,1,2
141.14,330.71,303.67,27.04,0.773,1,6398.5,0,0.252,0.871,10,0,4
63.03,339.72,316.6,23.11,0.734,0,110.0,2,0.092,0.978,2,1,0
8.51,316.05,307.11,8.93,0.771,1,14657.8,0,0.05,0.31,8,2,2
56.94,389.09,362.95,26.14,0.926,1,12735.1,0,0.482,0.844,16,2,4
45.68,336.02,326.77,9.26,0.718,0,652.8,6,0.503,0.631,5,2,3
23.99,334.07,311.49,22.57,0.778,0,515.6,3,0.384,0.899,3,1,0
10.01,319.24,307.52,11.71,0.851,0,2998.7,0,0.079,0.432,7,1,2
13.0,320.92,305.68,15.25,0.619,0,13041.6,0,0.097,0.101,6,2,2
9.24,324.79,310.92,13.87,0.854,0,4532.6,0,0.155,0.353,5,1,2
41.28,345.03,322.43,22.61,0.824,1,704.7,7,0.41,0.744,5,1,0
39.08,312.86,279.33,33.53,0.929,1,303.2,1,0.069,0.921,3,0,0
16.46,343.12,325.7,17.42,0.815,0,7625.8,0,0.212,0.391,4,0,2
43.81,363.32,318.88,44.44,0.819,1,46.8,1,0.807,0.279,2,14,1
16.07,352.25,305.52,46.73,0.898,1,133.2,1,0.968,0.455,2,14,1
7.0,324.63,305.17,19.46,0.833,0,2384.0,0,0.166,0.356,5,3,2
56.73,368.68,351.75,16.93,0.873,1,8356.3,0,0.471,0.948,15,0,4
13.29,318.99,305.27,13.72,0.843,0,3651.9,0,0.084,0.206,6,1,2
5.55,315.11,306.87,8.23,0.564,0,7709.6,8,0.142,0.105,0,0,5
1.32,308.86,297.97,10.89,0.226,0,1369.9,0,0.034,0.091,1,2,5
18.19,375.24,358.06,17.18,0.673,1,302.9,6,0.712,0.459,5,3,3
81.73,384.34,349.56,34.78,0.753,0,20820.6,0,0.288,0.932,16,2,4
13.39,318.65,299.53,19.13,0.818,1,141.3,6,0.666,0.662,2,5,3
32.74,377.12,333.07,44.05,0.805,1,184.4,1,0.757,0.314,2,12,1
5.13,325.13,315.51,9.62,0.718,0,4684.0,0,0.199,0.378,9,1,2
4.47,307.96,296.44,11.53,0.501,0,7681.4,0,0.223,0.073,0,0,5
27.85,321.16,305.81,15.35,0.798,1,1306.6,6,0.708,0.639,4,4,3
9.88,330.72,299.04,31.68,0.983,1,3.4,3,0.717,0.357,2,9,1
9.09,326.03,319.21,6.82,0.789,0,7009.6,0,0.055,0.356,3,5,2
81.24,324.42,299.56,24.86,0.761,1,3267.1,0,0.325,0.705,9,1,4
19.44,342.83,321.14,21.69,0.924,1,54.7,1,0.825,0.429,4,14,1
126.14,390.84,375.22,15.62,0.776,0,18876.1,0,0.403,0.853,15,0,4
19.01,357.24,320.32,36.92,0.99,0,41.3,1,0.892,0.383,1,13,1
9.01,316.16,309.35,6.81,0.85,1,9472.9,0,0.171,0.414,10,1,2
30.81,322.05,310.54,11.51,0.877,0,353.4,7,0.725,0.475,6,2,3
3.5,312.75,310.04,2.71,0.203,0,2976.3,0,0.118,0.111,1,0,5
16.47,304.99,293.19,11.81,0.885,0,1913.4,0,0.156,0.215,10,3,2
27.54,301.43,285.06,16.36,0.736,0,13380.4,0,0.181,0.376,13,1,2
14.57,368.84,355.38,13.46,0.757,0,448.2,6,0.616,0.406,3,7,3
19.78,355.9,333.23,22.67,0.862,1,34.2,1,0.61,0.325,1,9,1
4.77,310.71,296.39,14.32,0.561,0,10171.3,0,0.175,0.313,14,3,2
9.49,315.83,308.82,7.01,0.595,0,4736.9,0,0.212,0.392,10,0,2
17.86,311.34,291.01,20.34,0.627,0,883.4,6,0.492,0.627,4,6,3
1.4,315.11,308.89,6.22,0.549,0,7753.3,7,0.059,0.251,0,0,5
6.6,329.73,321.92,7.81,0.622,1,3329.8,0,0.196,0.235,7,1,2
7.72,330.57,319.63,10.94,0.622,1,6764.9,0,0.153,0.2,16,4,2
7.35,310.92,306.25,4.67,0.722,0,9346.9,0,0.025,0.19,7,1,2
9.79,310.3,296.56,13.75,0.276,0,1937.0,0,0.029,0.266,0,2,5
9.97,309.39,299.14,10.25,0.89,0,12836.3,0,0.078,0.238,8,1,2
9.68,315.61,308.05,7.56,0.706,0,12794.9,0,0.09,0.257,9,1,2
12.2,355.59,315.98,39.6,0.973,1,242.0,1,0.831,0.466,2,9,1
8.37,314.35,305.39,8.96,0.645,0,9674.8,0,0.202,0.126,8,2,2
23.82,319.58,309.87,9.71,0.665,0,9576.9,0,0.021,0.17,10,1,2
28.67,342.98,305.7,37.28,0.888,1,16.2,3,0.871,0.318,1,13,1
91.49,361.17,326.15,35.02,0.811,0,22190.8,0,0.298,0.81,13,0,4
76.41,380.73,350.94,29.79,0.894,1,16251.3,0,0.359,0.935,15,0,4
53.56,379.51,347.59,31.92,0.967,1,313.4,2,0.091,0.717,1,1,0
21.59,334.0,303.27,30.73,0.962,1,352.6,2,0.68,0.214,1,11,1
14.59,338.04,325.63,12.4,0.709,1,10105.1,0,0.131,0.37,8,1,2
4.9,333.1,313.48,19.62,0.643,0,7151.5,0,0.235,0.383,4,1,2
12.2,339.44,323.7,15.74,0.843,1,246.0,6,0.57,0.699,6,1,3
14.68,314.63,303.42,11.21,0.6,0,7021.3,0,0.146,0.305,8,2,2
6.83,325.48,314.62,10.86,0.604,0,8801.9,0,0.242,0.185,11,2,2
8.61,333.16,312.64,20.52,0.711,0,8113.5,0,0.147,0.425,8,3,2
14.14,314.64,304.86,9.78,0.673,0,9681.3,0,0.208,0.239,9,0,2
37.1,342.1,312.85,29.25,0.967,0,240.3,2,0.099,0.96,4,0,0
12.83,338.88,318.22,20.66,0.713,0,147.7,6,0.815,0.411,5,7,3
40.89,308.47,289.41,19.06,0.708,0,103.1,6,0.539,0.584,3,4,3
16.69,323.28,304.61,18.67,0.88,0,1544.9,0,0.025,0.298,13,2,2
40.13,313.88,286.56,27.31,0.726,1,190.9,7,0.051,0.769,5,1,0
12.62,326.91,312.56,14.35,0.529,0,14494.6,0,0.125,0.28,10,2,2
45.99,349.15,325.29,23.85,0.806,0,332.5,3,0.447,0.872,2,3,0
25.07,346.22,302.46,43.76,0.836,1,48.5,1,0.618,0.52,1,14,1
56.49,356.67,323.21,33.46,0.827,1,75.2,1,0.208,0.961,2,1,0
26.62,351.84,330.33,21.51,0.939,1,92.2,1,0.663,0.418,4,13,1
44.74,339.06,304.73,34.33,0.918,1,26.2,1,0.352,0.902,2,0,0
11.4,332.21,317.11,15.09,0.826,0,11140.9,0,0.079,0.222,7,0,2
20.09,310.82,292.7,18.13,0.847,0,1952.4,7,0.785,0.542,4,3,3
44.47,336.84,306.15,30.69,0.855,0,28.7,1,0.224,0.725,6,1,0
70.62,381.08,356.66,24.42,0.73,0,14.1,1,0.128,0.836,4,1,0
2.98,302.14,290.21,11.93,0.31,0,4986.0,0,0.271,0.346,2,1,5
22.62,337.07,314.78,22.29,0.765,1,601.2,7,0.493,0.691,3,3,3
25.64,327.99,303.53,24.46,0.79,1,459.5,6,0.434,0.485,4,5,3
3.56,326.92,310.0,16.92,0.711,0,8485.7,0,0.244,0.284,7,2,2
10.86,339.76,315.47,24.3,0.81,1,886.9,6,0.789,0.441,5,6,3
82.4,382.09,348.91,33.18,0.992,0,90.2,1,0.078,0.916,4,2,0
44.84,293.32,269.28,24.03,0.919,1,31.1,3,0.104,0.91,3,0,0
12.87,325.37,312.34,13.03,0.798,0,2370.5,0,0.195,0.379,9,2,2
7.64,303.39,290.96,12.43,0.408,1,5508.6,0,0.058,0.268,1,1,5
6.77,316.94,309.15,7.79,0.235,1,6974.0,0,0.171,0.241,0,0,5
1.85,312.84,303.61,9.23,0.354,0,2094.7,0,0.032,0.314,0,2,5
38.19,345.36,322.76,22.6,0.852,1,657.2,7,0.115,0.803,4,3,0
3.01,313.57,306.39,7.18,0.824,1,4237.7,0,0.074,0.247,7,3,2
7.67,305.97,290.41,15.57,0.704,0,4149.4,0,0.038,0.393,9,5,2
62.41,312.38,288.22,24.16,0.795,0,6692.0,0,0.276,0.777,11,1,4
10.84,306.93,297.75,9.18,0.446,1,4833.0,7,0.096,0.155,1,0,5
102.17,359.06,341.14,17.92,0.827,0,22838.5,0,0.418,0.717,10,1,4
82.85,364.51,331.78,32.73,0.962,1,3003.2,0,0.369,0.895,17,1,4
3.68,308.9,294.35,14.54,0.621,0,9977.8,0,0.2,0.431,8,2,2
57.1,388.26,355.49,32.77,0.767,1,8776.3,0,0.483,0.694,14,0,4
53.28,347.78,314.84,32.94,0.978,1,633.0,1,0.19,0.852,2,3,0
59.27,340.92,312.03,28.89,0.916,0,191.7,1,0.179,0.819,3,2,0
6.42,336.18,318.74,17.44,0.861,0,7836.4,0,0.144,0.341,8,0,2
21.41,334.46,323.28,11.18,0.88,0,249.8,6,0.401,0.413,5,4,3
14.49,339.05,328.47,10.58,0.796,0,344.5,7,0.737,0.627,6,6,3
58.32,360.98,341.01,19.96,0.959,1,72.3,1,0.174,0.791,5,3,0
8.03,315.82,302.4,13.41,0.734,0,9102.9,0,0.024,0.295,8,6,2
17.64,337.89,309.74,28.15,0.83,0,361.0,6,0.584,0.441,3,7,3
8.54,331.46,316.27,15.18,0.748,0,7623.9,0,0.122,0.405,7,3,2
124.15,349.58,333.63,15.95,0.806,1,24294.5,0,0.322,0.684,15,2,4
5.33,305.84,296.4,9.44,0.309,0,1122.4,7,0.249,0.206,0,1,5
35.72,345.91,334.55,11.36,0.854,1,20.2,1,0.871,0.506,2,17,1
46.99,354.03,328.11,25.92,0.929,1,117.6,2,0.751,0.397,6,14,1
8.07,311.61,300.21,11.4,0.243,1,2807.1,7,0.238,0.291,0,0,5
10.47,301.37,290.39,10.98,0.86,1,719.5,6,0.568,0.503,3,3,3
6.08,344.63,329.69,14.94,0.591,1,8801.0,0,0.039,0.107,9,3,2
26.49,335.62,320.91,14.71,0.654,0,11221.3,0,0.208,0.384,8,0,2
22.73,335.11,319.79,15.33,0.853,0,4046.3,0,0.235,0.449,5,1,2
21.49,337.02,296.52,40.5,0.909,1,185.6,1,0.894,0.285,2,14,1
50.59,388.74,350.57,38.17,0.833,1,11437.6,0,0.263,0.814,12,1,4
115.26,354.91,315.88,39.04,0.905,0,15577.3,0,0.211,0.92,14,0,4
100.91,351.58,319.65,31.93,0.939,0,12275.6,0,0.117,0.691,18,1,4
68.07,337.41,306.14,31.26,0.957,1,14278.0,0,0.299,0.857,12,1,4
59.63,348.32,332.1,16.22,0.844,1,51.2,3,0.332,0.8,5,2,0
4.88,321.31,303.34,17.97,0.601,0,13738.2,0,0.102,0.309,8,3,2
76.25,343.98,332.45,11.53,0.84,1,387.7,1,0.417,0.928,4,0,0
10.08,324.83,319.11,5.72,0.822,1,1568.5,0,0.14,0.259,7,1,2
8.74,324.02,314.45,9.57,0.531,1,9020.0,0,0.123,0.276,10,1,2
6.17,305.06,293.82,11.24,0.504,1,3691.0,0,0.135,0.425,8,2,2
37.11,348.51,327.06,21.45,0.758,1,3.5,3,0.204,0.888,4,3,0
44.05,353.06,317.81,35.25,0.925,1,5.0,1,0.637,0.252,2,8,1
7.35,335.18,323.5,11.69,0.524,0,4461.4,0,0.093,0.432,10,1,2
11.48,339.01,318.39,20.62,0.697,0,136.9,6,0.668,0.418,1,4,3
10.83,329.5,314.89,14.61,0.666,0,8242.5,0,0.17,0.422,9,2,2
14.14,324.62,309.49,15.13,0.771,1,373.4,6,0.518,0.44,3,3,3
43.03,359.48,335.05,24.42,0.868,0,94.3,2,0.436,0.868,5,6,0
86.7,354.13,329.68,24.45,0.818,1,11764.3,0,0.225,0.927,13,0,4
28.8,346.73,320.74,25.99,0.832,1,201.7,7,0.459,0.693,4,3,3
64.22,351.57,324.25,27.32,0.799,1,69.3,3,0.263,0.87,5,3,0
15.3,368.04,325.39,42.65,0.952,1,142.0,1,0.701,0.35,2,12,1
17.14,327.78,314.21,13.57,0.887,0,3569.7,0,0.094,0.373,6,4,2
82.95,366.52,331.51,35.0,0.863,1,22799.1,0,0.287,0.842,7,2,4
7.83,312.48,295.57,16.91,0.502,1,7400.7,0,0.244,0.337,7,1,2
33.42,370.88,347.71,23.17,0.911,1,127.3,1,0.694,0.33,2,11,1
16.39,330.19,323.15,7.04,0.597,0,10464.3,0,0.157,0.241,5,3,2
6.42,338.6,323.14,15.46,0.819,0,12110.9,0,0.125,0.417,6,1,2
18.59,322.47,312.67,9.8,0.82,1,11884.8,0,0.244,0.108,7,1,2
13.48,323.23,305.85,17.38,0.662,0,5618.9,0,0.213,0.389,6,1,2
38.69,331.41,316.15,15.26,0.902,1,844.1,6,0.732,0.544,5,2,3
79.4,362.99,322.7,40.29,0.762,1,6225.5,0,0.273,0.84,11,3,4
86.93,354.04,324.54,29.5,0.984,0,123.9,1,0.074,0.791,3,0,0
22.11,350.14,315.53,34.61,0.834,0,72.2,1,0.912,0.549,2,13,1
6.81,294.54,278.82,15.72,0.598,0,14853.1,0,0.099,0.316,6,0,2
24.07,389.73,353.21,36.52,0.886,1,108.9,1,0.606,0.244,2,15,1
27.04,324.65,307.97,16.67,0.808,1,213.0,6,0.496,0.444,4,3,3
49.51,379.42,347.43,31.98,0.852,1,355.2,3,0.055,0.895,4,1,0
19.78,311.82,301.75,10.06,0.623,0,13806.5,0,0.164,0.334,10,2,2
23.42,305.28,288.73,16.55,0.85,0,958.8,6,0.768,0.476,4,7,3
11.34,327.9,316.9,11.0,0.728,1,171.6,6,0.786,0.572,5,4,3
1.61,329.57,318.63,10.94,0.49,1,4106.8,8,0.271,0.113,0,0,5
11.14,314.08,306.93,7.15,0.23,0,2351.7,0,0.03,0.141,1,0,5
13.2,325.59,313.69,11.9,0.634,0,1758.2,0,0.076,0.441,9,2,2
8.3,324.75,306.08,18.68,0.862,1,3596.9,0,0.249,0.155,14,1,2
90.18,364.67,339.55,25.11,0.764,0,504.9,2,0.193,0.823,6,1,0
5.21,310.79,297.22,13.57,0.61,0,10218.8,0,0.145,0.124,10,5,2
74.75,364.75,334.53,30.22,0.853,1,561.0,2,0.378,0.852,2,4,0
30.61,350.09,313.3,36.79,0.861,1,205.8,1,0.796,0.297,3,12,1
42.26,342.1,321.35,20.74,0.789,0,59.4,5,0.422,0.813,4,3,0
20.66,337.15,326.95,10.2,0.563,0,3592.2,0,0.238,0.162,7,0,2
25.63,333.42,290.62,42.8,0.809,1,56.1,3,0.613,0.214,3,10,1
16.25,306.69,293.43,13.26,0.517,0,8951.0,0,0.213,0.131,9,1,2
2.71,307.42,298.19,9.23,0.519,0,596.8,0,0.276,0.158,1,2,5
13.29,309.66,298.62,11.04,0.339,0,7464.9,0,0.237,0.266,0,0,5
17.59,321.83,307.64,14.19,0.565,0,13730.6,0,0.054,0.139,8,2,2
10.1,326.63,320.3,6.33,0.523,0,2832.8,0,0.096,0.401,9,1,2
9.96,334.35,322.99,11.35,0.603,0,2546.9,0,0.144,0.228,7,0,2
24.99,361.92,333.72,28.2,0.975,1,212.9,1,0.902,0.224,3,14,1
19.47,315.48,294.64,20.84,0.879,1,165.3,6,0.501,0.665,5,7,3
76.25,311.25,279.17,32.08,0.86,1,438.5,1,0.235,0.854,5,0,0
141.58,347.96,314.65,33.31,0.932,0,16745.8,0,0.47,0.822,10,2,4
20.38,343.01,332.3,10.71,0.811,0,600.7,6,0.44,0.489,7,6,3
32.13,344.55,300.04,44.51,0.963,0,48.4,1,0.632,0.43,3,15,1
22.27,348.9,324.95,23.95,0.989,0,266.6,2,0.665,0.365,3,14,1
74.14,350.36,320.8,29.57,0.746,0,172.0,1,0.403,0.925,7,2,0
17.09,333.27,322.61,10.67,0.543,0,2676.4,0,0.176,0.308,8,3,2
7.25,322.24,313.88,8.36,0.519,0,9584.8,0,0.091,0.192,8,1,2
3.94,312.98,307.88,5.1,0.432,0,3309.9,0,0.269,0.184,0,1,5
176.92,397.16,357.46,39.7,0.866,1,18762.1,0,0.178,0.702,10,0,4
6.86,328.72,320.62,8.1,0.546,0,11936.7,0,0.211,0.221,8,0,2
64.41,344.56,316.33,28.23,0.731,1,215.0,2,0.405,0.973,4,1,0
42.6,345.23,289.95,55.28,0.917,1,132.3,3,0.96,0.348,1,6,1
78.25,346.79,331.75,15.04,0.861,0,78.6,5,0.366,0.786,5,2,0
38.12,338.3,315.91,22.39,0.97,1,173.2,3,0.382,0.946,5,2,0
8.13,330.46,319.92,10.54,0.871,0,12591.4,0,0.101,0.153,9,1,2
72.55,347.8,325.54,22.26,0.801,0,164.1,5,0.203,0.907,3,3,0
2.45,305.76,296.34,9.42,0.4,1,1257.2,8,0.052,0.064,0,0,5
38.15,352.18,327.72,24.47,0.756,1,319.1,7,0.304,0.799,6,0,0
13.58,326.31,315.12,11.19,0.693,0,13610.2,0,0.151,0.229,8,4,2
36.21,351.82,319.44,32.38,0.818,1,347.0,1,0.398,0.725,4,0,0
116.76,375.12,330.22,44.9,0.848,0,21263.0,0,0.435,0.681,14,0,4
10.78,315.48,306.38,9.09,0.898,0,5982.1,0,0.11,0.144,9,0,2
2.91,312.82,305.72,7.1,0.422,0,7229.0,0,0.175,0.241,2,1,5
89.74,361.31,335.05,26.26,0.91,0,364.3,1,0.232,0.847,4,1,0
12.94,294.79,282.13,12.65,0.404,1,4107.6,7,0.118,0.318,1,0,5
8.25,290.95,289.61,1.33,0.543,1,5793.2,0,0.091,0.234,0,0,5
12.19,337.24,306.5,30.74,0.886,1,0.5,1,0.789,0.466,2,11,1
5.56,315.38,304.9,10.48,0.325,0,2373.8,7,0.206,0.069,0,0,5
46.54,321.48,295.38,26.1,0.803,0,571.9,5,0.081,0.902,4,2,0
26.01,342.82,328.7,14.13,0.872,1,129.0,1,0.736,0.376,1,13,1
13.96,346.24,323.14,23.11,0.91,1,107.2,1,0.911,0.268,2,12,1
55.78,374.93,355.16,19.78,0.73,0,27.1,1,0.267,0.922,4,1,0
3.69,310.64,301.09,9.54,0.378,1,2783.0,8,0.223,0.265,2,1,5
35.51,340.74,315.98,24.76,0.863,0,160.9,1,0.065,0.93,2,2,0
7.12,324.36,316.95,7.41,0.694,0,8406.2,0,0.116,0.284,7,0,2
2.49,294.09,284.19,9.89,0.496,0,2541.9,7,0.024,0.398,0,1,5
9.31,311.74,294.52,17.21,0.775,0,13256.7,0,0.217,0.176,8,1,2
9.09,333.78,315.07,18.71,0.815,0,11715.2,0,0.058,0.33,8,1,2
35.94,360.41,334.31,26.1,0.817,1,73.4,3,0.392,0.822,5,2,0
7.8,325.76,318.36,7.4,0.624,0,5098.5,0,0.204,0.132,8,1,2
3.44,320.79,310.01,10.78,0.461,1,591.6,7,0.097,0.089,0,1,5
28.37,326.03,312.94,13.09,0.748,1,637.8,6,0.584,0.595,9,10,3
31.1,359.93,340.05,19.88,0.775,0,75.2,7,0.369,0.828,3,0,0
101.17,410.56,372.84,37.72,0.883,1,21324.6,0,0.319,0.943,11,2,4
89.18,393.09,365.9,27.19,0.926,1,22366.4,0,0.169,0.886,12,1,4
12.23,301.63,293.77,7.87,0.79,0,5667.8,0,0.173,0.279,7,0,2
4.05,300.19,290.89,9.3,0.388,1,1724.9,0,0.247,0.065,0,0,5
43.39,312.23,285.61,26.62,0.848,0,163.2,2,0.116,0.733,5,3,0
142.44,410.52,393.36,17.15,0.859,1,13685.5,0,0.383,0.772,11,0,4
4.53,305.35,292.53,12.82,0.794,0,4476.2,0,0.06,0.11,9,3,2
25.2,312.9,289.22,23.68,0.66,1,449.1,6,0.445,0.422,6,7,3
12.28,378.09,336.51,41.58,0.885,1,46.4,2,0.877,0.487,3,14,1
36.15,336.89,310.55,26.34,0.899,0,228.8,1,0.166,0.852,1,0,0
6.41,344.93,340.77,4.16,0.682,1,9422.1,0,0.174,0.352,11,2,2
68.55,343.79,308.11,35.68,0.849,0,6744.0,0,0.427,0.808,10,1,4
107.0,337.94,306.5,31.44,0.805,1,13574.7,0,0.215,0.944,10,0,4
13.65,338.94,304.76,34.18,0.886,0,63.5,1,0.625,0.378,5,8,1
102.13,346.57,328.28,18.29,0.821,1,18687.2,0,0.499,0.679,8,2,4
31.05,356.66,331.25,25.41,0.794,0,126.9,3,0.054,0.918,5,1,0
10.33,335.09,321.01,14.07,0.84,0,11617.2,0,0.199,0.159,9,3,2
13.7,286.49,275.58,10.91,0.534,0,2862.3,0,0.22,0.346,10,1,2
44.05,310.46,295.01,15.45,0.713,1,143.6,1,0.427,0.728,2,1,0
6.37,302.25,295.01,7.24,0.575,0,3292.6,0,0.04,0.376,2,1,5
15.01,306.32,300.37,5.94,0.688,0,9470.6,0,0.2,0.19,12,1,2
1.58,314.31,304.86,9.45,0.542,1,3894.4,0,0.293,0.286,2,2,5
26.96,327.0,314.32,12.68,0.625,0,4564.3,0,0.223,0.404,4,2,2
2.65,306.67,297.17,9.49,0.483,0,3653.9,8,0.081,0.081,0,0,5
36.22,335.0,303.89,31.11,0.752,1,209.7,3,0.29,0.959,4,0,0
12.92,318.79,293.16,25.63,0.746,1,344.3,6,0.594,0.676,9,6,3
32.69,362.57,339.52,23.05,0.706,1,138.8,6,0.532,0.676,1,3,3
4.75,323.22,317.6,5.62,0.589,0,7599.3,0,0.235,0.244,1,1,5
25.64,322.86,288.17,34.69,0.932,1,51.2,2,0.718,0.27,4,16,1
17.86,326.88,314.21,12.68,0.728,0,13957.2,0,0.139,0.359,11,0,2
3.55,304.4,294.58,9.82,0.39,1,4636.0,8,0.184,0.273,0,0,5
38.99,358.17,326.69,31.48,0.81,0,319.0,1,0.199,0.868,3,0,0
4.53,322.35,314.2,8.15,0.564,1,5536.3,0,0.174,0.362,2,0,5
76.69,378.85,348.63,30.22,0.889,1,6949.8,0,0.375,0.657,10,1,4
11.92,325.17,308.33,16.84,0.743,0,133.8,6,0.802,0.645,6,8,3
20.05,317.03,287.13,29.91,0.741,1,241.5,1,0.308,0.811,4,1,0
7.85,322.15,312.78,9.37,0.639,0,9305.7,0,0.177,0.422,7,4,2
9.6,329.13,321.0,8.13,0.625,1,699.3,6,0.656,0.457,4,8,3
44.65,321.03,300.53,20.5,0.925,0,100.6,2,0.335,0.957,5,0,0
5.72,302.89,293.87,9.02,0.589,1,6155.4,0,0.034,0.415,13,2,2
4.76,312.88,296.63,16.26,0.644,0,4458.6,0,0.194,0.311,6,0,2
3.95,313.74,296.76,16.98,0.562,0,11779.6,0,0.122,0.295,8,1,2
7.89,321.55,309.88,11.67,0.635,0,4670.4,0,0.04,0.279,6,0,2
11.74,315.67,302.92,12.75,0.551,1,6439.5,0,0.063,0.357,6,1,2
12.03,338.11,326.7,11.41,0.539,0,11620.3,0,0.118,0.273,8,2,2
13.93,330.3,315.34,14.97,0.717,1,733.9,6,0.552,0.38,3,5,3
4.19,312.47,296.75,15.72,0.85,0,2906.5,0,0.236,0.162,8,0,2
23.0,325.89,309.21,16.68,0.896,1,1132.8,7,0.696,0.655,6,4,3
19.55,356.47,325.77,30.7,0.945,1,29.4,1,0.631,0.231,1,9,1
35.83,349.06,323.25,25.8,0.935,1,6.6,1,0.155,0.801,3,1,0
7.63,306.76,295.9,10.86,0.528,1,1137.7,0,0.25,0.254,0,0,5
15.03,357.94,320.16,37.78,0.815,1,133.8,3,0.942,0.398,3,12,1
35.55,334.36,315.82,18.54,0.725,0,7878.3,0,0.185,0.415,5,1,2
6.37,304.55,294.66,9.9,0.561,1,5358.4,7,0.288,0.3,1,0,5
55.0,317.12,290.57,26.55,0.891,1,7.6,2,0.326,0.771,5,1,0
15.49,331.0,317.0,14.0,0.647,0,8751.9,0,0.123,0.401,9,0,2
17.15,336.06,325.35,10.71,0.77,0,11930.0,0,0.067,0.296,7,3,2
10.23,362.42,335.97,26.45,0.891,1,32.9,1,0.68,0.506,2,11,1
17.79,340.7,318.59,22.11,0.601,1,490.1,7,0.638,0.531,8,6,3
29.89,339.68,297.24,42.44,0.891,1,19.5,1,0.82,0.489,2,13,1
6.0,324.63,314.97,9.66,0.503,0,11946.6,0,0.104,0.379,9,1,2
5.21,307.69,298.1,9.59,0.609,0,12449.7,0,0.202,0.36,6,1,2
18.53,318.94,310.12,8.82,0.677,0,14302.2,0,0.039,0.389,7,0,2
11.27,338.88,301.07,37.81,0.977,1,54.0,2,0.643,0.364,1,9,1
11.57,319.8,306.27,13.53,0.607,1,7276.2,0,0.054,0.15,7,1,2
49.8,374.25,349.46,24.79,0.936,1,23269.0,0,0.311,0.868,14,1,4
109.08,350.78,324.8,25.98,0.83,1,17914.8,0,0.447,0.867,14,2,4
24.29,320.94,311.11,9.83,0.552,0,8206.1,0,0.059,0.103,6,3,2
60.93,309.47,288.48,20.99,0.84,0,186.2,7,0.093,0.728,4,3,0
25.83,351.68,304.44,47.24,0.932,1,250.0,2,0.794,0.411,4,11,1
112.39,405.91,377.03,28.88,0.888,1,23576.3,0,0.349,0.826,9,1,4
20.38,365.28,317.04,48.24,0.856,1,11.3,2,0.723,0.434,2,10,1
11.62,332.59,328.99,3.6,0.601,0,6633.6,0,0.126,0.417,8,0,2
11.37,318.38,305.19,13.19,0.463,1,7249.0,0,0.045,0.09,1,1,5
16.72,348.65,301.08,47.57,0.86,0,118.6,1,0.858,0.283,2,9,1
4.89,281.25,265.92,15.33,0.353,0,5061.0,0,0.099,0.267,1,1,5
4.7,315.98,311.65,4.34,0.85,0,10237.9,0,0.201,0.217,10,2,2
1.68,308.2,297.27,10.92,0.372,0,2814.1,7,0.216,0.139,1,1,5
4.64,319.55,307.99,11.56,0.534,0,14523.7,0,0.186,0.277,7,1,2
14.55,296.57,278.28,18.29,0.804,0,13980.3,0,0.204,0.214,7,1,2
6.68,320.02,302.52,17.5,0.889,0,10635.8,0,0.031,0.348,9,3,2
164.01,377.34,332.49,44.84,0.944,1,19479.0,0,0.474,0.753,12,2,4
32.18,336.56,317.58,18.97,0.657,0,1036.0,7,0.794,0.415,6,1,3
7.68,308.72,296.0,12.73,0.253,0,7185.0,0,0.236,0.059,0,0,5
15.83,367.99,333.57,34.42,0.82,1,271.4,1,0.863,0.543,2,8,1
16.67,308.43,298.76,9.68,0.868,1,2217.7,0,0.068,0.384,7,2,2
14.74,310.37,298.35,12.01,0.848,0,1524.5,0,0.178,0.328,9,2,2
2.18,323.37,315.18,8.19,0.57,0,2986.4,0,0.076,0.161,0,2,5
33.96,364.45,339.43,25.02,0.725,1,205.2,3,0.427,0.93,1,1,0
111.8,337.06,306.82,30.24,0.827,0,8006.9,0,0.291,0.677,8,0,4
2.53,304.69,293.21,11.47,0.53,1,1492.1,7,0.219,0.211,0,1,5
22.84,331.35,315.01,16.34,0.853,0,495.1,7,0.452,0.509,7,4,3
49.91,333.95,318.21,15.73,0.9,0,105.0,1,0.124,0.757,2,1,0
34.46,317.41,294.42,23.0,0.764,0,663.9,6,0.606,0.482,9,4,3
7.13,301.57,295.2,6.36,0.513,0,7155.6,0,0.096,0.286,10,2,2
20.8,322.22,311.79,10.43,0.798,0,11070.0,0,0.204,0.295,12,3,2
14.32,333.0,320.08,12.93,0.849,0,161.8,7,0.493,0.383,2,4,3
63.39,409.23,361.09,48.14,0.949,0,9901.3,0,0.145,0.859,11,0,4
36.55,335.88,312.31,23.57,0.619,1,392.1,6,0.416,0.463,5,3,3
79.4,388.66,369.48,19.18,0.753,0,21743.2,0,0.149,0.799,12,0,4
23.26,365.11,327.66,37.46,0.836,1,15.2,1,0.861,0.227,4,12,1
15.11,309.87,297.96,11.91,0.553,0,2566.9,0,0.047,0.299,10,2,2
4.5,292.32,282.5,9.82,0.225,1,4918.2,0,0.18,0.238,1,0,5
19.3,339.3,311.72,27.58,0.95,1,147.1,1,0.905,0.259,1,10,1
61.23,321.74,285.69,36.06,0.989,1,11618.5,0,0.478,0.796,14,0,4
14.84,332.71,319.74,12.97,0.631,1,1269.6,6,0.82,0.485,4,3,3
17.96,356.48,322.14,34.34,0.93,1,116.6,1,0.682,0.524,4,10,1
7.11,307.89,289.0,18.88,0.862,0,3453.7,0,0.076,0.409,9,0,2
39.16,357.3,343.15,14.15,0.846,0,27.5,1,0.092,0.891,4,3,0
24.27,358.5,329.57,28.93,0.98,1,165.3,3,0.81,0.357,4,11,1
37.24,371.95,333.0,38.95,0.814,1,4.4,1,0.698,0.307,5,9,1
11.45,342.97,329.82,13.14,0.808,0,10919.3,0,0.227,0.318,7,3,2
12.63,322.11,316.31,5.8,0.521,1,6388.0,0,0.133,0.137,4,2,2
45.74,349.12,317.08,32.04,0.995,0,584.6,2,0.204,0.795,3,3,0
12.68,334.46,324.18,10.28,0.772,1,1660.9,6,0.59,0.407,6,9,3
33.12,350.32,319.97,30.35,0.808,1,199.7,1,0.8,0.462,3,14,1
53.8,340.18,330.5,9.68,0.807,0,202.2,3,0.4,0.743,4,1,0
62.65,359.98,320.61,39.37,0.81,0,17495.6,0,0.263,0.765,15,3,4
25.94,329.62,314.57,15.06,0.8,1,217.5,6,0.602,0.413,4,3,3
1.64,298.09,287.75,10.33,0.594,1,1872.6,0,0.2,0.218,0,0,5
16.2,311.1,301.55,9.55,0.65,0,3077.5,0,0.077,0.102,7,2,2
62.69,332.99,302.63,30.36,0.867,1,26.0,5,0.292,0.966,2,1,0
12.46,352.34,325.2,27.15,0.836,1,246.2,1,0.794,0.534,3,12,1
5.79,296.06,285.48,10.59,0.587,1,3108.3,0,0.288,0.087,0,0,5
25.33,372.0,329.3,42.7,0.918,1,60.2,2,0.917,0.495,2,20,1
4.77,315.21,302.24,12.97,0.745,0,14344.4,0,0.073,0.245,6,2,2
8.6,321.1,300.19,20.91,0.558,0,10816.8,0,0.138,0.28,8,2,2
58.9,374.53,347.66,26.87,0.778,1,101.0,5,0.206,0.938,3,0,0
32.73,326.4,309.74,16.66,0.703,0,3557.5,0,0.101,0.436,5,2,2
54.46,323.87,291.34,32.53,0.928,1,235.0,7,0.183,0.841,1,0,0
94.87,365.07,337.7,27.37,0.848,0,4656.2,0,0.391,0.759,14,1,4
60.53,353.85,315.45,38.4,0.879,1,6216.8,0,0.173,0.764,13,1,4
4.17,310.67,305.96,4.7,0.835,0,11223.0,0,0.068,0.115,6,3,2
18.63,343.08,304.43,38.65,0.839,0,120.7,2,0.966,0.202,4,12,1
11.6,308.08,300.76,7.32,0.256,0,2816.1,0,0.054,0.286,3,0,5
72.15,336.15,317.61,18.53,0.805,0,12.8,2,0.236,0.902,3,0,0
23.24,315.1,304.47,10.63,0.557,0,10148.6,0,0.154,0.399,6,1,2
20.33,367.67,343.99,23.68,0.847,0,172.3,1,0.767,0.23,2,11,1
20.56,332.28,318.83,13.45,0.522,0,14696.7,0,0.232,0.288,8,1,2
85.64,336.98,315.0,21.98,0.908,1,90.3,1,0.164,0.827,2,1,0
8.16,309.73,299.71,10.03,0.572,0,10408.5,0,0.161,0.219,5,1,2
12.64,344.74,331.35,13.39,0.869,0,10985.3,0,0.174,0.446,8,0,2
8.9,338.53,323.86,14.67,0.787,0,4263.2,0,0.231,0.424,6,2,2
28.34,339.01,311.06,27.95,0.867,0,197.8,1,0.409,0.949,6,1,0
13.58,334.63,322.07,12.57,0.754,0,11933.8,0,0.03,0.22,6,1,2
4.5,322.78,313.16,9.63,0.58,0,12838.1,0,0.19,0.367,8,3,2
139.23,390.55,370.59,19.96,0.926,1,4776.2,0,0.419,0.686,11,2,4
31.18,345.42,333.27,12.14,0.615,0,864.2,6,0.512,0.62,4,5,3
17.45,365.01,330.22,34.8,0.966,1,61.0,1,0.948,0.514,4,13,1
16.88,322.16,297.67,24.49,0.767,1,738.1,4,0.635,0.389,2,3,3
12.98,323.59,307.58,16.01,0.718,1,1723.4,0,0.023,0.412,8,2,2
25.37,340.64,306.53,34.11,0.913,0,248.3,2,0.898,0.206,1,12,1
33.38,307.92,296.71,11.21,0.672,0,1113.3,4,0.499,0.679,3,9,3
21.28,327.49,306.11,21.38,0.863,1,525.6,6,0.73,0.662,2,2,3
20.36,357.55,336.61,20.94,0.678,0,2152.2,6,0.552,0.655,6,5,3
4.07,311.41,305.07,6.34,0.527,0,9228.8,0,0.21,0.206,6,0,2
181.64,382.29,348.18,34.11,0.862,0,7735.1,0,0.129,0.771,12,0,4
3.28,316.47,307.52,8.95,0.529,1,5551.4,0,0.055,0.338,1,0,5
12.24,303.08,287.13,15.95,0.691,1,950.0,7,0.734,0.612,3,3,3
43.54,291.96,257.33,34.63,0.927,1,599.1,1,0.369,0.759,3,1,0
15.25,316.21,300.4,15.81,0.837,0,480.0,6,0.654,0.53,6,6,3
93.11,399.58,376.01,23.57,0.958,0,18728.1,0,0.164,0.879,10,1,4
11.24,333.65,326.34,7.31,0.895,0,8881.6,0,0.171,0.23,6,2,2
15.46,320.9,308.51,12.39,0.866,0,10039.5,0,0.052,0.138,11,1,2
34.9,353.26,320.42,32.84,0.897,0,284.9,1,0.611,0.548,3,10,1
61.31,357.79,332.95,24.83,0.788,0,278.3,2,0.269,0.715,4,2,0
4.05,315.11,302.58,12.53,0.333,0,3193.6,7,0.069,0.203,0,0,5
5.74,286.97,275.89,11.08,0.707,0,13546.4,0,0.047,0.129,8,2,2
6.15,293.08,286.29,6.79,0.636,0,8702.1,0,0.16,0.171,5,3,2
25.72,346.14,304.21,41.93,0.855,1,19.2,1,0.963,0.494,1,12,1
1.53,298.28,291.45,6.83,0.364,1,4757.7,0,0.256,0.366,1,1,5
2.17,334.22,323.78,10.44,0.57,1,5743.9,0,0.018,0.301,1,0,5
7.65,301.83,288.55,13.27,0.556,0,12428.8,0,0.184,0.104,10,1,2
11.06,335.35,321.62,13.73,0.506,0,5448.2,0,0.168,0.409,8,2,2
96.21,353.21,332.27,20.94,0.822,0,374.2,2,0.182,0.796,3,2,0
11.8,310.77,297.67,13.1,0.879,0,12490.3,0,0.23,0.396,11,1,2
55.51,351.07,316.71,34.35,0.835,0,24245.8,0,0.191,0.913,17,1,4
55.66,303.54,279.19,24.35,0.717,0,398.8,6,0.647,0.407,3,6,3
35.12,340.1,300.02,40.08,0.902,1,322.0,1,0.76,0.536,2,13,1
19.03,320.91,310.67,10.24,0.664,1,451.5,6,0.599,0.616,3,3,3
12.92,342.31,328.64,13.67,0.788,0,8958.2,0,0.242,0.363,6,1,2
6.64,310.87,308.46,2.41,0.525,0,12924.8,0,0.043,0.431,4,0,2
4.45,317.58,314.83,2.75,0.317,0,1623.3,0,0.082,0.219,1,1,5
31.84,332.13,312.72,19.41,0.604,0,901.7,6,0.794,0.615,4,0,3
5.68,337.79,321.27,16.52,0.752,0,9172.7,0,0.184,0.372,10,2,2
24.92,334.82,323.89,10.94,0.78,0,7569.8,0,0.08,0.35,6,2,2
21.94,357.1,314.21,42.88,0.938,1,96.1,1,0.744,0.31,7,15,1
55.05,344.78,325.65,19.13,0.883,0,227.1,2,0.18,0.707,4,3,0
5.0,305.24,291.27,13.97,0.687,0,14395.0,0,0.181,0.169,9,5,2
31.77,322.42,313.55,8.88,0.799,1,433.9,6,0.512,0.465,3,6,3
1.67,306.74,299.27,7.47,0.581,0,5039.9,7,0.152,0.305,2,0,5
5.36,325.3,309.63,15.67,0.684,0,5143.1,0,0.096,0.212,12,3,2
27.02,315.02,302.46,12.56,0.853,0,4558.3,0,0.111,0.416,4,0,2
6.73,309.77,300.85,8.92,0.81,0,5969.8,0,0.157,0.376,6,0,2
22.05,351.45,330.19,21.26,0.859,0,226.5,7,0.552,0.581,6,3,3
20.0,309.76,298.47,11.29,0.679,1,230.3,6,0.545,0.602,6,6,3
33.84,337.56,316.77,20.79,0.885,1,44.3,1,0.145,0.841,4,1,0
4.84,311.55,306.17,5.38,0.534,0,4728.7,0,0.028,0.092,1,0,5
68.3,349.84,324.97,24.87,0.91,1,34.1,1,0.213,0.863,4,4,0
26.52,323.67,305.18,18.5,0.707,1,119.8,6,0.407,0.445,7,3,3
14.76,320.05,313.2,6.84,0.606,1,8849.0,0,0.124,0.405,7,0,2
32.15,363.4,326.99,36.41,0.865,0,93.4,2,0.927,0.492,1,15,1
117.25,380.04,344.24,35.8,0.877,0,5266.7,0,0.137,0.845,11,1,4
8.58,313.46,306.4,7.06,0.589,0,3277.9,0,0.229,0.327,8,0,2
46.67,367.54,347.85,19.68,0.91,1,16.5,5,0.367,0.788,2,0,0
33.89,336.08,328.4,7.67,0.869,0,419.6,6,0.609,0.624,4,4,3
16.26,308.03,299.08,8.95,0.637,0,152.1,6,0.841,0.667,4,9,3
3.37,321.36,318.61,2.75,0.497,1,3888.4,0,0.136,0.392,1,1,5
14.87,360.96,339.01,21.95,0.884,1,147.3,1,0.668,0.416,3,15,1
10.3,320.07,307.68,12.39,0.775,0,12092.9,0,0.179,0.361,6,0,2
12.99,346.55,330.53,16.02,0.799,1,467.9,6,0.79,0.361,3,5,3
1.75,319.03,309.27,9.75,0.405,0,5851.8,7,0.282,0.242,2,0,5
12.84,362.32,329.33,33.0,0.843,1,8.5,1,0.97,0.281,1,12,1
26.16,356.71,312.05,44.66,0.989,0,86.7,2,0.828,0.208,3,14,1
9.26,368.35,326.6,41.74,0.838,0,118.4,1,0.662,0.241,2,13,1
17.58,329.53,313.99,15.54,0.666,0,360.9,6,0.608,0.523,3,3,3
2.61,294.39,288.69,5.7,0.431,0,1645.4,8,0.146,0.117,1,0,5
1.65,328.14,321.75,6.39,0.294,0,1770.5,0,0.141,0.19,2,1,5
12.27,305.35,297.25,8.1,0.523,0,12283.6,0,0.248,0.428,6,2,2
22.33,343.62,322.61,21.01,0.854,0,103.2,7,0.483,0.462,7,3,3
18.87,314.71,284.31,30.4,0.742,0,485.4,6,0.768,0.433,7,5,3
6.86,286.32,274.38,11.94,0.815,0,9860.7,0,0.09,0.41,5,3,2
18.69,343.83,304.87,38.95,0.953,1,63.7,1,0.681,0.301,3,13,1
16.99,338.05,325.85,12.2,0.71,0,6584.8,0,0.104,0.107,10,2,2
40.7,353.99,319.45,34.54,0.984,1,153.4,1,0.672,0.289,2,10,1
88.43,368.76,340.28,28.48,0.862,1,22748.9,0,0.463,0.777,10,0,4
5.81,310.34,302.46,7.88,0.638,0,5087.5,0,0.085,0.289,7,1,2
12.55,315.12,270.4,44.72,0.859,0,120.1,2,0.963,0.256,3,17,1
38.44,308.62,288.22,20.4,0.755,1,282.2,6,0.472,0.357,4,5,3
4.73,311.46,297.86,13.61,0.681,0,5386.5,0,0.145,0.235,9,0,2
8.88,323.84,305.44,18.39,0.704,1,2157.1,0,0.079,0.177,6,1,2
10.39,343.23,308.8,34.43,0.902,1,49.1,1,0.662,0.468,3,11,1
50.77,329.63,304.83,24.8,0.702,1,169.3,6,0.464,0.592,4,5,3
131.82,352.93,321.36,31.56,0.863,0,4914.5,0,0.488,0.668,8,3,4
37.38,348.13,331.12,17.01,0.706,1,82.3,3,0.18,0.833,3,2,0
10.01,310.11,301.83,8.28,0.685,0,4138.1,0,0.067,0.163,8,2,2
12.95,305.24,291.83,13.4,0.886,1,6092.9,0,0.212,0.404,5,1,2
13.4,343.22,310.76,32.46,0.889,1,391.4,1,0.806,0.498,2,13,1
60.24,365.28,331.38,33.9,0.854,0,24093.9,0,0.327,0.917,15,0,4
81.88,328.32,289.71,38.62,0.824,1,11369.0,0,0.379,0.656,11,1,4
6.87,300.47,295.06,5.41,0.59,1,3168.9,0,0.168,0.098,3,0,5
93.02,395.64,354.6,41.05,0.971,1,10864.3,0,0.44,0.777,16,0,4
31.0,376.87,337.98,38.89,0.945,1,31.0,1,0.853,0.265,3,16,1
32.47,348.56,334.94,13.62,0.919,0,331.2,6,0.699,0.698,5,4,3
8.17,330.01,315.87,14.14,0.66,0,10669.3,0,0.178,0.287,9,0,2
6.17,326.33,310.65,15.68,0.771,1,5689.4,0,0.123,0.331,10,3,2
22.79,346.58,320.53,26.05,0.726,1,237.2,3,0.378,0.813,3,2,0
9.34,301.43,293.69,7.74,0.553,1,3704.6,7,0.221,0.12,0,1,5
10.01,310.06,290.32,19.74,0.577,0,7110.2,0,0.063,0.417,11,0,2
42.62,362.24,337.69,24.54,0.91,1,104.9,2,0.259,0.851,2,0,0
5.85,299.21,295.66,3.55,0.519,1,7893.0,7,0.158,0.349,0,1,5
12.69,370.85,339.42,31.44,0.908,1,177.7,2,0.653,0.43,4,7,1
130.69,327.08,295.53,31.54,0.866,0,6492.7,0,0.476,0.822,14,0,4
8.24,291.22,280.87,10.35,0.216,0,1373.3,8,0.211,0.15,0,1,5
16.18,327.02,303.19,23.83,0.763,1,211.6,6,0.764,0.663,6,3,3
31.03,317.94,290.77,27.16,0.777,0,223.3,4,0.615,0.678,2,9,3
28.94,360.62,328.23,32.39,0.754,1,109.3,3,0.385,0.748,1,3,0
14.77,334.45,315.83,18.63,0.794,0,7466.8,0,0.13,0.177,6,5,2
95.02,369.34,331.27,38.07,0.871,1,22603.0,0,0.152,0.915,12,2,4
65.95,327.13,305.42,21.7,0.743,1,779.1,1,0.11,0.819,2,0,0
9.44,305.82,289.43,16.39,0.747,0,13316.7,0,0.15,0.409,6,1,2
103.53,323.7,287.1,36.59,0.861,0,4199.3,0,0.306,0.832,9,2,4
26.4,373.2,345.85,27.35,0.957,1,25.3,3,0.132,0.824,1,1,0
13.38,321.8,314.11,7.69,0.427,0,737.5,0,0.103,0.193,2,1,5
36.46,354.18,321.75,32.42,0.794,0,7.4,1,0.231,0.769,5,1,0
12.05,323.15,315.83,7.32,0.541,1,6664.0,0,0.18,0.26,8,2,2
8.86,351.95,325.09,26.86,0.867,0,14.1,3,0.946,0.47,2,18,1
26.14,337.29,321.93,15.36,0.719,0,379.5,6,0.762,0.53,4,8,3
88.68,405.36,387.03,18.33,0.939,0,24838.8,0,0.43,0.836,14,1,4
4.91,301.94,294.1,7.84,0.572,1,6417.4,0,0.122,0.173,7,0,2
29.32,358.33,327.52,30.82,0.962,1,72.4,2,0.829,0.54,3,13,1
19.7,307.45,288.08,19.37,0.621,1,13909.3,0,0.168,0.402,6,1,2
14.86,325.98,300.08,25.9,0.877,0,798.7,4,0.718,0.434,2,3,3
10.78,310.47,297.78,12.69,0.583,0,3296.3,0,0.077,0.417,10,3,2
93.48,389.17,364.85,24.33,0.787,1,12188.4,0,0.456,0.925,10,2,4
50.85,335.43,294.63,40.79,0.919,0,74.4,1,0.135,0.774,2,0,0
32.69,341.08,321.84,19.25,0.683,0,131.7,6,0.837,0.515,1,2,3
8.74,314.19,299.49,14.7,0.582,0,14494.8,0,0.179,0.249,5,1,2
21.46,362.69,333.49,29.2,0.861,0,97.9,2,0.876,0.282,3,11,1
5.44,312.86,302.44,10.42,0.541,1,8221.9,0,0.136,0.174,7,2,2
4.03,329.57,325.46,4.12,0.482,0,2083.5,0,0.131,0.078,2,1,5
10.11,327.7,310.38,17.31,0.676,0,12626.4,0,0.095,0.393,7,0,2
7.12,290.55,280.37,10.18,0.544,0,5500.0,0,0.059,0.118,0,2,5
2.81,321.41,315.09,6.32,0.721,0,13758.3,0,0.106,0.315,11,2,2
23.19,353.72,343.56,10.17,0.666,1,2169.7,6,0.492,0.538,8,3,3
52.98,360.31,336.25,24.06,0.852,0,14.4,3,0.203,0.93,5,2,0
125.05,392.16,362.86,29.3,0.755,0,22440.3,0,0.437,0.764,10,4,4
18.62,334.15,329.42,4.73,0.562,0,7854.4,0,0.079,0.321,7,2,2
82.14,359.25,337.46,21.78,0.808,1,18934.6,0,0.196,0.842,12,1,4
6.28,301.97,297.88,4.1,0.227,0,5506.5,0,0.208,0.284,0,1,5
14.8,368.17,335.67,32.5,0.895,1,40.9,3,0.938,0.267,2,15,1
10.83,322.47,312.54,9.93,0.609,0,7989.0,0,0.162,0.317,9,3,2
22.17,351.11,339.38,11.73,0.777,1,848.3,4,0.535,0.466,6,4,3
8.83,333.68,324.53,9.16,0.606,0,8699.2,0,0.205,0.213,10,1,2
93.18,370.68,337.45,33.22,0.975,1,4283.3,0,0.252,0.759,18,2,4
6.18,310.66,296.62,14.03,0.757,0,2371.0,0,0.064,0.263,13,1,2
27.6,307.7,291.63,16.07,0.755,1,1805.4,6,0.679,0.433,8,2,3
42.75,357.71,325.57,32.14,0.947,1,625.0,3,0.42,0.845,2,0,0
155.03,362.57,321.62,40.95,0.997,0,19072.9,0,0.471,0.8,17,1,4
20.57,328.25,310.82,17.44,0.889,0,700.2,6,0.42,0.514,3,4,3
9.73,326.97,303.47,23.5,0.845,0,327.8,6,0.654,0.541,5,7,3
1.07,311.88,302.95,8.93,0.502,1,2811.0,0,0.183,0.166,0,1,5
53.51,332.56,296.77,35.78,0.839,1,27.2,2,0.74,0.545,2,19,1
15.65,340.07,313.53,26.55,0.945,1,146.3,1,0.65,0.246,1,9,1
21.18,348.1,318.85,29.25,0.823,1,297.6,3,0.695,0.452,1,9,1
28.3,335.31,320.63,14.68,0.747,1,317.5,6,0.513,0.627,3,4,3
24.81,339.15,315.73,23.42,0.769,1,1016.7,6,0.595,0.598,6,4,3
24.75,357.15,314.52,42.63,0.992,1,99.5,1,0.923,0.232,1,14,1
31.1,351.88,319.88,32.0,0.854,0,35.0,1,0.125,0.918,2,4,0
5.85,305.3,292.42,12.88,0.89,0,12374.1,0,0.212,0.359,10,4,2
15.16,325.88,288.23,37.65,0.993,0,189.5,1,0.685,0.539,5,9,1
15.74,335.14,316.34,18.8,0.611,0,162.7,7,0.737,0.384,4,3,3
8.69,309.84,303.32,6.52,0.37,1,6342.4,0,0.082,0.105,0,0,5
66.64,369.43,341.48,27.95,0.796,0,137.5,5,0.091,0.964,4,3,0
43.23,319.93,287.23,32.7,0.979,0,143.5,2,0.311,0.772,3,3,0
101.65,354.96,322.59,32.37,0.977,0,6078.3,0,0.193,0.853,15,0,4
8.25,325.89,308.29,17.6,0.545,1,12546.3,0,0.093,0.267,9,1,2
76.62,366.01,330.13,35.88,0.984,0,15189.3,0,0.261,0.844,13,0,4
12.5,342.45,330.12,12.34,0.893,0,10926.1,0,0.147,0.267,7,0,2
4.71,328.74,316.03,12.72,0.836,0,9556.9,0,0.175,0.169,8,2,2
41.2,335.61,304.09,31.52,0.879,0,67.2,1,0.357,0.812,5,3,0
29.32,320.15,292.68,27.47,0.967,1,16.3,5,0.206,0.847,4,0,0
66.11,354.74,324.48,30.26,0.838,0,100.2,2,0.421,0.88,3,2,0
62.31,380.89,350.76,30.13,0.927,0,14687.4,0,0.459,0.904,10,1,4
95.44,370.42,341.38,29.03,0.977,1,8098.8,0,0.288,0.757,13,1,4
3.39,311.72,304.56,7.16,0.36,0,3962.3,0,0.263,0.231,1,0,5
27.13,400.74,375.57,25.17,0.95,1,130.9,7,0.366,0.955,4,1,0
38.18,335.37,311.65,23.72,0.998,1,112.9,3,0.318,0.754,4,1,0
10.06,312.32,303.08,9.25,0.542,0,9543.9,0,0.238,0.382,10,1,2
6.45,303.37,294.25,9.12,0.518,1,4985.6,7,0.039,0.353,3,0,5
8.89,303.66,299.2,4.46,0.678,0,8925.8,0,0.086,0.369,9,1,2
14.17,304.97,296.61,8.36,0.514,0,12777.5,0,0.187,0.318,7,0,2
14.69,321.18,310.86,10.32,0.638,0,3185.2,0,0.097,0.304,6,1,2
146.32,368.5,334.01,34.49,0.902,1,23824.4,0,0.336,0.686,9,0,4
65.99,317.47,295.58,21.88,0.838,1,8.4,7,0.283,0.923,5,0,0
20.04,364.29,334.73,29.56,0.926,0,162.5,1,0.912,0.478,2,17,1
6.99,325.77,310.38,15.39,0.55,0,4251.8,0,0.244,0.311,3,1,2
48.04,326.96,311.11,15.85,0.706,0,96.1,2,0.212,0.849,2,2,0
16.27,345.18,327.58,17.6,0.902,1,975.5,7,0.682,0.418,2,3,3
110.94,372.06,351.06,21.0,0.781,0,3242.3,0,0.19,0.873,10,2,4
109.0,352.15,325.29,26.85,0.811,1,9732.6,0,0.31,0.939,14,1,4
18.36,317.19,312.28,4.91,0.789,1,14868.1,0,0.161,0.345,7,3,2
28.79,340.76,305.85,34.91,0.961,1,81.9,1,0.82,0.277,2,9,1
15.7,315.99,304.41,11.58,0.505,0,5821.8,0,0.182,0.259,11,1,2
13.2,348.33,328.13,20.2,0.827,0,263.8,7,0.487,0.615,1,7,3
25.26,343.48,293.78,49.7,0.926,0,165.4,1,0.904,0.413,2,12,1
22.82,342.72,328.12,14.6,0.557,0,4955.1,0,0.178,0.308,8,4,2
44.07,345.61,320.39,25.22,0.945,0,134.9,1,0.098,0.843,1,1,0
17.06,335.51,317.23,18.28,0.58,0,4251.3,0,0.224,0.4,10,0,2
2.25,323.2,313.24,9.96,0.558,1,1156.2,8,0.268,0.099,1,0,5
27.12,323.0,312.89,10.11,0.628,0,8530.5,0,0.2,0.449,7,0,2
27.32,378.74,347.42,31.31,0.934,0,58.5,1,0.611,0.353,4,9,1
21.66,370.73,333.58,37.14,0.991,1,135.8,1,0.628,0.217,2,13,1
7.34,301.14,284.05,17.09,0.719,0,9440.5,0,0.199,0.445,5,2,2
98.01,401.74,368.68,33.06,0.954,0,21826.5,0,0.38,0.737,9,0,4
61.8,339.77,320.68,19.09,0.758,0,33.3,1,0.121,0.725,2,0,0
4.72,325.04,316.65,8.39,0.817,0,1796.4,0,0.113,0.442,8,2,2
29.71,339.39,315.08,24.32,0.904,1,26.3,1,0.267,0.924,1,2,0
22.06,348.17,321.42,26.75,0.834,1,95.4,2,0.974,0.393,1,7,1
7.66,304.34,295.22,9.12,0.543,0,1628.9,0,0.279,0.247,0,0,5
17.15,341.13,302.83,38.3,0.97,1,108.0,1,0.641,0.439,1,19,1
5.79,290.74,284.17,6.57,0.265,0,631.6,0,0.062,0.059,0,1,5
17.48,324.09,307.16,16.93,0.817,1,751.3,6,0.683,0.483,1,6,3
62.19,382.0,366.85,15.16,0.875,0,9860.1,0,0.154,0.751,14,0,4
59.18,378.37,369.91,8.46,0.878,1,17.0,3,0.275,0.887,3,3,0
9.2,303.47,297.9,5.57,0.402,1,2096.6,7,0.107,0.183,2,0,5
20.83,335.8,284.05,51.75,0.916,1,18.4,2,0.803,0.34,2,15,1
2.83,299.06,294.28,4.77,0.274,0,7286.9,0,0.281,0.079,2,1,5
17.19,315.37,299.58,15.8,0.538,0,12442.4,0,0.109,0.424,7,3,2
28.17,356.21,327.42,28.79,0.953,1,32.8,1,0.618,0.26,2,11,1
34.36,330.96,297.97,32.98,0.901,0,15.2,7,0.112,0.977,6,1,0
13.36,348.93,307.43,41.49,0.976,0,21.0,2,0.737,0.352,1,14,1
27.9,363.9,325.41,38.49,0.946,1,25.9,1,0.886,0.352,1,9,1
49.88,311.99,284.28,27.71,0.727,0,83.8,3,0.272,0.818,4,3,0
25.99,343.05,313.47,29.58,0.918,1,485.5,2,0.814,0.343,3,10,1
16.65,345.69,323.59,22.1,0.897,1,106.1,6,0.491,0.56,3,8,3
60.63,347.02,308.41,38.61,0.955,0,7717.4,0,0.478,0.763,17,1,4
7.99,353.56,342.32,11.24,0.545,0,12682.5,0,0.127,0.447,8,2,2
85.0,380.89,358.78,22.11,0.776,0,9374.6,0,0.273,0.657,14,1,4
27.82,320.32,285.87,34.44,0.925,0,152.7,5,0.24,0.965,2,7,0
9.88,329.9,316.38,13.52,0.769,0,9638.2,0,0.146,0.217,5,3,2
8.18,293.4,280.47,12.93,0.76,0,12262.5,0,0.054,0.113,11,1,2
19.19,317.29,308.13,9.16,0.697,0,7653.0,0,0.105,0.44,9,0,2
15.94,361.38,339.93,21.46,0.899,1,1.4,1,0.806,0.277,3,12,1
107.06,379.03,341.89,37.14,0.905,0,20598.5,0,0.113,0.716,18,0,4
38.0,359.35,334.27,25.08,0.801,1,118.7,3,0.252,0.971,4,1,0
7.78,325.01,320.41,4.6,0.24,1,5827.7,0,0.261,0.299,1,0,5
50.37,355.36,309.92,45.44,0.972,1,249.8,2,0.92,0.262,2,12,1
15.42,331.05,326.43,4.62,0.718,0,14405.5,0,0.104,0.26,4,3,2
19.7,345.04,329.62,15.42,0.73,0,10887.6,0,0.103,0.281,5,2,2
9.14,300.1,294.56,5.54,0.827,0,12272.4,0,0.024,0.364,12,0,2
1.86,301.08,294.34,6.74,0.204,0,2262.9,0,0.122,0.386,1,1,5
36.63,345.07,323.03,22.04,0.897,0,31.3,1,0.078,0.752,5,0,0
19.54,346.6,309.23,37.38,0.818,1,29.1,1,0.971,0.487,5,13,1
33.81,339.01,314.81,24.19,0.907,0,40.9,1,0.075,0.775,5,0,0
7.89,318.8,310.66,8.14,0.754,0,2958.9,0,0.041,0.231,7,0,2
6.26,310.84,306.2,4.64,0.559,0,3859.4,0,0.3,0.373,2,0,5
28.35,345.46,315.84,29.61,0.973,1,215.5,2,0.82,0.238,3,12,1
5.88,313.64,307.33,6.31,0.359,1,2857.3,0,0.282,0.229,0,1,5
10.83,352.44,310.34,42.1,0.931,1,97.1,1,0.924,0.247,3,12,1
25.38,330.82,308.64,22.18,0.938,0,15.3,1,0.256,0.814,1,2,0
41.12,321.23,282.8,38.43,0.908,0,366.0,2,0.226,0.719,6,0,0
6.94,319.73,311.23,8.49,0.592,0,7621.0,8,0.038,0.209,1,0,5
10.0,333.79,325.73,8.06,0.73,0,12934.3,0,0.141,0.176,3,0,2
14.74,316.06,306.1,9.95,0.649,0,7717.0,0,0.142,0.332,11,2,2
71.58,415.61,389.36,26.25,0.774,0,14391.9,0,0.172,0.798,8,1,4
3.71,324.3,310.7,13.6,0.751,1,1520.8,0,0.093,0.209,11,1,2
9.28,317.47,305.59,11.88,0.607,0,2700.0,0,0.139,0.146,10,0,2
4.83,305.27,294.1,11.17,0.656,0,4033.6,0,0.159,0.259,13,0,2
30.25,333.07,298.13,34.95,0.855,0,239.3,5,0.411,0.86,4,0,0
145.2,368.05,343.61,24.44,0.987,0,9936.5,0,0.184,0.919,14,1,4
7.41,306.48,291.86,14.62,0.73,0,11816.0,0,0.197,0.366,5,0,2
7.95,312.84,299.69,13.15,0.918,0,524.3,6,0.727,0.411,3,3,3
11.76,327.75,294.74,33.01,0.967,0,11.5,3,0.883,0.219,1,13,1
110.03,366.18,327.44,38.75,0.886,0,24054.9,0,0.185,0.868,10,2,4
7.92,297.28,289.86,7.43,0.508,0,3443.0,0,0.024,0.296,0,0,5
31.3,325.55,316.61,8.94,0.674,1,730.5,6,0.804,0.696,2,4,3
26.0,338.95,298.69,40.26,0.914,1,83.2,1,0.836,0.535,4,10,1
36.29,377.3,351.64,25.67,0.944,1,171.8,1,0.384,0.962,2,0,0
10.3,316.85,308.58,8.26,0.208,1,1956.3,0,0.03,0.196,0,2,5
10.21,340.23,309.09,31.14,0.958,0,70.2,1,0.964,0.401,1,12,1
54.15,330.78,308.57,22.21,0.752,1,46.4,5,0.162,0.88,4,0,0
6.82,327.06,322.26,4.8,0.29,1,7907.7,0,0.289,0.31,2,1,5
10.18,303.46,282.8,20.66,0.792,1,8300.6,0,0.102,0.191,10,1,2
13.79,306.91,293.76,13.16,0.761,0,11934.1,0,0.159,0.239,5,1,2
9.1,310.2,289.61,20.59,0.882,1,9177.7,0,0.082,0.141,8,1,2
73.1,379.52,336.77,42.75,0.889,0,21956.9,0,0.354,0.823,12,0,4
12.93,337.79,323.68,14.11,0.621,0,325.7,7,0.793,0.638,7,6,3
4.05,320.62,305.47,15.15,0.676,0,2038.9,0,0.182,0.432,9,0,2
16.6,312.6,285.13,27.47,0.87,1,572.5,6,0.661,0.568,3,5,3
81.0,350.76,333.54,17.22,0.834,0,554.8,1,0.419,0.819,4,2,0
74.52,369.27,344.28,24.99,0.903,1,13499.3,0,0.411,0.867,12,1,4
28.12,314.06,291.36,22.7,0.744,1,160.5,4,0.429,0.669,5,4,3
8.35,324.46,313.12,11.34,0.784,0,5343.8,0,0.024,0.203,14,3,2
13.96,323.86,310.19,13.67,0.708,0,14221.0,0,0.191,0.279,7,0,2
30.31,335.73,320.93,14.8,0.626,0,368.0,6,0.483,0.595,4,13,3
35.38,313.3,303.72,9.58,0.783,0,135.5,4,0.617,0.518,7,1,3
15.97,319.96,299.09,20.87,0.819,1,915.2,6,0.632,0.638,6,7,3
45.41,338.49,312.42,26.07,0.849,1,67.0,5,0.118,0.799,2,4,0
14.86,314.44,303.69,10.75,0.524,1,3621.1,0,0.064,0.352,0,0,5
8.37,298.26,287.97,10.29,0.294,1,5027.6,8,0.208,0.202,0,2,5
